{"level":"info","message":"[BOOTSTRAP] Uploads root: C:\\Users\\LOOK IMMO\\Desktop\\lOOK-IMMO.TN\\Look-Immo-API\\uploads","timestamp":"2026-09-26T10:39:39.504Z"}
{"level":"info","message":"[ExchangeRates] Cron job scheduled (every hour). Initial fetch in progress...","timestamp":"2026-09-26T10:39:39.573Z"}
{"apiBase":"http://localhost:5000/api","env":"development","health":"http://localhost:5000/health","level":"info","message":"Server started","port":"5000","timestamp":"2026-09-26T10:39:39.588Z","websockets":true}
{"level":"warn","message":"[REDIS] Could not reach Redis server. Caching disabled. Error:","timestamp":"2026-09-26T10:39:39.603Z"}
{"level":"info","message":"Client connected to socket:","timestamp":"2026-09-26T10:39:40.272Z"}
{"level":"info","message":"[ExchangeRates] ✅ Fetched fresh rates — USD: 0.3392, EUR: 0.2970","timestamp":"2026-09-26T10:39:40.612Z"}
{"hasAuthHeader":true,"hasCookie":true,"level":"debug","message":"auth check","requestId":"04afc679-1894-41af-a040-8ef93000c2ec","timestamp":"2026-09-26T10:40:10.263Z"}
{"level":"http","message":"GET /api/notifications/unread-count 304 -b - 155.521 ms","requestId":"04afc679-1894-41af-a040-8ef93000c2ec","timestamp":"2026-09-26T10:40:10.416Z"}
{"hasAuthHeader":true,"hasCookie":true,"level":"debug","message":"auth check","requestId":"c6c7c7b7-9461-4d4b-bcdf-78808b4d2bb8","timestamp":"2026-09-26T10:41:10.271Z"}
{"level":"http","message":"GET /api/notifications/unread-count 304 -b - 4.234 ms","requestId":"c6c7c7b7-9461-4d4b-bcdf-78808b4d2bb8","timestamp":"2026-09-26T10:41:10.274Z"}
{"hasAuthHeader":true,"hasCookie":true,"level":"debug","message":"auth check","requestId":"8553e444-e9c3-45ce-a9e9-6830da7b9cfb","timestamp":"2026-09-26T10:42:10.263Z"}
{"level":"http","message":"GET /api/notifications/unread-count 304 -b - 3.499 ms","requestId":"8553e444-e9c3-45ce-a9e9-6830da7b9cfb","timestamp":"2026-09-26T10:42:10.266Z"}
{"hasAuthHeader":true,"hasCookie":true,"level":"debug","message":"auth check","requestId":"223294f2-cd6d-4024-a947-fc38eed2b872","timestamp":"2026-09-26T10:43:10.260Z"}
{"level":"http","message":"GET /api/notifications/unread-count 304 -b - 5.109 ms","requestId":"223294f2-cd6d-4024-a947-fc38eed2b872","timestamp":"2026-09-26T10:43:10.266Z"}
{"hasAuthHeader":true,"hasCookie":true,"level":"debug","message":"auth check","requestId":"a5be1c90-2b85-4adc-bd60-648fb1c8d2a8","timestamp":"2026-09-26T10:44:10.266Z"}
{"level":"http","message":"GET /api/notifications/unread-count 304 -b - 3.468 ms","requestId":"a5be1c90-2b85-4adc-bd60-648fb1c8d2a8","timestamp":"2026-09-26T10:44:10.269Z"}
{"level":"info","message":"[AUDIT] Password reset successfully for user: test@example.com","timestamp":"2026-09-26T10:44:24.946Z"}
{"level":"info","message":"[BOOTSTRAP] Uploads root: C:\\Users\\LOOK IMMO\\Desktop\\lOOK-IMMO.TN\\Look-Immo-API\\uploads","timestamp":"2026-09-26T10:44:25.040Z"}
{"level":"info","message":"[BOOTSTRAP] Uploads root: C:\\Users\\LOOK IMMO\\Desktop\\lOOK-IMMO.TN\\Look-Immo-API\\uploads","timestamp":"2026-09-26T10:44:51.588Z"}
{"level":"info","message":"[AUDIT] Password reset successfully for user: test@example.com","timestamp":"2026-09-26T10:44:51.611Z"}
{"hasAuthHeader":true,"hasCookie":true,"level":"debug","message":"auth check","requestId":"de23d67e-6d2b-4ebb-a406-49a6757409c5","timestamp":"2026-09-26T10:45:10.268Z"}
{"level":"http","message":"GET /api/notifications/unread-count 304 -b - 3.314 ms","requestId":"de23d67e-6d2b-4ebb-a406-49a6757409c5","timestamp":"2026-09-26T10:45:10.271Z"}
{"hasAuthHeader":true,"hasCookie":true,"level":"debug","message":"auth check","requestId":"86642f34-96ce-490f-84e1-9c5fc6335888","timestamp":"2026-09-26T10:46:10.258Z"}
{"level":"http","message":"GET /api/notifications/unread-count 304 -b - 33.784 ms","requestId":"86642f34-96ce-490f-84e1-9c5fc6335888","timestamp":"2026-09-26T10:46:10.293Z"}
{"level":"info","message":"[BOOTSTRAP] Uploads root: C:\\Users\\LOOK IMMO\\Desktop\\lOOK-IMMO.TN\\Look-Immo-API\\uploads","timestamp":"2026-09-26T10:46:58.625Z"}
{"level":"info","message":"[ExchangeRates] Cron job scheduled (every hour). Initial fetch in progress...","timestamp":"2026-09-26T10:46:58.681Z"}
{"apiBase":"http://localhost:5000/api","env":"development","health":"http://localhost:5000/health","level":"info","message":"Server started","port":"5000","timestamp":"2026-09-26T10:46:58.684Z","websockets":true}
{"level":"warn","message":"[REDIS] Could not reach Redis server. Caching disabled. Error:","timestamp":"2026-09-26T10:46:58.696Z"}
{"level":"info","message":"[ExchangeRates] ✅ Fetched fresh rates — USD: 0.3392, EUR: 0.2970","timestamp":"2026-09-26T10:46:59.686Z"}
{"level":"info","message":"Client connected to socket:","timestamp":"2026-09-26T10:47:00.278Z"}
{"level":"info","message":"[BOOTSTRAP] Uploads root: C:\\Users\\LOOK IMMO\\Desktop\\lOOK-IMMO.TN\\Look-Immo-API\\uploads","timestamp":"2026-09-26T10:47:09.562Z"}
{"level":"info","message":"[ExchangeRates] Cron job scheduled (every hour). Initial fetch in progress...","timestamp":"2026-09-26T10:47:09.618Z"}
{"apiBase":"http://localhost:5000/api","env":"development","health":"http://localhost:5000/health","level":"info","message":"Server started","port":"5000","timestamp":"2026-09-26T10:47:09.621Z","websockets":true}
{"level":"warn","message":"[REDIS] Could not reach Redis server. Caching disabled. Error:","timestamp":"2026-09-26T10:47:09.634Z"}
{"level":"info","message":"[ExchangeRates] ✅ Fetched fresh rates — USD: 0.3392, EUR: 0.2970","timestamp":"2026-09-26T10:47:09.825Z"}
{"hasAuthHeader":true,"hasCookie":true,"level":"debug","message":"auth check","requestId":"cec48fa0-9e51-4da6-85e1-29757c25322e","timestamp":"2026-09-26T10:47:10.267Z"}
{"level":"info","message":"Client connected to socket:","timestamp":"2026-09-26T10:47:10.291Z"}
{"level":"http","message":"GET /api/notifications/unread-count 304 -b - 43.999 ms","requestId":"cec48fa0-9e51-4da6-85e1-29757c25322e","timestamp":"2026-09-26T10:47:10.308Z"}
{"level":"info","message":"[BOOTSTRAP] Uploads root: C:\\Users\\LOOK IMMO\\Desktop\\lOOK-IMMO.TN\\Look-Immo-API\\uploads","timestamp":"2026-09-26T10:47:31.342Z"}
{"level":"info","message":"[ExchangeRates] Cron job scheduled (every hour). Initial fetch in progress...","timestamp":"2026-09-26T10:47:31.389Z"}
{"apiBase":"http://localhost:5000/api","env":"development","health":"http://localhost:5000/health","level":"info","message":"Server started","port":"5000","timestamp":"2026-09-26T10:47:31.392Z","websockets":true}
{"level":"warn","message":"[REDIS] Could not reach Redis server. Caching disabled. Error:","timestamp":"2026-09-26T10:47:31.405Z"}
{"level":"info","message":"[ExchangeRates] ✅ Fetched fresh rates — USD: 0.3392, EUR: 0.2970","timestamp":"2026-09-26T10:47:31.588Z"}
{"level":"info","message":"Client connected to socket:","timestamp":"2026-09-26T10:47:37.266Z"}
{"level":"info","message":"[BOOTSTRAP] Uploads root: C:\\Users\\LOOK IMMO\\Desktop\\lOOK-IMMO.TN\\Look-Immo-API\\uploads","timestamp":"2026-09-26T10:47:39.028Z"}
{"level":"info","message":"[ExchangeRates] Cron job scheduled (every hour). Initial fetch in progress...","timestamp":"2026-09-26T10:47:39.075Z"}
{"apiBase":"http://localhost:5000/api","env":"development","health":"http://localhost:5000/health","level":"info","message":"Server started","port":"5000","timestamp":"2026-09-26T10:47:39.079Z","websockets":true}
{"level":"warn","message":"[REDIS] Could not reach Redis server. Caching disabled. Error:","timestamp":"2026-09-26T10:47:39.091Z"}
{"level":"info","message":"Client connected to socket:","timestamp":"2026-09-26T10:47:39.286Z"}
{"level":"info","message":"[ExchangeRates] ✅ Fetched fresh rates — USD: 0.3392, EUR: 0.2970","timestamp":"2026-09-26T10:47:39.290Z"}
{"level":"error","message":"[ANALYTICS] Error flushing website visits buffer:","stack":"Error: \n    at AbortSignal.listener (C:\\Users\\LOOK IMMO\\Desktop\\lOOK-IMMO.TN\\Look-Immo-API\\node_modules\\@redis\\client\\lib\\client\\commands-queue.ts:297:19)\n    at AbortSignal.[nodejs.internal.kHybridDispatch] (node:internal/event_target:843:20)\n    at AbortSignal.dispatchEvent (node:internal/event_target:776:26)\n    at runAbort (node:internal/abort_controller:488:10)\n    at abortSignal (node:internal/abort_controller:459:3)\n    at Timeout._onTimeout (node:internal/abort_controller:152:7)\n    at listOnTimeout (node:internal/timers:605:17)\n    at processTimers (node:internal/timers:541:7)","timestamp":"2026-09-26T10:48:05.051Z"}
{"hasAuthHeader":true,"hasCookie":true,"level":"debug","message":"auth check","requestId":"1b0902c2-3841-41cd-b9d0-461c0e81e738","timestamp":"2026-09-26T10:48:10.267Z"}
{"level":"http","message":"GET /api/notifications/unread-count 304 -b - 38.434 ms","requestId":"1b0902c2-3841-41cd-b9d0-461c0e81e738","timestamp":"2026-09-26T10:48:10.303Z"}
{"level":"error","message":"[ANALYTICS] Error flushing website visits buffer:","stack":"Error: \n    at AbortSignal.listener (C:\\Users\\LOOK IMMO\\Desktop\\lOOK-IMMO.TN\\Look-Immo-API\\node_modules\\@redis\\client\\lib\\client\\commands-queue.ts:297:19)\n    at AbortSignal.[nodejs.internal.kHybridDispatch] (node:internal/event_target:843:20)\n    at AbortSignal.dispatchEvent (node:internal/event_target:776:26)\n    at runAbort (node:internal/abort_controller:488:10)\n    at abortSignal (node:internal/abort_controller:459:3)\n    at Timeout._onTimeout (node:internal/abort_controller:152:7)\n    at listOnTimeout (node:internal/timers:605:17)\n    at processTimers (node:internal/timers:541:7)","timestamp":"2026-09-26T10:49:05.028Z"}
{"level":"info","message":"[AUDIT] Password reset successfully for user: test@example.com","timestamp":"2026-09-26T10:49:06.741Z"}
{"level":"info","message":"[BOOTSTRAP] Uploads root: C:\\Users\\LOOK IMMO\\Desktop\\lOOK-IMMO.TN\\Look-Immo-API\\uploads","timestamp":"2026-09-26T10:49:06.833Z"}
{"level":"debug","message":"[ANALYTICS] Flushed 2 visits to database.","timestamp":"2026-09-26T10:49:08.246Z"}
{"hasAuthHeader":true,"hasCookie":true,"level":"debug","message":"auth check","requestId":"59364618-a478-424d-93f8-b826ee9124fd","timestamp":"2026-09-26T10:49:10.262Z"}
{"level":"http","message":"GET /api/notifications/unread-count 304 -b - 2.960 ms","requestId":"59364618-a478-424d-93f8-b826ee9124fd","timestamp":"2026-09-26T10:49:10.265Z"}
{"hasAuthHeader":true,"hasCookie":true,"level":"debug","message":"auth check","requestId":"10f6be06-3a4a-4deb-b2e9-284ae00d4ec6","timestamp":"2026-09-26T10:50:03.927Z"}
{"hasAuthHeader":true,"hasCookie":true,"level":"debug","message":"auth check","requestId":"b7f105b8-c803-4ab5-849c-0bbeef8500ce","timestamp":"2026-09-26T10:50:03.929Z"}
{"level":"http","message":"GET /api/settings 304 -b - 12.363 ms","requestId":"74a49ef1-0a4e-44f1-ba5a-1b999a632d10","timestamp":"2026-09-26T10:50:03.936Z"}
{"level":"http","message":"GET /api/appointments 304 -b - 14.885 ms","requestId":"10f6be06-3a4a-4deb-b2e9-284ae00d4ec6","timestamp":"2026-09-26T10:50:03.943Z"}
{"level":"http","message":"GET /api/ratings 304 -b - 13.051 ms","requestId":"5369541b-1c8b-4f7b-8eb7-02e0f2afbdf4","timestamp":"2026-09-26T10:50:03.945Z"}
{"hasAuthHeader":true,"hasCookie":true,"level":"debug","message":"auth check","requestId":"33d74714-925b-4e97-8d12-9bbfd688f89b","timestamp":"2026-09-26T10:50:03.950Z"}
{"level":"http","message":"GET /api/messages 304 -b - 8.564 ms","requestId":"33d74714-925b-4e97-8d12-9bbfd688f89b","timestamp":"2026-09-26T10:50:03.958Z"}
{"level":"http","message":"GET /api/properties?noLimit=true 304 -b - 10.776 ms","requestId":"96398199-49df-437b-a3f5-2db342315ee7","timestamp":"2026-09-26T10:50:03.964Z"}
{"hasAuthHeader":true,"hasCookie":true,"level":"debug","message":"auth check","requestId":"55e13d77-9ee2-4430-b8c2-262485f5c872","timestamp":"2026-09-26T10:50:03.965Z"}
{"level":"http","message":"GET /api/properties?category=land&type=sale&isHotDeal=true&noLimit=true&excludeSold=true 304 -b - 11.206 ms","requestId":"3b80a5a8-bc87-4151-b21b-131d54e4ba3b","timestamp":"2026-09-26T10:50:03.967Z"}
{"level":"http","message":"GET /api/notifications/unread-count 304 -b - 3.723 ms","requestId":"55e13d77-9ee2-4430-b8c2-262485f5c872","timestamp":"2026-09-26T10:50:03.969Z"}
{"level":"http","message":"GET /api/locations 304 -b - 47.206 ms","requestId":"9dfb1f93-b0ef-4ef5-bbdc-41092c11466c","timestamp":"2026-09-26T10:50:03.971Z"}
{"level":"http","message":"GET /api/blog?limit=1000 304 -b - 80.948 ms","requestId":"98e0f43b-40e1-4182-a132-73fd94098c1d","timestamp":"2026-09-26T10:50:04.007Z"}
{"level":"http","message":"GET /api/users 304 -b - 80.300 ms","requestId":"b7f105b8-c803-4ab5-849c-0bbeef8500ce","timestamp":"2026-09-26T10:50:04.009Z"}
{"level":"error","message":"[ANALYTICS] Error flushing website visits buffer:","stack":"Error: \n    at AbortSignal.listener (C:\\Users\\LOOK IMMO\\Desktop\\lOOK-IMMO.TN\\Look-Immo-API\\node_modules\\@redis\\client\\lib\\client\\commands-queue.ts:297:19)\n    at AbortSignal.[nodejs.internal.kHybridDispatch] (node:internal/event_target:843:20)\n    at AbortSignal.dispatchEvent (node:internal/event_target:776:26)\n    at runAbort (node:internal/abort_controller:488:10)\n    at abortSignal (node:internal/abort_controller:459:3)\n    at Timeout._onTimeout (node:internal/abort_controller:152:7)\n    at listOnTimeout (node:internal/timers:605:17)\n    at processTimers (node:internal/timers:541:7)","timestamp":"2026-09-26T10:50:05.030Z"}
{"level":"info","message":"[BOOTSTRAP] Uploads root: C:\\Users\\LOOK IMMO\\Desktop\\lOOK-IMMO.TN\\Look-Immo-API\\uploads","timestamp":"2026-09-26T10:50:16.505Z"}
{"level":"info","message":"[ExchangeRates] Cron job scheduled (every hour). Initial fetch in progress...","timestamp":"2026-09-26T10:50:16.562Z"}
{"apiBase":"http://localhost:5000/api","env":"development","health":"http://localhost:5000/health","level":"info","message":"Server started","port":"5000","timestamp":"2026-09-26T10:50:16.566Z","websockets":true}
{"level":"warn","message":"[REDIS] Could not reach Redis server. Caching disabled. Error:","timestamp":"2026-09-26T10:50:16.579Z"}
{"level":"info","message":"[ExchangeRates] ✅ Fetched fresh rates — USD: 0.3392, EUR: 0.2970","timestamp":"2026-09-26T10:50:16.770Z"}
{"level":"info","message":"Client connected to socket:","timestamp":"2026-09-26T10:50:17.287Z"}
{"level":"info","message":"[BOOTSTRAP] Uploads root: C:\\Users\\LOOK IMMO\\Desktop\\lOOK-IMMO.TN\\Look-Immo-API\\uploads","timestamp":"2026-09-26T10:50:24.684Z"}
{"level":"info","message":"[ExchangeRates] Cron job scheduled (every hour). Initial fetch in progress...","timestamp":"2026-09-26T10:50:24.744Z"}
{"apiBase":"http://localhost:5000/api","env":"development","health":"http://localhost:5000/health","level":"info","message":"Server started","port":"5000","timestamp":"2026-09-26T10:50:24.748Z","websockets":true}
{"level":"warn","message":"[REDIS] Could not reach Redis server. Caching disabled. Error:","timestamp":"2026-09-26T10:50:24.763Z"}
{"level":"info","message":"[ExchangeRates] ✅ Fetched fresh rates — USD: 0.3392, EUR: 0.2970","timestamp":"2026-09-26T10:50:24.926Z"}
{"level":"info","message":"Client connected to socket:","timestamp":"2026-09-26T10:50:25.285Z"}
{"level":"info","message":"[BOOTSTRAP] Uploads root: C:\\Users\\LOOK IMMO\\Desktop\\lOOK-IMMO.TN\\Look-Immo-API\\uploads","timestamp":"2026-09-26T10:50:46.419Z"}
{"level":"info","message":"[ExchangeRates] Cron job scheduled (every hour). Initial fetch in progress...","timestamp":"2026-09-26T10:50:46.474Z"}
{"apiBase":"http://localhost:5000/api","env":"development","health":"http://localhost:5000/health","level":"info","message":"Server started","port":"5000","timestamp":"2026-09-26T10:50:46.478Z","websockets":true}
{"level":"warn","message":"[REDIS] Could not reach Redis server. Caching disabled. Error:","timestamp":"2026-09-26T10:50:46.492Z"}
{"level":"info","message":"[ExchangeRates] ✅ Fetched fresh rates — USD: 0.3392, EUR: 0.2970","timestamp":"2026-09-26T10:50:46.670Z"}
{"level":"info","message":"Client connected to socket:","timestamp":"2026-09-26T10:50:47.279Z"}
{"hasAuthHeader":true,"hasCookie":true,"level":"debug","message":"auth check","requestId":"9fec61ae-a2b5-4028-a7d5-eb01584cc47c","timestamp":"2026-09-26T10:51:01.252Z"}
{"level":"http","message":"GET /api/notifications/unread-count 304 -b - 36.605 ms","requestId":"9fec61ae-a2b5-4028-a7d5-eb01584cc47c","timestamp":"2026-09-26T10:51:01.287Z"}
{"level":"error","message":"[ANALYTICS] Error flushing website visits buffer:","stack":"Error: \n    at AbortSignal.listener (C:\\Users\\LOOK IMMO\\Desktop\\lOOK-IMMO.TN\\Look-Immo-API\\node_modules\\@redis\\client\\lib\\client\\commands-queue.ts:297:19)\n    at AbortSignal.[nodejs.internal.kHybridDispatch] (node:internal/event_target:843:20)\n    at AbortSignal.dispatchEvent (node:internal/event_target:776:26)\n    at runAbort (node:internal/abort_controller:488:10)\n    at abortSignal (node:internal/abort_controller:459:3)\n    at Timeout._onTimeout (node:internal/abort_controller:152:7)\n    at listOnTimeout (node:internal/timers:605:17)\n    at processTimers (node:internal/timers:541:7)","timestamp":"2026-09-26T10:51:05.033Z"}
{"level":"debug","message":"[ANALYTICS] Flushed 2 visits to database.","timestamp":"2026-09-26T10:51:09.802Z"}
{"level":"info","message":"[AUDIT] Password reset successfully for user: test@example.com","timestamp":"2026-09-26T10:51:09.863Z"}
{"level":"info","message":"[BOOTSTRAP] Uploads root: C:\\Users\\LOOK IMMO\\Desktop\\lOOK-IMMO.TN\\Look-Immo-API\\uploads","timestamp":"2026-09-26T10:51:09.862Z"}
{"level":"error","message":"[ANALYTICS] Error flushing website visits buffer:","stack":"Error: \n    at AbortSignal.listener (C:\\Users\\LOOK IMMO\\Desktop\\lOOK-IMMO.TN\\Look-Immo-API\\node_modules\\@redis\\client\\lib\\client\\commands-queue.ts:297:19)\n    at AbortSignal.[nodejs.internal.kHybridDispatch] (node:internal/event_target:843:20)\n    at AbortSignal.dispatchEvent (node:internal/event_target:776:26)\n    at runAbort (node:internal/abort_controller:488:10)\n    at abortSignal (node:internal/abort_controller:459:3)\n    at Timeout._onTimeout (node:internal/abort_controller:152:7)\n    at listOnTimeout (node:internal/timers:605:17)\n    at processTimers (node:internal/timers:541:7)","timestamp":"2026-09-26T10:52:05.014Z"}
{"hasAuthHeader":true,"hasCookie":true,"level":"debug","message":"auth check","requestId":"a75cb92b-adc0-4d3c-9fa1-6d78bc5bce8e","timestamp":"2026-09-26T10:52:10.268Z"}
{"level":"http","message":"GET /api/notifications/unread-count 304 -b - 5.036 ms","requestId":"a75cb92b-adc0-4d3c-9fa1-6d78bc5bce8e","timestamp":"2026-09-26T10:52:10.272Z"}
{"level":"info","message":"[BOOTSTRAP] Uploads root: C:\\Users\\LOOK IMMO\\Desktop\\lOOK-IMMO.TN\\Look-Immo-API\\uploads","timestamp":"2026-09-26T10:52:48.247Z"}
{"level":"info","message":"[ExchangeRates] Cron job scheduled (every hour). Initial fetch in progress...","timestamp":"2026-09-26T10:52:48.302Z"}
{"apiBase":"http://localhost:5000/api","env":"development","health":"http://localhost:5000/health","level":"info","message":"Server started","port":"5000","timestamp":"2026-09-26T10:52:48.305Z","websockets":true}
{"level":"warn","message":"[REDIS] Could not reach Redis server. Caching disabled. Error:","timestamp":"2026-09-26T10:52:48.322Z"}
{"level":"info","message":"[ExchangeRates] ✅ Fetched fresh rates — USD: 0.3392, EUR: 0.2970","timestamp":"2026-09-26T10:52:48.771Z"}
{"level":"info","message":"Client connected to socket:","timestamp":"2026-09-26T10:52:49.283Z"}
{"level":"error","message":"[ANALYTICS] Error flushing website visits buffer:","stack":"Error: \n    at AbortSignal.listener (C:\\Users\\LOOK IMMO\\Desktop\\lOOK-IMMO.TN\\Look-Immo-API\\node_modules\\@redis\\client\\lib\\client\\commands-queue.ts:297:19)\n    at AbortSignal.[nodejs.internal.kHybridDispatch] (node:internal/event_target:843:20)\n    at AbortSignal.dispatchEvent (node:internal/event_target:776:26)\n    at runAbort (node:internal/abort_controller:488:10)\n    at abortSignal (node:internal/abort_controller:459:3)\n    at Timeout._onTimeout (node:internal/abort_controller:152:7)\n    at listOnTimeout (node:internal/timers:605:17)\n    at processTimers (node:internal/timers:541:7)","timestamp":"2026-09-26T10:53:05.038Z"}
{"hasAuthHeader":true,"hasCookie":true,"level":"debug","message":"auth check","requestId":"a8e2b5d0-b388-427a-9b0c-47d7284e3583","timestamp":"2026-09-26T10:53:10.266Z"}
{"level":"http","message":"GET /api/notifications/unread-count 304 -b - 38.161 ms","requestId":"a8e2b5d0-b388-427a-9b0c-47d7284e3583","timestamp":"2026-09-26T10:53:10.301Z"}
{"level":"error","message":"[ANALYTICS] Error flushing website visits buffer:","stack":"Error: \n    at AbortSignal.listener (C:\\Users\\LOOK IMMO\\Desktop\\lOOK-IMMO.TN\\Look-Immo-API\\node_modules\\@redis\\client\\lib\\client\\commands-queue.ts:297:19)\n    at AbortSignal.[nodejs.internal.kHybridDispatch] (node:internal/event_target:843:20)\n    at AbortSignal.dispatchEvent (node:internal/event_target:776:26)\n    at runAbort (node:internal/abort_controller:488:10)\n    at abortSignal (node:internal/abort_controller:459:3)\n    at Timeout._onTimeout (node:internal/abort_controller:152:7)\n    at listOnTimeout (node:internal/timers:605:17)\n    at processTimers (node:internal/timers:541:7)","timestamp":"2026-09-26T10:54:05.035Z"}
{"hasAuthHeader":true,"hasCookie":true,"level":"debug","message":"auth check","requestId":"5aa36c37-9032-4eca-951c-660f7e6d73cf","timestamp":"2026-09-26T10:54:10.256Z"}
{"level":"http","message":"GET /api/notifications/unread-count 304 -b - 3.238 ms","requestId":"5aa36c37-9032-4eca-951c-660f7e6d73cf","timestamp":"2026-09-26T10:54:10.259Z"}
{"level":"info","message":"[BOOTSTRAP] Uploads root: C:\\Users\\LOOK IMMO\\Desktop\\lOOK-IMMO.TN\\Look-Immo-API\\uploads","timestamp":"2026-09-26T10:55:03.830Z"}
{"level":"info","message":"[ExchangeRates] Cron job scheduled (every hour). Initial fetch in progress...","timestamp":"2026-09-26T10:55:03.887Z"}
{"apiBase":"http://localhost:5000/api","env":"development","health":"http://localhost:5000/health","level":"info","message":"Server started","port":"5000","timestamp":"2026-09-26T10:55:03.891Z","websockets":true}
{"level":"warn","message":"[REDIS] Could not reach Redis server. Caching disabled. Error:","timestamp":"2026-09-26T10:55:03.903Z"}
{"level":"info","message":"[ExchangeRates] ✅ Fetched fresh rates — USD: 0.3392, EUR: 0.2970","timestamp":"2026-09-26T10:55:04.073Z"}
{"level":"info","message":"Client connected to socket:","timestamp":"2026-09-26T10:55:04.268Z"}
{"hasAuthHeader":true,"hasCookie":true,"level":"debug","message":"auth check","requestId":"485ea1e6-8054-4536-a73e-5e8f127a1a55","timestamp":"2026-09-26T10:55:10.260Z"}
{"level":"http","message":"GET /api/notifications/unread-count 304 -b - 38.593 ms","requestId":"485ea1e6-8054-4536-a73e-5e8f127a1a55","timestamp":"2026-09-26T10:55:10.296Z"}
{"level":"info","message":"[BOOTSTRAP] Uploads root: C:\\Users\\LOOK IMMO\\Desktop\\lOOK-IMMO.TN\\Look-Immo-API\\uploads","timestamp":"2026-09-26T10:55:17.313Z"}
{"level":"info","message":"[ExchangeRates] Cron job scheduled (every hour). Initial fetch in progress...","timestamp":"2026-09-26T10:55:17.387Z"}
{"apiBase":"http://localhost:5000/api","env":"development","health":"http://localhost:5000/health","level":"info","message":"Server started","port":"5000","timestamp":"2026-09-26T10:55:17.390Z","websockets":true}
{"level":"warn","message":"[REDIS] Could not reach Redis server. Caching disabled. Error:","timestamp":"2026-09-26T10:55:17.404Z"}
{"level":"info","message":"[ExchangeRates] ✅ Fetched fresh rates — USD: 0.3392, EUR: 0.2970","timestamp":"2026-09-26T10:55:17.580Z"}
{"level":"info","message":"Client connected to socket:","timestamp":"2026-09-26T10:55:18.266Z"}
{"level":"info","message":"[BOOTSTRAP] Uploads root: C:\\Users\\LOOK IMMO\\Desktop\\lOOK-IMMO.TN\\Look-Immo-API\\uploads","timestamp":"2026-09-26T10:55:33.624Z"}
{"level":"info","message":"[ExchangeRates] Cron job scheduled (every hour). Initial fetch in progress...","timestamp":"2026-09-26T10:55:33.676Z"}
{"apiBase":"http://localhost:5000/api","env":"development","health":"http://localhost:5000/health","level":"info","message":"Server started","port":"5000","timestamp":"2026-09-26T10:55:33.680Z","websockets":true}
{"level":"warn","message":"[REDIS] Could not reach Redis server. Caching disabled. Error:","timestamp":"2026-09-26T10:55:33.694Z"}
{"level":"info","message":"[ExchangeRates] ✅ Fetched fresh rates — USD: 0.3392, EUR: 0.2970","timestamp":"2026-09-26T10:55:33.882Z"}
{"level":"info","message":"Client connected to socket:","timestamp":"2026-09-26T10:55:38.272Z"}
{"level":"error","message":"[ANALYTICS] Error flushing website visits buffer:","stack":"Error: \n    at AbortSignal.listener (C:\\Users\\LOOK IMMO\\Desktop\\lOOK-IMMO.TN\\Look-Immo-API\\node_modules\\@redis\\client\\lib\\client\\commands-queue.ts:297:19)\n    at AbortSignal.[nodejs.internal.kHybridDispatch] (node:internal/event_target:843:20)\n    at AbortSignal.dispatchEvent (node:internal/event_target:776:26)\n    at runAbort (node:internal/abort_controller:488:10)\n    at abortSignal (node:internal/abort_controller:459:3)\n    at Timeout._onTimeout (node:internal/abort_controller:152:7)\n    at listOnTimeout (node:internal/timers:605:17)\n    at processTimers (node:internal/timers:541:7)","timestamp":"2026-09-26T10:56:05.018Z"}
{"hasAuthHeader":true,"hasCookie":true,"level":"debug","message":"auth check","requestId":"b69de6ac-f44b-4781-ab97-e7b314beb871","timestamp":"2026-09-26T10:56:10.265Z"}
{"level":"http","message":"GET /api/notifications/unread-count 304 -b - 156.358 ms","requestId":"b69de6ac-f44b-4781-ab97-e7b314beb871","timestamp":"2026-09-26T10:56:10.419Z"}
{"level":"info","message":"[BOOTSTRAP] Uploads root: C:\\Users\\LOOK IMMO\\Desktop\\lOOK-IMMO.TN\\Look-Immo-API\\uploads","timestamp":"2026-09-26T10:56:26.693Z"}
{"level":"info","message":"[ExchangeRates] Cron job scheduled (every hour). Initial fetch in progress...","timestamp":"2026-09-26T10:56:26.756Z"}
{"apiBase":"http://localhost:5000/api","env":"development","health":"http://localhost:5000/health","level":"info","message":"Server started","port":"5000","timestamp":"2026-09-26T10:56:26.761Z","websockets":true}
{"level":"warn","message":"[REDIS] Could not reach Redis server. Caching disabled. Error:","timestamp":"2026-09-26T10:56:26.775Z"}
{"level":"info","message":"[ExchangeRates] ✅ Fetched fresh rates — USD: 0.3392, EUR: 0.2970","timestamp":"2026-09-26T10:56:26.918Z"}
{"level":"info","message":"Client connected to socket:","timestamp":"2026-09-26T10:56:32.281Z"}
{"hasAuthHeader":false,"hasCookie":false,"level":"debug","message":"auth check","requestId":"615cc2ef-7f86-4fcf-ba63-219c73afd77d","timestamp":"2026-09-26T10:56:35.227Z"}
{"level":"http","message":"GET /api/auth/me 401 35b - 5.832 ms","requestId":"615cc2ef-7f86-4fcf-ba63-219c73afd77d","timestamp":"2026-09-26T10:56:35.230Z"}
{"level":"http","message":"POST /api/stats/track-visit 200 31b - 14.449 ms","requestId":"f8b90b6d-8ce0-414f-ab0e-0f390e8c23c5","timestamp":"2026-09-26T10:56:35.258Z"}
{"level":"http","message":"POST /api/stats/track-visit 200 31b - 0.884 ms","requestId":"83570510-803b-4abe-8344-82a4b91546d3","timestamp":"2026-09-26T10:56:35.266Z"}
{"hasAuthHeader":false,"hasCookie":false,"level":"debug","message":"auth check","requestId":"64810920-5120-47c0-8f06-1648ddde4b13","timestamp":"2026-09-26T10:56:35.272Z"}
{"level":"http","message":"GET /api/auth/me 401 35b - 1.035 ms","requestId":"64810920-5120-47c0-8f06-1648ddde4b13","timestamp":"2026-09-26T10:56:35.273Z"}
{"level":"http","message":"POST /api/auth/refresh 401 28b - 0.687 ms","requestId":"bcc57ab3-7d21-4218-854b-e0b4952b9c27","timestamp":"2026-09-26T10:56:35.281Z"}
{"level":"http","message":"POST /api/auth/logout 200 37b - 1.827 ms","requestId":"e1ae1c3b-7d3f-46ca-82f0-78ab97cb6f90","timestamp":"2026-09-26T10:56:35.293Z"}
{"level":"http","message":"GET /api/blog?limit=1000 304 -b - 71.952 ms","requestId":"5c5cf615-2724-48c6-9a44-ec87cfe4d439","timestamp":"2026-09-26T10:56:35.315Z"}
{"level":"http","message":"GET /api/ratings 304 -b - 56.537 ms","requestId":"820b8541-b369-45e1-b072-4cd0d3bcff6e","timestamp":"2026-09-26T10:56:35.319Z"}
{"level":"http","message":"POST /api/auth/logout 200 37b - 0.656 ms","requestId":"0e77b960-b4bf-4ba8-928b-128178139046","timestamp":"2026-09-26T10:56:35.323Z"}
{"level":"http","message":"GET /api/settings 304 -b - 86.094 ms","requestId":"f9eeb253-2250-4c46-a22d-6a4bfd727696","timestamp":"2026-09-26T10:56:35.325Z"}
{"level":"http","message":"GET /api/locations 304 -b - 97.041 ms","requestId":"3d3e3697-92da-4f01-a559-18dc942c5ca4","timestamp":"2026-09-26T10:56:35.338Z"}
{"level":"http","message":"GET /api/properties?page=1&limit=24&excludeSold=true 304 -b - 201.155 ms","requestId":"5a364006-2fa4-4eb9-8feb-37ef37afb765","timestamp":"2026-09-26T10:56:35.435Z"}
{"level":"error","message":"[ANALYTICS] Error flushing website visits buffer:","stack":"Error: \n    at AbortSignal.listener (C:\\Users\\LOOK IMMO\\Desktop\\lOOK-IMMO.TN\\Look-Immo-API\\node_modules\\@redis\\client\\lib\\client\\commands-queue.ts:297:19)\n    at AbortSignal.[nodejs.internal.kHybridDispatch] (node:internal/event_target:843:20)\n    at AbortSignal.dispatchEvent (node:internal/event_target:776:26)\n    at runAbort (node:internal/abort_controller:488:10)\n    at abortSignal (node:internal/abort_controller:459:3)\n    at Timeout._onTimeout (node:internal/abort_controller:152:7)\n    at listOnTimeout (node:internal/timers:605:17)\n    at processTimers (node:internal/timers:541:7)","timestamp":"2026-09-26T10:57:05.027Z"}
{"hasAuthHeader":true,"hasCookie":true,"level":"debug","message":"auth check","requestId":"71ac040d-4ba3-4e35-924a-661160a3f44c","timestamp":"2026-09-26T10:57:10.269Z"}
{"level":"http","message":"GET /api/notifications/unread-count 304 -b - 4.673 ms","requestId":"71ac040d-4ba3-4e35-924a-661160a3f44c","timestamp":"2026-09-26T10:57:10.273Z"}
{"level":"info","message":"[BOOTSTRAP] Uploads root: C:\\Users\\LOOK IMMO\\Desktop\\lOOK-IMMO.TN\\Look-Immo-API\\uploads","timestamp":"2026-09-26T10:57:25.393Z"}
{"level":"info","message":"[ExchangeRates] Cron job scheduled (every hour). Initial fetch in progress...","timestamp":"2026-09-26T10:57:25.448Z"}
{"apiBase":"http://localhost:5000/api","env":"development","health":"http://localhost:5000/health","level":"info","message":"Server started","port":"5000","timestamp":"2026-09-26T10:57:25.452Z","websockets":true}
{"level":"warn","message":"[REDIS] Could not reach Redis server. Caching disabled. Error:","timestamp":"2026-09-26T10:57:25.464Z"}
{"level":"info","message":"[ExchangeRates] ✅ Fetched fresh rates — USD: 0.3392, EUR: 0.2970","timestamp":"2026-09-26T10:57:25.688Z"}
{"level":"info","message":"Client connected to socket:","timestamp":"2026-09-26T10:57:26.268Z"}
{"level":"info","message":"[BOOTSTRAP] Uploads root: C:\\Users\\LOOK IMMO\\Desktop\\lOOK-IMMO.TN\\Look-Immo-API\\uploads","timestamp":"2026-09-26T10:57:46.175Z"}
{"level":"info","message":"[ExchangeRates] Cron job scheduled (every hour). Initial fetch in progress...","timestamp":"2026-09-26T10:57:46.226Z"}
{"apiBase":"http://localhost:5000/api","env":"development","health":"http://localhost:5000/health","level":"info","message":"Server started","port":"5000","timestamp":"2026-09-26T10:57:46.229Z","websockets":true}
{"level":"warn","message":"[REDIS] Could not reach Redis server. Caching disabled. Error:","timestamp":"2026-09-26T10:57:46.243Z"}
{"level":"info","message":"[ExchangeRates] ✅ Fetched fresh rates — USD: 0.3392, EUR: 0.2970","timestamp":"2026-09-26T10:57:46.400Z"}
{"level":"info","message":"Client connected to socket:","timestamp":"2026-09-26T10:57:47.268Z"}
{"level":"info","message":"[BOOTSTRAP] Uploads root: C:\\Users\\LOOK IMMO\\Desktop\\lOOK-IMMO.TN\\Look-Immo-API\\uploads","timestamp":"2026-09-26T10:58:04.326Z"}
{"level":"info","message":"[ExchangeRates] Cron job scheduled (every hour). Initial fetch in progress...","timestamp":"2026-09-26T10:58:04.382Z"}
{"apiBase":"http://localhost:5000/api","env":"development","health":"http://localhost:5000/health","level":"info","message":"Server started","port":"5000","timestamp":"2026-09-26T10:58:04.386Z","websockets":true}
{"level":"warn","message":"[REDIS] Could not reach Redis server. Caching disabled. Error:","timestamp":"2026-09-26T10:58:04.399Z"}
{"level":"info","message":"[ExchangeRates] ✅ Fetched fresh rates — USD: 0.3392, EUR: 0.2970","timestamp":"2026-09-26T10:58:04.590Z"}
{"level":"info","message":"[BOOTSTRAP] Uploads root: C:\\Users\\LOOK IMMO\\Desktop\\lOOK-IMMO.TN\\Look-Immo-API\\uploads","timestamp":"2026-09-26T10:58:06.382Z"}
{"level":"info","message":"[ExchangeRates] Cron job scheduled (every hour). Initial fetch in progress...","timestamp":"2026-09-26T10:58:06.444Z"}
{"apiBase":"http://localhost:5000/api","env":"development","health":"http://localhost:5000/health","level":"info","message":"Server started","port":"5000","timestamp":"2026-09-26T10:58:06.448Z","websockets":true}
{"level":"warn","message":"[REDIS] Could not reach Redis server. Caching disabled. Error:","timestamp":"2026-09-26T10:58:06.462Z"}
{"level":"info","message":"[ExchangeRates] ✅ Fetched fresh rates — USD: 0.3392, EUR: 0.2970","timestamp":"2026-09-26T10:58:06.640Z"}
{"level":"info","message":"Client connected to socket:","timestamp":"2026-09-26T10:58:08.268Z"}
{"hasAuthHeader":true,"hasCookie":true,"level":"debug","message":"auth check","requestId":"c47a2cc3-8b31-4def-91f0-ffb86e05ca9c","timestamp":"2026-09-26T10:58:10.270Z"}
{"level":"http","message":"GET /api/notifications/unread-count 304 -b - 150.376 ms","requestId":"c47a2cc3-8b31-4def-91f0-ffb86e05ca9c","timestamp":"2026-09-26T10:58:10.418Z"}
{"level":"info","message":"[BOOTSTRAP] Uploads root: C:\\Users\\LOOK IMMO\\Desktop\\lOOK-IMMO.TN\\Look-Immo-API\\uploads","timestamp":"2026-09-26T10:58:49.321Z"}
{"level":"info","message":"[ExchangeRates] Cron job scheduled (every hour). Initial fetch in progress...","timestamp":"2026-09-26T10:58:49.377Z"}
{"apiBase":"http://localhost:5000/api","env":"development","health":"http://localhost:5000/health","level":"info","message":"Server started","port":"5000","timestamp":"2026-09-26T10:58:49.380Z","websockets":true}
{"level":"warn","message":"[REDIS] Could not reach Redis server. Caching disabled. Error:","timestamp":"2026-09-26T10:58:49.398Z"}
{"level":"info","message":"[ExchangeRates] ✅ Fetched fresh rates — USD: 0.3392, EUR: 0.2970","timestamp":"2026-09-26T10:58:49.541Z"}
{"level":"info","message":"Client connected to socket:","timestamp":"2026-09-26T10:58:50.286Z"}
{"level":"error","message":"[ANALYTICS] Error flushing website visits buffer:","stack":"Error: \n    at AbortSignal.listener (C:\\Users\\LOOK IMMO\\Desktop\\lOOK-IMMO.TN\\Look-Immo-API\\node_modules\\@redis\\client\\lib\\client\\commands-queue.ts:297:19)\n    at AbortSignal.[nodejs.internal.kHybridDispatch] (node:internal/event_target:843:20)\n    at AbortSignal.dispatchEvent (node:internal/event_target:776:26)\n    at runAbort (node:internal/abort_controller:488:10)\n    at abortSignal (node:internal/abort_controller:459:3)\n    at Timeout._onTimeout (node:internal/abort_controller:152:7)\n    at listOnTimeout (node:internal/timers:605:17)\n    at processTimers (node:internal/timers:541:7)","timestamp":"2026-09-26T10:59:05.023Z"}
{"hasAuthHeader":true,"hasCookie":true,"level":"debug","message":"auth check","requestId":"cc4b026e-9d08-497f-be10-cb03ce8e4d90","timestamp":"2026-09-26T10:59:10.263Z"}
{"level":"http","message":"GET /api/notifications/unread-count 304 -b - 37.414 ms","requestId":"cc4b026e-9d08-497f-be10-cb03ce8e4d90","timestamp":"2026-09-26T10:59:10.298Z"}
{"level":"info","message":"[BOOTSTRAP] Uploads root: C:\\Users\\LOOK IMMO\\Desktop\\lOOK-IMMO.TN\\Look-Immo-API\\uploads","timestamp":"2026-09-26T10:59:18.337Z"}
{"level":"info","message":"[ExchangeRates] Cron job scheduled (every hour). Initial fetch in progress...","timestamp":"2026-09-26T10:59:18.399Z"}
{"apiBase":"http://localhost:5000/api","env":"development","health":"http://localhost:5000/health","level":"info","message":"Server started","port":"5000","timestamp":"2026-09-26T10:59:18.402Z","websockets":true}
{"level":"warn","message":"[REDIS] Could not reach Redis server. Caching disabled. Error:","timestamp":"2026-09-26T10:59:18.417Z"}
{"level":"info","message":"[ExchangeRates] ✅ Fetched fresh rates — USD: 0.3392, EUR: 0.2970","timestamp":"2026-09-26T10:59:18.598Z"}
{"level":"info","message":"Client connected to socket:","timestamp":"2026-09-26T10:59:19.276Z"}
{"level":"info","message":"[BOOTSTRAP] Uploads root: C:\\Users\\LOOK IMMO\\Desktop\\lOOK-IMMO.TN\\Look-Immo-API\\uploads","timestamp":"2026-09-26T10:59:32.299Z"}
{"level":"info","message":"[ExchangeRates] Cron job scheduled (every hour). Initial fetch in progress...","timestamp":"2026-09-26T10:59:32.352Z"}
{"apiBase":"http://localhost:5000/api","env":"development","health":"http://localhost:5000/health","level":"info","message":"Server started","port":"5000","timestamp":"2026-09-26T10:59:32.356Z","websockets":true}
{"level":"warn","message":"[REDIS] Could not reach Redis server. Caching disabled. Error:","timestamp":"2026-09-26T10:59:32.370Z"}
{"level":"info","message":"[ExchangeRates] ✅ Fetched fresh rates — USD: 0.3392, EUR: 0.2970","timestamp":"2026-09-26T10:59:32.519Z"}
{"level":"info","message":"Client connected to socket:","timestamp":"2026-09-26T10:59:35.280Z"}
{"level":"info","message":"[BOOTSTRAP] Uploads root: C:\\Users\\LOOK IMMO\\Desktop\\lOOK-IMMO.TN\\Look-Immo-API\\uploads","timestamp":"2026-09-26T10:59:44.218Z"}
{"level":"info","message":"[ExchangeRates] Cron job scheduled (every hour). Initial fetch in progress...","timestamp":"2026-09-26T10:59:44.282Z"}
{"apiBase":"http://localhost:5000/api","env":"development","health":"http://localhost:5000/health","level":"info","message":"Server started","port":"5000","timestamp":"2026-09-26T10:59:44.286Z","websockets":true}
{"level":"warn","message":"[REDIS] Could not reach Redis server. Caching disabled. Error:","timestamp":"2026-09-26T10:59:44.300Z"}
{"level":"info","message":"[BOOTSTRAP] Uploads root: C:\\Users\\LOOK IMMO\\Desktop\\lOOK-IMMO.TN\\Look-Immo-API\\uploads","timestamp":"2026-09-26T10:59:46.176Z"}
{"level":"info","message":"[ExchangeRates] Cron job scheduled (every hour). Initial fetch in progress...","timestamp":"2026-09-26T10:59:46.232Z"}
{"apiBase":"http://localhost:5000/api","env":"development","health":"http://localhost:5000/health","level":"info","message":"Server started","port":"5000","timestamp":"2026-09-26T10:59:46.236Z","websockets":true}
{"level":"warn","message":"[REDIS] Could not reach Redis server. Caching disabled. Error:","timestamp":"2026-09-26T10:59:46.250Z"}
{"level":"info","message":"[ExchangeRates] ✅ Fetched fresh rates — USD: 0.3392, EUR: 0.2970","timestamp":"2026-09-26T10:59:46.413Z"}
{"level":"info","message":"Client connected to socket:","timestamp":"2026-09-26T10:59:49.268Z"}
{"level":"info","message":"[ExchangeRates] ⏰ Hourly cron triggered — refreshing rates...","timestamp":"2026-09-26T11:00:00.014Z"}
{"level":"info","message":"[ExchangeRates] ✅ Fetched fresh rates — USD: 0.3392, EUR: 0.2970","timestamp":"2026-09-26T11:00:00.205Z"}
{"level":"error","message":"[ANALYTICS] Error flushing website visits buffer:","stack":"Error: \n    at AbortSignal.listener (C:\\Users\\LOOK IMMO\\Desktop\\lOOK-IMMO.TN\\Look-Immo-API\\node_modules\\@redis\\client\\lib\\client\\commands-queue.ts:297:19)\n    at AbortSignal.[nodejs.internal.kHybridDispatch] (node:internal/event_target:843:20)\n    at AbortSignal.dispatchEvent (node:internal/event_target:776:26)\n    at runAbort (node:internal/abort_controller:488:10)\n    at abortSignal (node:internal/abort_controller:459:3)\n    at Timeout._onTimeout (node:internal/abort_controller:152:7)\n    at listOnTimeout (node:internal/timers:605:17)\n    at processTimers (node:internal/timers:541:7)","timestamp":"2026-09-26T11:00:05.041Z"}
{"hasAuthHeader":true,"hasCookie":true,"level":"debug","message":"auth check","requestId":"1fa8aa10-42ea-4ab0-a1bb-4a7e5a411fd9","timestamp":"2026-09-26T11:00:10.261Z"}
{"level":"http","message":"GET /api/notifications/unread-count 304 -b - 158.854 ms","requestId":"1fa8aa10-42ea-4ab0-a1bb-4a7e5a411fd9","timestamp":"2026-09-26T11:00:10.417Z"}
{"level":"info","message":"[BOOTSTRAP] Uploads root: C:\\Users\\LOOK IMMO\\Desktop\\lOOK-IMMO.TN\\Look-Immo-API\\uploads","timestamp":"2026-09-26T11:00:47.326Z"}
{"level":"info","message":"[ExchangeRates] Cron job scheduled (every hour). Initial fetch in progress...","timestamp":"2026-09-26T11:00:47.380Z"}
{"apiBase":"http://localhost:5000/api","env":"development","health":"http://localhost:5000/health","level":"info","message":"Server started","port":"5000","timestamp":"2026-09-26T11:00:47.384Z","websockets":true}
{"level":"warn","message":"[REDIS] Could not reach Redis server. Caching disabled. Error:","timestamp":"2026-09-26T11:00:47.399Z"}
{"level":"info","message":"[ExchangeRates] ✅ Fetched fresh rates — USD: 0.3392, EUR: 0.2970","timestamp":"2026-09-26T11:00:47.540Z"}
{"level":"info","message":"[BOOTSTRAP] Uploads root: C:\\Users\\LOOK IMMO\\Desktop\\lOOK-IMMO.TN\\Look-Immo-API\\uploads","timestamp":"2026-09-26T11:00:49.251Z"}
{"level":"info","message":"[ExchangeRates] Cron job scheduled (every hour). Initial fetch in progress...","timestamp":"2026-09-26T11:00:49.314Z"}
{"apiBase":"http://localhost:5000/api","env":"development","health":"http://localhost:5000/health","level":"info","message":"Server started","port":"5000","timestamp":"2026-09-26T11:00:49.317Z","websockets":true}
{"level":"warn","message":"[REDIS] Could not reach Redis server. Caching disabled. Error:","timestamp":"2026-09-26T11:00:49.331Z"}
{"level":"info","message":"[ExchangeRates] ✅ Fetched fresh rates — USD: 0.3392, EUR: 0.2970","timestamp":"2026-09-26T11:00:49.469Z"}
{"level":"info","message":"Client connected to socket:","timestamp":"2026-09-26T11:00:54.280Z"}
{"level":"error","message":"[ANALYTICS] Error flushing website visits buffer:","stack":"Error: \n    at AbortSignal.listener (C:\\Users\\LOOK IMMO\\Desktop\\lOOK-IMMO.TN\\Look-Immo-API\\node_modules\\@redis\\client\\lib\\client\\commands-queue.ts:297:19)\n    at AbortSignal.[nodejs.internal.kHybridDispatch] (node:internal/event_target:843:20)\n    at AbortSignal.dispatchEvent (node:internal/event_target:776:26)\n    at runAbort (node:internal/abort_controller:488:10)\n    at abortSignal (node:internal/abort_controller:459:3)\n    at Timeout._onTimeout (node:internal/abort_controller:152:7)\n    at listOnTimeout (node:internal/timers:605:17)\n    at processTimers (node:internal/timers:541:7)","timestamp":"2026-09-26T11:01:05.023Z"}
{"hasAuthHeader":true,"hasCookie":true,"level":"debug","message":"auth check","requestId":"9c512bdd-9205-41fb-9b68-ca4b02df08fc","timestamp":"2026-09-26T11:01:10.271Z"}
{"level":"http","message":"GET /api/notifications/unread-count 304 -b - 38.190 ms","requestId":"9c512bdd-9205-41fb-9b68-ca4b02df08fc","timestamp":"2026-09-26T11:01:10.306Z"}
{"hasAuthHeader":false,"hasCookie":false,"level":"debug","message":"auth check","requestId":"04b7f63b-7e25-4840-8026-1f48937e9fbc","timestamp":"2026-09-26T11:01:49.732Z"}
{"level":"http","message":"GET /api/auth/me 401 35b - 1.544 ms","requestId":"04b7f63b-7e25-4840-8026-1f48937e9fbc","timestamp":"2026-09-26T11:01:49.734Z"}
{"level":"http","message":"GET /api/exchange-rates 200 106b - 1.493 ms","requestId":"5deefa49-c5ed-4dc8-a02f-c622f6946770","timestamp":"2026-09-26T11:01:49.737Z"}
{"level":"http","message":"POST /api/stats/track-visit 200 31b - 20.381 ms","requestId":"319eec89-96ba-4f03-a2f6-b0a4662ea3ea","timestamp":"2026-09-26T11:01:49.771Z"}
{"level":"http","message":"GET /api/ratings 304 -b - 8.767 ms","requestId":"4591c51a-8a9e-4ea9-90de-2bc56da7d338","timestamp":"2026-09-26T11:01:49.781Z"}
{"level":"http","message":"POST /api/stats/track-visit 200 31b - 1.647 ms","requestId":"7e406e99-51e5-4a38-8d5d-cf02299ab952","timestamp":"2026-09-26T11:01:49.785Z"}
{"hasAuthHeader":false,"hasCookie":false,"level":"debug","message":"auth check","requestId":"44821b30-35ae-46b9-8f5c-b47c5de12e72","timestamp":"2026-09-26T11:01:49.790Z"}
{"level":"http","message":"GET /api/auth/me 401 35b - 1.347 ms","requestId":"44821b30-35ae-46b9-8f5c-b47c5de12e72","timestamp":"2026-09-26T11:01:49.792Z"}
{"level":"http","message":"GET /api/exchange-rates 304 -b - 0.828 ms","requestId":"54c1bebe-21bc-4fe9-a746-1ea56f4ca8fa","timestamp":"2026-09-26T11:01:49.797Z"}
{"level":"http","message":"GET /api/settings 304 -b - 58.798 ms","requestId":"9e5eda15-9914-4f0c-be67-0e2626fd545f","timestamp":"2026-09-26T11:01:49.801Z"}
{"level":"http","message":"POST /api/auth/refresh 401 28b - 0.910 ms","requestId":"bf24e68e-2bd4-4217-b2e0-81066f388f44","timestamp":"2026-09-26T11:01:49.805Z"}
{"level":"http","message":"GET /api/locations 304 -b - 61.349 ms","requestId":"7a415ac5-7b22-4f27-9b72-d427f6e4893f","timestamp":"2026-09-26T11:01:49.807Z"}
{"level":"http","message":"GET /api/properties?page=1&limit=24&excludeSold=true 200 -b - 70.735 ms","requestId":"6d3b2f88-96d9-49ff-af7a-70be75d20a7d","timestamp":"2026-09-26T11:01:49.811Z"}
{"level":"http","message":"POST /api/auth/logout 200 37b - 3.130 ms","requestId":"8ef7303b-9b6f-4f3d-b6df-22ce6aa8e3ba","timestamp":"2026-09-26T11:01:49.825Z"}
{"level":"http","message":"POST /api/auth/logout 200 37b - 0.564 ms","requestId":"1bc2c00a-26ac-467c-afdc-3718ababe87b","timestamp":"2026-09-26T11:01:49.827Z"}
{"level":"http","message":"GET /api/blog?limit=1000 200 -b - 70.283 ms","requestId":"4c1ce2b7-4f2d-48fa-8272-e9c76406d0e5","timestamp":"2026-09-26T11:01:49.957Z"}
{"level":"http","message":"GET /api/properties/cmrbxyqhr000g6twmj4d3fu6z 304 -b - 10.394 ms","requestId":"050b0391-b101-470b-a5a2-c60f92f4075d","timestamp":"2026-09-26T11:01:50.403Z"}
{"level":"http","message":"GET /api/properties/cmrbxyqhr000g6twmj4d3fu6z 304 -b - 4.741 ms","requestId":"76225d02-6a70-4dcf-8142-2f01e3937cfa","timestamp":"2026-09-26T11:01:50.413Z"}
{"level":"error","message":"[ANALYTICS] Error flushing website visits buffer:","stack":"Error: \n    at AbortSignal.listener (C:\\Users\\LOOK IMMO\\Desktop\\lOOK-IMMO.TN\\Look-Immo-API\\node_modules\\@redis\\client\\lib\\client\\commands-queue.ts:297:19)\n    at AbortSignal.[nodejs.internal.kHybridDispatch] (node:internal/event_target:843:20)\n    at AbortSignal.dispatchEvent (node:internal/event_target:776:26)\n    at runAbort (node:internal/abort_controller:488:10)\n    at abortSignal (node:internal/abort_controller:459:3)\n    at Timeout._onTimeout (node:internal/abort_controller:152:7)\n    at listOnTimeout (node:internal/timers:605:17)\n    at processTimers (node:internal/timers:541:7)","timestamp":"2026-09-26T11:02:05.022Z"}
{"hasAuthHeader":true,"hasCookie":true,"level":"debug","message":"auth check","requestId":"a8066fc4-c09c-4250-9d9d-5a0a3088c918","timestamp":"2026-09-26T11:02:10.263Z"}
{"level":"http","message":"GET /api/notifications/unread-count 304 -b - 3.425 ms","requestId":"a8066fc4-c09c-4250-9d9d-5a0a3088c918","timestamp":"2026-09-26T11:02:10.266Z"}
{"level":"error","message":"[ANALYTICS] Error flushing website visits buffer:","stack":"Error: \n    at AbortSignal.listener (C:\\Users\\LOOK IMMO\\Desktop\\lOOK-IMMO.TN\\Look-Immo-API\\node_modules\\@redis\\client\\lib\\client\\commands-queue.ts:297:19)\n    at AbortSignal.[nodejs.internal.kHybridDispatch] (node:internal/event_target:843:20)\n    at AbortSignal.dispatchEvent (node:internal/event_target:776:26)\n    at runAbort (node:internal/abort_controller:488:10)\n    at abortSignal (node:internal/abort_controller:459:3)\n    at Timeout._onTimeout (node:internal/abort_controller:152:7)\n    at listOnTimeout (node:internal/timers:605:17)\n    at processTimers (node:internal/timers:541:7)","timestamp":"2026-09-26T11:03:05.026Z"}
{"hasAuthHeader":true,"hasCookie":true,"level":"debug","message":"auth check","requestId":"54ea07c3-43f6-48e6-8f0e-e81a208fd6ae","timestamp":"2026-09-26T11:03:10.265Z"}
{"level":"http","message":"GET /api/notifications/unread-count 304 -b - 3.091 ms","requestId":"54ea07c3-43f6-48e6-8f0e-e81a208fd6ae","timestamp":"2026-09-26T11:03:10.268Z"}
{"level":"error","message":"[ANALYTICS] Error flushing website visits buffer:","stack":"Error: \n    at AbortSignal.listener (C:\\Users\\LOOK IMMO\\Desktop\\lOOK-IMMO.TN\\Look-Immo-API\\node_modules\\@redis\\client\\lib\\client\\commands-queue.ts:297:19)\n    at AbortSignal.[nodejs.internal.kHybridDispatch] (node:internal/event_target:843:20)\n    at AbortSignal.dispatchEvent (node:internal/event_target:776:26)\n    at runAbort (node:internal/abort_controller:488:10)\n    at abortSignal (node:internal/abort_controller:459:3)\n    at Timeout._onTimeout (node:internal/abort_controller:152:7)\n    at listOnTimeout (node:internal/timers:605:17)\n    at processTimers (node:internal/timers:541:7)","timestamp":"2026-09-26T11:04:05.012Z"}
{"hasAuthHeader":true,"hasCookie":true,"level":"debug","message":"auth check","requestId":"80489a93-049a-44db-924c-ba05b61dc6a0","timestamp":"2026-09-26T11:04:10.259Z"}
{"level":"http","message":"GET /api/notifications/unread-count 304 -b - 2.185 ms","requestId":"80489a93-049a-44db-924c-ba05b61dc6a0","timestamp":"2026-09-26T11:04:10.261Z"}
{"level":"error","message":"[ANALYTICS] Error flushing website visits buffer:","stack":"Error: \n    at AbortSignal.listener (C:\\Users\\LOOK IMMO\\Desktop\\lOOK-IMMO.TN\\Look-Immo-API\\node_modules\\@redis\\client\\lib\\client\\commands-queue.ts:297:19)\n    at AbortSignal.[nodejs.internal.kHybridDispatch] (node:internal/event_target:843:20)\n    at AbortSignal.dispatchEvent (node:internal/event_target:776:26)\n    at runAbort (node:internal/abort_controller:488:10)\n    at abortSignal (node:internal/abort_controller:459:3)\n    at Timeout._onTimeout (node:internal/abort_controller:152:7)\n    at listOnTimeout (node:internal/timers:605:17)\n    at processTimers (node:internal/timers:541:7)","timestamp":"2026-09-26T11:05:05.021Z"}
{"hasAuthHeader":true,"hasCookie":true,"level":"debug","message":"auth check","requestId":"d49d0dbf-d38c-4a7f-b462-ae107b2483c8","timestamp":"2026-09-26T11:05:10.259Z"}
{"level":"http","message":"GET /api/notifications/unread-count 304 -b - 2.287 ms","requestId":"d49d0dbf-d38c-4a7f-b462-ae107b2483c8","timestamp":"2026-09-26T11:05:10.261Z"}
{"level":"error","message":"[ANALYTICS] Error flushing website visits buffer:","stack":"Error: \n    at AbortSignal.listener (C:\\Users\\LOOK IMMO\\Desktop\\lOOK-IMMO.TN\\Look-Immo-API\\node_modules\\@redis\\client\\lib\\client\\commands-queue.ts:297:19)\n    at AbortSignal.[nodejs.internal.kHybridDispatch] (node:internal/event_target:843:20)\n    at AbortSignal.dispatchEvent (node:internal/event_target:776:26)\n    at runAbort (node:internal/abort_controller:488:10)\n    at abortSignal (node:internal/abort_controller:459:3)\n    at Timeout._onTimeout (node:internal/abort_controller:152:7)\n    at listOnTimeout (node:internal/timers:605:17)\n    at processTimers (node:internal/timers:541:7)","timestamp":"2026-09-26T11:06:05.029Z"}
{"hasAuthHeader":true,"hasCookie":true,"level":"debug","message":"auth check","requestId":"c7dfe8d7-5b3e-4780-b573-5c09a379c2eb","timestamp":"2026-09-26T11:06:10.266Z"}
{"level":"http","message":"GET /api/notifications/unread-count 304 -b - 2.291 ms","requestId":"c7dfe8d7-5b3e-4780-b573-5c09a379c2eb","timestamp":"2026-09-26T11:06:10.268Z"}
{"hasAuthHeader":true,"hasCookie":true,"level":"debug","message":"auth check","requestId":"39e0a4ec-1200-4702-b105-951997f7ef69","timestamp":"2026-09-26T11:07:01.263Z"}
{"level":"http","message":"GET /api/notifications/unread-count 304 -b - 29.104 ms","requestId":"39e0a4ec-1200-4702-b105-951997f7ef69","timestamp":"2026-09-26T11:07:01.292Z"}
{"level":"error","message":"[ANALYTICS] Error flushing website visits buffer:","stack":"Error: \n    at AbortSignal.listener (C:\\Users\\LOOK IMMO\\Desktop\\lOOK-IMMO.TN\\Look-Immo-API\\node_modules\\@redis\\client\\lib\\client\\commands-queue.ts:297:19)\n    at AbortSignal.[nodejs.internal.kHybridDispatch] (node:internal/event_target:843:20)\n    at AbortSignal.dispatchEvent (node:internal/event_target:776:26)\n    at runAbort (node:internal/abort_controller:488:10)\n    at abortSignal (node:internal/abort_controller:459:3)\n    at Timeout._onTimeout (node:internal/abort_controller:152:7)\n    at listOnTimeout (node:internal/timers:605:17)\n    at processTimers (node:internal/timers:541:7)","timestamp":"2026-09-26T11:07:05.022Z"}
{"level":"error","message":"[ANALYTICS] Error flushing website visits buffer:","stack":"Error: \n    at AbortSignal.listener (C:\\Users\\LOOK IMMO\\Desktop\\lOOK-IMMO.TN\\Look-Immo-API\\node_modules\\@redis\\client\\lib\\client\\commands-queue.ts:297:19)\n    at AbortSignal.[nodejs.internal.kHybridDispatch] (node:internal/event_target:843:20)\n    at AbortSignal.dispatchEvent (node:internal/event_target:776:26)\n    at runAbort (node:internal/abort_controller:488:10)\n    at abortSignal (node:internal/abort_controller:459:3)\n    at Timeout._onTimeout (node:internal/abort_controller:152:7)\n    at listOnTimeout (node:internal/timers:605:17)\n    at processTimers (node:internal/timers:541:7)","timestamp":"2026-09-26T11:08:05.022Z"}
{"hasAuthHeader":true,"hasCookie":true,"level":"debug","message":"auth check","requestId":"a3fd1370-9b35-4fa7-8d81-8db5d3d15d2b","timestamp":"2026-09-26T11:08:10.260Z"}
{"level":"http","message":"GET /api/notifications/unread-count 304 -b - 2.723 ms","requestId":"a3fd1370-9b35-4fa7-8d81-8db5d3d15d2b","timestamp":"2026-09-26T11:08:10.263Z"}
{"level":"error","message":"[ANALYTICS] Error flushing website visits buffer:","stack":"Error: \n    at AbortSignal.listener (C:\\Users\\LOOK IMMO\\Desktop\\lOOK-IMMO.TN\\Look-Immo-API\\node_modules\\@redis\\client\\lib\\client\\commands-queue.ts:297:19)\n    at AbortSignal.[nodejs.internal.kHybridDispatch] (node:internal/event_target:843:20)\n    at AbortSignal.dispatchEvent (node:internal/event_target:776:26)\n    at runAbort (node:internal/abort_controller:488:10)\n    at abortSignal (node:internal/abort_controller:459:3)\n    at Timeout._onTimeout (node:internal/abort_controller:152:7)\n    at listOnTimeout (node:internal/timers:605:17)\n    at processTimers (node:internal/timers:541:7)","timestamp":"2026-09-26T11:09:05.016Z"}
{"hasAuthHeader":true,"hasCookie":true,"level":"debug","message":"auth check","requestId":"5d30805e-5315-4ea1-b0ad-f3cb98d05045","timestamp":"2026-09-26T11:09:10.264Z"}
{"level":"http","message":"GET /api/notifications/unread-count 304 -b - 3.386 ms","requestId":"5d30805e-5315-4ea1-b0ad-f3cb98d05045","timestamp":"2026-09-26T11:09:10.268Z"}
{"level":"error","message":"[ANALYTICS] Error flushing website visits buffer:","stack":"Error: \n    at AbortSignal.listener (C:\\Users\\LOOK IMMO\\Desktop\\lOOK-IMMO.TN\\Look-Immo-API\\node_modules\\@redis\\client\\lib\\client\\commands-queue.ts:297:19)\n    at AbortSignal.[nodejs.internal.kHybridDispatch] (node:internal/event_target:843:20)\n    at AbortSignal.dispatchEvent (node:internal/event_target:776:26)\n    at runAbort (node:internal/abort_controller:488:10)\n    at abortSignal (node:internal/abort_controller:459:3)\n    at Timeout._onTimeout (node:internal/abort_controller:152:7)\n    at listOnTimeout (node:internal/timers:605:17)\n    at processTimers (node:internal/timers:541:7)","timestamp":"2026-09-26T11:10:05.012Z"}
{"hasAuthHeader":true,"hasCookie":true,"level":"debug","message":"auth check","requestId":"8cab41b7-15de-452e-b182-0cc34e9d8473","timestamp":"2026-09-26T11:10:10.265Z"}
{"level":"http","message":"GET /api/notifications/unread-count 304 -b - 2.703 ms","requestId":"8cab41b7-15de-452e-b182-0cc34e9d8473","timestamp":"2026-09-26T11:10:10.268Z"}
{"level":"error","message":"[ANALYTICS] Error flushing website visits buffer:","stack":"Error: \n    at AbortSignal.listener (C:\\Users\\LOOK IMMO\\Desktop\\lOOK-IMMO.TN\\Look-Immo-API\\node_modules\\@redis\\client\\lib\\client\\commands-queue.ts:297:19)\n    at AbortSignal.[nodejs.internal.kHybridDispatch] (node:internal/event_target:843:20)\n    at AbortSignal.dispatchEvent (node:internal/event_target:776:26)\n    at runAbort (node:internal/abort_controller:488:10)\n    at abortSignal (node:internal/abort_controller:459:3)\n    at Timeout._onTimeout (node:internal/abort_controller:152:7)\n    at listOnTimeout (node:internal/timers:605:17)\n    at processTimers (node:internal/timers:541:7)","timestamp":"2026-09-26T11:11:05.024Z"}
{"hasAuthHeader":true,"hasCookie":true,"level":"debug","message":"auth check","requestId":"d6f52a52-727f-48b9-a3fc-847b3d0ca6a5","timestamp":"2026-09-26T11:11:10.259Z"}
{"level":"http","message":"GET /api/notifications/unread-count 304 -b - 2.103 ms","requestId":"d6f52a52-727f-48b9-a3fc-847b3d0ca6a5","timestamp":"2026-09-26T11:11:10.261Z"}
{"level":"http","message":"GET /uploads/properties/properties-1788605866134-608810139-medium.webp 200 116036b - 4.794 ms","requestId":"f4faa405-1ad8-4d87-941d-6b01bd738530","timestamp":"2026-09-26T11:11:17.915Z"}
{"level":"http","message":"GET /api/properties?page=1&limit=24&excludeSold=true 304 -b - 58.543 ms","requestId":"a7878fe2-8cbb-4beb-a8e1-e4b88fe512b2","timestamp":"2026-09-26T11:11:17.935Z"}
{"level":"http","message":"GET /api/ratings 304 -b - 62.584 ms","requestId":"d3b03c92-5b23-45f1-a6af-e1516aeec476","timestamp":"2026-09-26T11:11:17.942Z"}
{"level":"http","message":"GET /api/blog?limit=1000 304 -b - 74.075 ms","requestId":"f542df94-fa41-49bc-b41f-66a8d684782c","timestamp":"2026-09-26T11:11:17.953Z"}
{"level":"error","message":"[ANALYTICS] Error flushing website visits buffer:","stack":"Error: \n    at AbortSignal.listener (C:\\Users\\LOOK IMMO\\Desktop\\lOOK-IMMO.TN\\Look-Immo-API\\node_modules\\@redis\\client\\lib\\client\\commands-queue.ts:297:19)\n    at AbortSignal.[nodejs.internal.kHybridDispatch] (node:internal/event_target:843:20)\n    at AbortSignal.dispatchEvent (node:internal/event_target:776:26)\n    at runAbort (node:internal/abort_controller:488:10)\n    at abortSignal (node:internal/abort_controller:459:3)\n    at Timeout._onTimeout (node:internal/abort_controller:152:7)\n    at listOnTimeout (node:internal/timers:605:17)\n    at processTimers (node:internal/timers:541:7)","timestamp":"2026-09-26T11:12:05.020Z"}
{"hasAuthHeader":true,"hasCookie":true,"level":"debug","message":"auth check","requestId":"4268749e-3ac3-4336-ab07-40d114ffcc67","timestamp":"2026-09-26T11:12:10.254Z"}
{"level":"http","message":"GET /api/notifications/unread-count 304 -b - 4.789 ms","requestId":"4268749e-3ac3-4336-ab07-40d114ffcc67","timestamp":"2026-09-26T11:12:10.258Z"}
{"level":"http","message":"GET /api/settings 304 -b - 3.065 ms","requestId":"66e6b752-9c29-4ce0-b27c-1a4d69d0373a","timestamp":"2026-09-26T11:12:37.547Z"}
{"hasAuthHeader":true,"hasCookie":true,"level":"debug","message":"auth check","requestId":"cb54937b-1bd5-46db-9967-5fe12188c960","timestamp":"2026-09-26T11:12:37.551Z"}
{"hasAuthHeader":true,"hasCookie":true,"level":"debug","message":"auth check","requestId":"38532468-011a-4af7-819a-a80f4b18a5e2","timestamp":"2026-09-26T11:12:37.554Z"}
{"level":"http","message":"GET /api/locations 304 -b - 12.002 ms","requestId":"51f1913e-b37b-4b8c-9518-c520f720f2ce","timestamp":"2026-09-26T11:12:37.556Z"}
{"level":"http","message":"GET /api/ratings 304 -b - 7.850 ms","requestId":"3f4a8d73-72f3-4973-9567-c392a55c335f","timestamp":"2026-09-26T11:12:37.559Z"}
{"hasAuthHeader":true,"hasCookie":true,"level":"debug","message":"auth check","requestId":"13ecad24-50f0-403e-ab3b-d980ce7b98c7","timestamp":"2026-09-26T11:12:37.562Z"}
{"level":"http","message":"GET /api/blog?limit=1000 304 -b - 24.921 ms","requestId":"23c0239e-f875-4376-8c3b-37cd120ad418","timestamp":"2026-09-26T11:12:37.574Z"}
{"level":"http","message":"GET /api/appointments 304 -b - 23.329 ms","requestId":"cb54937b-1bd5-46db-9967-5fe12188c960","timestamp":"2026-09-26T11:12:37.575Z"}
{"level":"http","message":"GET /api/messages 304 -b - 17.910 ms","requestId":"13ecad24-50f0-403e-ab3b-d980ce7b98c7","timestamp":"2026-09-26T11:12:37.580Z"}
{"level":"http","message":"GET /api/users 304 -b - 27.941 ms","requestId":"38532468-011a-4af7-819a-a80f4b18a5e2","timestamp":"2026-09-26T11:12:37.582Z"}
{"level":"http","message":"GET /api/properties?noLimit=true 304 -b - 6.829 ms","requestId":"7bbc9e4e-5414-4b00-992b-0e4262880e73","timestamp":"2026-09-26T11:12:37.584Z"}
{"level":"http","message":"GET /api/properties?category=land&type=sale&isHotDeal=true&noLimit=true&excludeSold=true 304 -b - 7.635 ms","requestId":"74eb35ab-34ef-4ca9-b858-2b96d9cbddb2","timestamp":"2026-09-26T11:12:37.586Z"}
{"level":"info","message":"Client disconnected from socket:","timestamp":"2026-09-26T11:12:47.677Z"}
{"hasAuthHeader":true,"hasCookie":true,"level":"debug","message":"auth check","requestId":"2fc5f9a5-1bc9-41db-b543-19111fc2d0c0","timestamp":"2026-09-26T11:12:47.818Z"}
{"level":"http","message":"GET /api/exchange-rates 200 106b - 0.365 ms","requestId":"50dd502b-ce55-4a86-a983-8ba7f6989f3f","timestamp":"2026-09-26T11:12:47.820Z"}
{"level":"http","message":"GET /api/auth/me 304 -b - 5.184 ms","requestId":"2fc5f9a5-1bc9-41db-b543-19111fc2d0c0","timestamp":"2026-09-26T11:12:47.826Z"}
{"level":"http","message":"GET /api/properties?page=1&limit=24&excludeSold=true 304 -b - 11.310 ms","requestId":"71fd1c67-98c3-41f4-be61-e6c7e00acc15","timestamp":"2026-09-26T11:12:47.833Z"}
{"level":"http","message":"POST /api/stats/track-visit 200 31b - 1.688 ms","requestId":"b9bff03e-6f81-4547-9fbe-9d83a5c19262","timestamp":"2026-09-26T11:12:47.836Z"}
{"level":"http","message":"GET /api/settings 304 -b - 11.157 ms","requestId":"9cb67301-317a-45dc-a2d3-e20526926998","timestamp":"2026-09-26T11:12:47.839Z"}
{"level":"http","message":"GET /api/locations 304 -b - 9.335 ms","requestId":"f4c44233-a62a-4831-90f1-040eef3da3cb","timestamp":"2026-09-26T11:12:47.840Z"}
{"level":"http","message":"GET /api/ratings 304 -b - 4.459 ms","requestId":"c6ad5e16-6ef4-412d-92f7-bbd8fdc4c07a","timestamp":"2026-09-26T11:12:47.842Z"}
{"level":"http","message":"POST /api/stats/track-visit 200 31b - 1.632 ms","requestId":"0d62c309-c8a2-4a46-8553-588c90f43c9f","timestamp":"2026-09-26T11:12:47.845Z"}
{"level":"http","message":"GET /api/blog?limit=1000 304 -b - 26.379 ms","requestId":"4e890f44-416d-4986-9a28-923eb416fe70","timestamp":"2026-09-26T11:12:47.858Z"}
{"hasAuthHeader":true,"hasCookie":true,"level":"debug","message":"auth check","requestId":"0e6c489c-242e-49cf-bef3-62a151b8cce4","timestamp":"2026-09-26T11:12:47.859Z"}
{"level":"http","message":"GET /api/exchange-rates 304 -b - 0.372 ms","requestId":"10881819-6ee1-4d83-a1f8-c3567052f24b","timestamp":"2026-09-26T11:12:47.861Z"}
{"hasAuthHeader":true,"hasCookie":true,"level":"debug","message":"auth check","requestId":"c6b88a79-6f70-4ec1-87a4-a44a87e5e438","timestamp":"2026-09-26T11:12:47.863Z"}
{"hasAuthHeader":true,"hasCookie":true,"level":"debug","message":"auth check","requestId":"4e444431-96d1-4a9f-b1dc-ba464926c682","timestamp":"2026-09-26T11:12:47.865Z"}
{"level":"http","message":"GET /api/auth/me 304 -b - 7.273 ms","requestId":"0e6c489c-242e-49cf-bef3-62a151b8cce4","timestamp":"2026-09-26T11:12:47.867Z"}
{"level":"http","message":"GET /api/properties?noLimit=true 304 -b - 6.632 ms","requestId":"4e7b8f5c-f63d-44cc-b177-02e331eeafe4","timestamp":"2026-09-26T11:12:47.868Z"}
{"hasAuthHeader":true,"hasCookie":true,"level":"debug","message":"auth check","requestId":"ec3b6699-2b9e-4fba-9117-1e41a124f4b8","timestamp":"2026-09-26T11:12:47.869Z"}
{"level":"http","message":"GET /api/appointments 304 -b - 10.834 ms","requestId":"c6b88a79-6f70-4ec1-87a4-a44a87e5e438","timestamp":"2026-09-26T11:12:47.874Z"}
{"level":"http","message":"GET /api/users 304 -b - 10.330 ms","requestId":"4e444431-96d1-4a9f-b1dc-ba464926c682","timestamp":"2026-09-26T11:12:47.875Z"}
{"level":"http","message":"GET /api/messages 304 -b - 7.248 ms","requestId":"ec3b6699-2b9e-4fba-9117-1e41a124f4b8","timestamp":"2026-09-26T11:12:47.876Z"}
{"hasAuthHeader":true,"hasCookie":true,"level":"debug","message":"auth check","requestId":"54e54db0-38d2-4500-b6ae-8842ca503071","timestamp":"2026-09-26T11:12:47.906Z"}
{"level":"http","message":"GET /api/notifications/unread-count 304 -b - 3.006 ms","requestId":"54e54db0-38d2-4500-b6ae-8842ca503071","timestamp":"2026-09-26T11:12:47.909Z"}
{"hasAuthHeader":true,"hasCookie":true,"level":"debug","message":"auth check","requestId":"9bee7a9b-f597-4f70-9b6a-74b7e70e6e48","timestamp":"2026-09-26T11:12:47.915Z"}
{"level":"http","message":"GET /api/notifications/unread-count 304 -b - 3.200 ms","requestId":"9bee7a9b-f597-4f70-9b6a-74b7e70e6e48","timestamp":"2026-09-26T11:12:47.919Z"}
{"level":"info","message":"Client connected to socket:","timestamp":"2026-09-26T11:12:47.935Z"}
{"level":"http","message":"GET /uploads/blog/blog-1788968625582-524088727.webp 304 -b - 0.566 ms","requestId":"d5cf01a4-512d-48f4-96c0-b3d2b0cb4435","timestamp":"2026-09-26T11:12:47.969Z"}
{"level":"http","message":"GET /api/properties?category=land&type=sale&isHotDeal=true&noLimit=true&excludeSold=true 304 -b - 3.156 ms","requestId":"3e92b97d-55fa-4c56-b671-2465e1661757","timestamp":"2026-09-26T11:12:48.212Z"}
{"level":"info","message":"Client disconnected from socket:","timestamp":"2026-09-26T11:12:52.162Z"}
{"hasAuthHeader":true,"hasCookie":true,"level":"debug","message":"auth check","requestId":"5240618e-a7ce-4877-a439-2264df4de248","timestamp":"2026-09-26T11:12:52.167Z"}
{"level":"http","message":"GET /api/demands 304 -b - 3.506 ms","requestId":"5240618e-a7ce-4877-a439-2264df4de248","timestamp":"2026-09-26T11:12:52.171Z"}
{"hasAuthHeader":true,"hasCookie":true,"level":"debug","message":"auth check","requestId":"6739c719-7141-4790-8319-b3515fff24dd","timestamp":"2026-09-26T11:12:52.175Z"}
{"level":"http","message":"GET /api/demands 304 -b - 1.958 ms","requestId":"6739c719-7141-4790-8319-b3515fff24dd","timestamp":"2026-09-26T11:12:52.177Z"}
{"level":"info","message":"Client connected to socket:","timestamp":"2026-09-26T11:12:52.185Z"}
{"level":"info","message":"Client disconnected from socket:","timestamp":"2026-09-26T11:12:53.632Z"}
{"hasAuthHeader":true,"hasCookie":true,"level":"debug","message":"auth check","requestId":"530c5edc-d120-4783-8a11-915642a3d91f","timestamp":"2026-09-26T11:12:53.643Z"}
{"hasAuthHeader":true,"hasCookie":true,"level":"debug","message":"auth check","requestId":"7c9a1700-329b-4870-87d2-804f3973503f","timestamp":"2026-09-26T11:12:53.648Z"}
{"hasAuthHeader":true,"hasCookie":true,"level":"debug","message":"auth check","requestId":"b9b15ec5-552c-4aa5-9a6b-b07075db1fd6","timestamp":"2026-09-26T11:12:53.655Z"}
{"level":"http","message":"GET /api/users 304 -b - 15.764 ms","requestId":"530c5edc-d120-4783-8a11-915642a3d91f","timestamp":"2026-09-26T11:12:53.658Z"}
{"level":"http","message":"GET /api/messages 304 -b - 18.059 ms","requestId":"7c9a1700-329b-4870-87d2-804f3973503f","timestamp":"2026-09-26T11:12:53.666Z"}
{"level":"http","message":"GET /api/appointments 304 -b - 13.601 ms","requestId":"b9b15ec5-552c-4aa5-9a6b-b07075db1fd6","timestamp":"2026-09-26T11:12:53.667Z"}
{"level":"http","message":"GET /api/properties?noLimit=true 304 -b - 9.276 ms","requestId":"ec44f47c-39a7-4a62-8c97-b6f139cfedc0","timestamp":"2026-09-26T11:12:53.669Z"}
{"level":"http","message":"GET /api/ratings 304 -b - 9.577 ms","requestId":"51128802-54cc-4318-bf6a-21d17bd4be1e","timestamp":"2026-09-26T11:12:53.673Z"}
{"level":"http","message":"GET /api/settings 304 -b - 4.605 ms","requestId":"71858820-780c-4a1d-8b02-6bcb839aa062","timestamp":"2026-09-26T11:12:53.675Z"}
{"hasAuthHeader":true,"hasCookie":true,"level":"debug","message":"auth check","requestId":"4439f41d-d6ee-41bb-b274-9aced7a4acf7","timestamp":"2026-09-26T11:12:53.676Z"}
{"level":"http","message":"GET /api/blog?limit=1000 304 -b - 24.926 ms","requestId":"a9b1ccc6-7c00-40e0-9e91-3dccfe30a694","timestamp":"2026-09-26T11:12:53.689Z"}
{"hasAuthHeader":true,"hasCookie":true,"level":"debug","message":"auth check","requestId":"2dac9ab9-aaab-4530-a0d4-9890f3142370","timestamp":"2026-09-26T11:12:53.690Z"}
{"hasAuthHeader":true,"hasCookie":true,"level":"debug","message":"auth check","requestId":"97e6ab61-3137-4288-ad9f-70aafd5670a8","timestamp":"2026-09-26T11:12:53.694Z"}
{"hasAuthHeader":true,"hasCookie":true,"level":"debug","message":"auth check","requestId":"641595c5-f533-4565-96bc-7660d27d07b6","timestamp":"2026-09-26T11:12:53.698Z"}
{"level":"http","message":"GET /api/demands 304 -b - 9.813 ms","requestId":"2dac9ab9-aaab-4530-a0d4-9890f3142370","timestamp":"2026-09-26T11:12:53.701Z"}
{"hasAuthHeader":true,"hasCookie":true,"level":"debug","message":"auth check","requestId":"cc07c2f8-96bd-47cf-9448-7fc87e573a32","timestamp":"2026-09-26T11:12:53.703Z"}
{"level":"http","message":"GET /api/messages 304 -b - 8.126 ms","requestId":"641595c5-f533-4565-96bc-7660d27d07b6","timestamp":"2026-09-26T11:12:53.707Z"}
{"level":"http","message":"GET /api/users 304 -b - 14.847 ms","requestId":"97e6ab61-3137-4288-ad9f-70aafd5670a8","timestamp":"2026-09-26T11:12:53.709Z"}
{"level":"http","message":"GET /api/appointments 304 -b - 8.816 ms","requestId":"cc07c2f8-96bd-47cf-9448-7fc87e573a32","timestamp":"2026-09-26T11:12:53.712Z"}
{"level":"http","message":"GET /api/properties?noLimit=true 304 -b - 9.049 ms","requestId":"4db1469e-8c10-4909-8f74-cc979bb645a5","timestamp":"2026-09-26T11:12:53.713Z"}
{"level":"http","message":"GET /api/ratings 304 -b - 7.413 ms","requestId":"f841f0fd-e1c8-4939-bede-b50c385c3f1d","timestamp":"2026-09-26T11:12:53.722Z"}
{"hasAuthHeader":true,"hasCookie":true,"level":"debug","message":"auth check","requestId":"a84aedb7-b8e1-4744-8fec-5ca751b0b42f","timestamp":"2026-09-26T11:12:53.724Z"}
{"level":"info","message":"Client connected to socket:","timestamp":"2026-09-26T11:12:53.727Z"}
{"level":"http","message":"GET /api/settings 304 -b - 4.846 ms","requestId":"9d88c3e3-21fc-4b66-8b1a-7bac3f44a4b9","timestamp":"2026-09-26T11:12:53.728Z"}
{"level":"http","message":"GET /api/demands 304 -b - 4.796 ms","requestId":"a84aedb7-b8e1-4744-8fec-5ca751b0b42f","timestamp":"2026-09-26T11:12:53.729Z"}
{"hasAuthHeader":true,"hasCookie":true,"level":"debug","message":"auth check","requestId":"97b16593-4ecf-4bbd-9141-63f3a2f17356","timestamp":"2026-09-26T11:12:53.735Z"}
{"level":"http","message":"GET /api/blog?limit=1000 304 -b - 21.808 ms","requestId":"0dce343e-e934-4240-a565-c1d75c0ef890","timestamp":"2026-09-26T11:12:53.746Z"}
{"hasAuthHeader":true,"hasCookie":true,"level":"debug","message":"auth check","requestId":"a5105539-caa7-494a-b7fb-2844d3901777","timestamp":"2026-09-26T11:12:53.747Z"}
{"level":"http","message":"GET /api/messages 304 -b - 13.579 ms","requestId":"97b16593-4ecf-4bbd-9141-63f3a2f17356","timestamp":"2026-09-26T11:12:53.748Z"}
{"hasAuthHeader":true,"hasCookie":true,"level":"debug","message":"auth check","requestId":"31d887d5-e695-42fb-8c76-ee48874ee857","timestamp":"2026-09-26T11:12:53.749Z"}
{"level":"http","message":"GET /api/users 304 -b - 5.261 ms","requestId":"a5105539-caa7-494a-b7fb-2844d3901777","timestamp":"2026-09-26T11:12:53.752Z"}
{"level":"http","message":"GET /api/appointments 304 -b - 4.801 ms","requestId":"31d887d5-e695-42fb-8c76-ee48874ee857","timestamp":"2026-09-26T11:12:53.754Z"}
{"level":"http","message":"GET /api/properties?noLimit=true 304 -b - 4.782 ms","requestId":"8ddb6871-010c-428f-a713-fbc9572429c2","timestamp":"2026-09-26T11:12:53.755Z"}
{"level":"http","message":"GET /api/ratings 304 -b - 3.157 ms","requestId":"b1328b2d-fc78-4d07-a576-ef540ddb6c00","timestamp":"2026-09-26T11:12:53.756Z"}
{"level":"http","message":"GET /api/settings 304 -b - 1.870 ms","requestId":"481fd6c7-4328-43b7-828c-1e5dc24d9968","timestamp":"2026-09-26T11:12:53.758Z"}
{"level":"http","message":"GET /api/blog?limit=1000 304 -b - 18.073 ms","requestId":"d5ef9837-47f7-422f-80dd-f8c634dd931a","timestamp":"2026-09-26T11:12:53.777Z"}
{"hasAuthHeader":true,"hasCookie":true,"level":"debug","message":"auth check","requestId":"29550d8c-5f40-4b62-9eab-d7d905a41e5c","timestamp":"2026-09-26T11:12:55.172Z"}
{"hasAuthHeader":true,"hasCookie":true,"level":"debug","message":"auth check","requestId":"15a7a4ab-c634-47fa-8804-aea56c9d5054","timestamp":"2026-09-26T11:12:55.174Z"}
{"hasAuthHeader":true,"hasCookie":true,"level":"debug","message":"auth check","requestId":"72b63ebd-707b-40de-80bc-a3508eb3c29a","timestamp":"2026-09-26T11:12:55.175Z"}
{"level":"http","message":"GET /api/messages 304 -b - 4.077 ms","requestId":"15a7a4ab-c634-47fa-8804-aea56c9d5054","timestamp":"2026-09-26T11:12:55.178Z"}
{"level":"http","message":"GET /api/users 304 -b - 6.411 ms","requestId":"29550d8c-5f40-4b62-9eab-d7d905a41e5c","timestamp":"2026-09-26T11:12:55.179Z"}
{"level":"http","message":"GET /api/appointments 304 -b - 4.833 ms","requestId":"72b63ebd-707b-40de-80bc-a3508eb3c29a","timestamp":"2026-09-26T11:12:55.180Z"}
{"level":"http","message":"GET /api/properties?noLimit=true 304 -b - 4.613 ms","requestId":"967f4205-d6c3-49af-affb-6bf5563b60d0","timestamp":"2026-09-26T11:12:55.181Z"}
{"level":"http","message":"GET /api/ratings 304 -b - 1.809 ms","requestId":"84d9f64d-5d55-4570-8f6b-6a4bd09ec7d7","timestamp":"2026-09-26T11:12:55.199Z"}
{"level":"http","message":"GET /api/settings 304 -b - 3.169 ms","requestId":"edbff0d5-9ec0-443e-aaf2-fc9d14b1e7a1","timestamp":"2026-09-26T11:12:55.233Z"}
{"level":"http","message":"GET /api/blog?limit=1000 304 -b - 39.111 ms","requestId":"e041559b-961e-4d55-b841-ccf4b9594b12","timestamp":"2026-09-26T11:12:55.265Z"}
{"level":"http","message":"GET /uploads/properties/properties-1788605866134-608810139-medium.webp 304 -b - 0.401 ms","requestId":"4e55e70f-de5b-47a4-a15b-e57c39385639","timestamp":"2026-09-26T11:12:55.457Z"}
{"hasAuthHeader":true,"hasCookie":true,"level":"debug","message":"auth check","requestId":"67dab4cb-c70a-4f21-b1d7-549ea8c1e79a","timestamp":"2026-09-26T11:12:56.927Z"}
{"hasAuthHeader":true,"hasCookie":true,"level":"debug","message":"auth check","requestId":"f67f2355-b99c-4deb-bbd8-a548b8862629","timestamp":"2026-09-26T11:12:56.929Z"}
{"hasAuthHeader":true,"hasCookie":true,"level":"debug","message":"auth check","requestId":"fad1cbf3-72e7-4804-8dcd-a5438873b6ed","timestamp":"2026-09-26T11:12:56.929Z"}
{"level":"http","message":"GET /api/messages 304 -b - 2.898 ms","requestId":"f67f2355-b99c-4deb-bbd8-a548b8862629","timestamp":"2026-09-26T11:12:56.932Z"}
{"level":"http","message":"GET /api/appointments 304 -b - 3.496 ms","requestId":"fad1cbf3-72e7-4804-8dcd-a5438873b6ed","timestamp":"2026-09-26T11:12:56.933Z"}
{"level":"http","message":"GET /api/users 304 -b - 7.345 ms","requestId":"67dab4cb-c70a-4f21-b1d7-549ea8c1e79a","timestamp":"2026-09-26T11:12:56.934Z"}
{"level":"http","message":"GET /api/properties?noLimit=true 304 -b - 4.449 ms","requestId":"5edb7b1e-20f4-40af-b199-c068ca677131","timestamp":"2026-09-26T11:12:56.935Z"}
{"level":"http","message":"GET /api/ratings 304 -b - 1.349 ms","requestId":"3964ea60-73a8-4248-bac3-2a49e8c8d90a","timestamp":"2026-09-26T11:12:56.954Z"}
{"level":"http","message":"GET /api/settings 304 -b - 1.946 ms","requestId":"ed8d0726-11b1-48af-9f78-48d8d3c7dda4","timestamp":"2026-09-26T11:12:56.955Z"}
{"level":"http","message":"GET /api/blog?limit=1000 304 -b - 19.594 ms","requestId":"197ca0ed-5d19-4d93-978d-238b7f4425f1","timestamp":"2026-09-26T11:12:56.972Z"}
{"level":"info","message":"Client disconnected from socket:","timestamp":"2026-09-26T11:12:58.116Z"}
{"hasAuthHeader":true,"hasCookie":true,"level":"debug","message":"auth check","requestId":"bdd2533a-3882-4dac-a19f-faaa2cfb92ff","timestamp":"2026-09-26T11:12:58.118Z"}
{"hasAuthHeader":true,"hasCookie":true,"level":"debug","message":"auth check","requestId":"9c3c11cc-a9a6-46ad-bd5c-cfb597b22557","timestamp":"2026-09-26T11:12:58.217Z"}
{"level":"http","message":"POST /api/stats/track-visit 200 31b - 0.758 ms","requestId":"9fa1dc82-7351-4d96-a8ac-efed16bbcdc0","timestamp":"2026-09-26T11:12:58.220Z"}
{"level":"http","message":"GET /api/auth/me 304 -b - 8.234 ms","requestId":"9c3c11cc-a9a6-46ad-bd5c-cfb597b22557","timestamp":"2026-09-26T11:12:58.228Z"}
{"level":"http","message":"GET /api/settings 304 -b - 10.680 ms","requestId":"9e59b110-6128-4610-9408-bc0279528e5f","timestamp":"2026-09-26T11:12:58.231Z"}
{"level":"http","message":"GET /api/properties?page=1&limit=24&excludeSold=true 304 -b - 14.053 ms","requestId":"e6678131-dd82-473d-b18b-c2065a1cac58","timestamp":"2026-09-26T11:12:58.232Z"}
{"level":"http","message":"GET /api/locations 304 -b - 13.338 ms","requestId":"75f0fab2-1442-4651-a7e6-617263eeb9ec","timestamp":"2026-09-26T11:12:58.235Z"}
{"level":"http","message":"POST /api/stats/track-visit 200 31b - 1.225 ms","requestId":"c7fb4ea9-e554-4bab-acb9-27d000c13367","timestamp":"2026-09-26T11:12:58.239Z"}
{"level":"http","message":"GET /api/blog?limit=1000 304 -b - 27.860 ms","requestId":"d3bd2e83-cd52-43a2-8f7e-4261d67d011d","timestamp":"2026-09-26T11:12:58.251Z"}
{"level":"http","message":"GET /api/ratings 304 -b - 15.144 ms","requestId":"2478b5e0-9dac-4bf7-9351-aa9d4372d731","timestamp":"2026-09-26T11:12:58.252Z"}
{"hasAuthHeader":true,"hasCookie":true,"level":"debug","message":"auth check","requestId":"ffbd143a-99c6-445b-82a9-e1edf68dc256","timestamp":"2026-09-26T11:12:58.253Z"}
{"hasAuthHeader":true,"hasCookie":true,"level":"debug","message":"auth check","requestId":"1e798516-b40d-4d80-98f4-b6ea7099bd0d","timestamp":"2026-09-26T11:12:58.256Z"}
{"hasAuthHeader":true,"hasCookie":true,"level":"debug","message":"auth check","requestId":"a65d7662-a1a2-4052-ad1e-041756646da7","timestamp":"2026-09-26T11:12:58.258Z"}
{"level":"http","message":"GET /api/auth/me 304 -b - 6.055 ms","requestId":"ffbd143a-99c6-445b-82a9-e1edf68dc256","timestamp":"2026-09-26T11:12:58.259Z"}
{"level":"http","message":"GET /api/properties?noLimit=true 304 -b - 5.556 ms","requestId":"f247df98-d10f-43a2-b24a-3279a8421385","timestamp":"2026-09-26T11:12:58.260Z"}
{"hasAuthHeader":true,"hasCookie":true,"level":"debug","message":"auth check","requestId":"077a59bd-c7ed-41f4-896c-16e90ad1f26a","timestamp":"2026-09-26T11:12:58.262Z"}
{"level":"http","message":"GET /api/appointments 304 -b - 8.070 ms","requestId":"1e798516-b40d-4d80-98f4-b6ea7099bd0d","timestamp":"2026-09-26T11:12:58.264Z"}
{"level":"http","message":"GET /api/users 304 -b - 7.151 ms","requestId":"a65d7662-a1a2-4052-ad1e-041756646da7","timestamp":"2026-09-26T11:12:58.265Z"}
{"level":"http","message":"GET /api/messages 304 -b - 4.168 ms","requestId":"077a59bd-c7ed-41f4-896c-16e90ad1f26a","timestamp":"2026-09-26T11:12:58.266Z"}
{"hasAuthHeader":true,"hasCookie":true,"level":"debug","message":"auth check","requestId":"94dfe39c-58e8-4810-b6a5-c1003e93074e","timestamp":"2026-09-26T11:12:58.284Z"}
{"level":"http","message":"GET /api/notifications/unread-count 304 -b - 2.905 ms","requestId":"94dfe39c-58e8-4810-b6a5-c1003e93074e","timestamp":"2026-09-26T11:12:58.287Z"}
{"hasAuthHeader":true,"hasCookie":true,"level":"debug","message":"auth check","requestId":"84c49e81-61d2-4dc7-bb32-64afa6cc26bb","timestamp":"2026-09-26T11:12:58.293Z"}
{"level":"http","message":"GET /api/notifications/unread-count 304 -b - 2.389 ms","requestId":"84c49e81-61d2-4dc7-bb32-64afa6cc26bb","timestamp":"2026-09-26T11:12:58.295Z"}
{"level":"info","message":"Client connected to socket:","timestamp":"2026-09-26T11:12:58.307Z"}
{"hasAuthHeader":true,"hasCookie":true,"level":"debug","message":"auth check","requestId":"ba94efa4-6496-4558-8a1b-21835b44d495","timestamp":"2026-09-26T11:12:58.615Z"}
{"hasAuthHeader":true,"hasCookie":true,"level":"debug","message":"auth check","requestId":"8387d3ab-eecf-4ce5-9646-0d13d0b23132","timestamp":"2026-09-26T11:12:58.616Z"}
{"hasAuthHeader":true,"hasCookie":true,"level":"debug","message":"auth check","requestId":"eb6fb8d6-1704-4e9b-bbb0-d6bc284d1afc","timestamp":"2026-09-26T11:12:58.618Z"}
{"hasAuthHeader":true,"hasCookie":true,"level":"debug","message":"auth check","requestId":"b107c9db-7328-4d42-8d40-b0d5112491ad","timestamp":"2026-09-26T11:12:58.621Z"}
{"level":"http","message":"GET /api/appointments 304 -b - 6.085 ms","requestId":"8387d3ab-eecf-4ce5-9646-0d13d0b23132","timestamp":"2026-09-26T11:12:58.622Z"}
{"level":"http","message":"GET /api/users 304 -b - 8.741 ms","requestId":"ba94efa4-6496-4558-8a1b-21835b44d495","timestamp":"2026-09-26T11:12:58.623Z"}
{"level":"http","message":"GET /api/ratings 304 -b - 4.336 ms","requestId":"b99c563e-cb8f-48d2-a22a-08f00d798704","timestamp":"2026-09-26T11:12:58.624Z"}
{"level":"http","message":"GET /api/properties?noLimit=true 304 -b - 6.170 ms","requestId":"0db08e57-e3d4-4005-b842-ae0ba82ee3c4","timestamp":"2026-09-26T11:12:58.625Z"}
{"level":"http","message":"GET /api/messages 304 -b - 5.257 ms","requestId":"b107c9db-7328-4d42-8d40-b0d5112491ad","timestamp":"2026-09-26T11:12:58.626Z"}
{"hasAuthHeader":true,"hasCookie":true,"level":"debug","message":"auth check","requestId":"0a7ed302-92ee-4eca-8036-12982a72996a","timestamp":"2026-09-26T11:12:58.634Z"}
{"hasAuthHeader":true,"hasCookie":true,"level":"debug","message":"auth check","requestId":"896c7a57-f7eb-414b-9e08-27a49b2ea0aa","timestamp":"2026-09-26T11:12:58.636Z"}
{"hasAuthHeader":true,"hasCookie":true,"level":"debug","message":"auth check","requestId":"69d05054-444f-42ce-8365-6a959cf6216f","timestamp":"2026-09-26T11:12:58.637Z"}
{"level":"http","message":"GET /api/demands 304 -b - 3.989 ms","requestId":"0a7ed302-92ee-4eca-8036-12982a72996a","timestamp":"2026-09-26T11:12:58.639Z"}
{"level":"http","message":"GET /api/settings 304 -b - 3.780 ms","requestId":"36da4787-8994-4ae7-80b3-8245aa760d8b","timestamp":"2026-09-26T11:12:58.639Z"}
{"level":"http","message":"GET /api/appointments 304 -b - 4.600 ms","requestId":"896c7a57-f7eb-414b-9e08-27a49b2ea0aa","timestamp":"2026-09-26T11:12:58.641Z"}
{"level":"http","message":"GET /api/users 304 -b - 4.802 ms","requestId":"69d05054-444f-42ce-8365-6a959cf6216f","timestamp":"2026-09-26T11:12:58.642Z"}
{"level":"http","message":"GET /api/blog?limit=1000 304 -b - 21.768 ms","requestId":"a1def12c-bb64-4092-a72e-206f7e6d0dab","timestamp":"2026-09-26T11:12:58.655Z"}
{"hasAuthHeader":true,"hasCookie":true,"level":"debug","message":"auth check","requestId":"e6d61127-28b0-441d-a12c-bcfcec8ecc9a","timestamp":"2026-09-26T11:12:58.658Z"}
{"hasAuthHeader":true,"hasCookie":true,"level":"debug","message":"auth check","requestId":"743bc46a-132a-4d3f-a504-3946cd0ca962","timestamp":"2026-09-26T11:12:58.659Z"}
{"level":"http","message":"GET /api/ratings 304 -b - 3.823 ms","requestId":"dc17e75b-bc24-47d1-997b-802fd615df98","timestamp":"2026-09-26T11:12:58.660Z"}
{"level":"http","message":"GET /api/messages 304 -b - 3.549 ms","requestId":"e6d61127-28b0-441d-a12c-bcfcec8ecc9a","timestamp":"2026-09-26T11:12:58.662Z"}
{"level":"http","message":"GET /api/properties?noLimit=true 304 -b - 5.162 ms","requestId":"72b08471-8576-4ecc-a314-ab0aedcced36","timestamp":"2026-09-26T11:12:58.662Z"}
{"level":"http","message":"GET /api/demands 304 -b - 5.223 ms","requestId":"743bc46a-132a-4d3f-a504-3946cd0ca962","timestamp":"2026-09-26T11:12:58.664Z"}
{"level":"http","message":"GET /api/settings 304 -b - 2.496 ms","requestId":"2e685c82-e649-4cb0-a581-f503d32a54cd","timestamp":"2026-09-26T11:12:58.666Z"}
{"level":"http","message":"GET /api/blog?limit=1000 304 -b - 16.863 ms","requestId":"73137afa-a585-4474-ba5f-110c030d7b42","timestamp":"2026-09-26T11:12:58.685Z"}
{"level":"error","message":"[ANALYTICS] Error flushing website visits buffer:","requestId":"4439f41d-d6ee-41bb-b274-9aced7a4acf7","stack":"Error: \n    at AbortSignal.listener (C:\\Users\\LOOK IMMO\\Desktop\\lOOK-IMMO.TN\\Look-Immo-API\\node_modules\\@redis\\client\\lib\\client\\commands-queue.ts:297:19)\n    at AbortSignal.[nodejs.internal.kHybridDispatch] (node:internal/event_target:843:20)\n    at AbortSignal.dispatchEvent (node:internal/event_target:776:26)\n    at runAbort (node:internal/abort_controller:488:10)\n    at abortSignal (node:internal/abort_controller:459:3)\n    at Timeout._onTimeout (node:internal/abort_controller:152:7)\n    at listOnTimeout (node:internal/timers:605:17)\n    at processTimers (node:internal/timers:541:7)","timestamp":"2026-09-26T11:12:58.686Z"}
{"level":"http","message":"GET /api/stats/dashboard 304 -b - 5048.868 ms","requestId":"4439f41d-d6ee-41bb-b274-9aced7a4acf7","timestamp":"2026-09-26T11:12:58.725Z"}
{"level":"error","message":"[ANALYTICS] Error flushing website visits buffer:","requestId":"bdd2533a-3882-4dac-a19f-faaa2cfb92ff","stack":"Error: \n    at AbortSignal.listener (C:\\Users\\LOOK IMMO\\Desktop\\lOOK-IMMO.TN\\Look-Immo-API\\node_modules\\@redis\\client\\lib\\client\\commands-queue.ts:297:19)\n    at AbortSignal.[nodejs.internal.kHybridDispatch] (node:internal/event_target:843:20)\n    at AbortSignal.dispatchEvent (node:internal/event_target:776:26)\n    at runAbort (node:internal/abort_controller:488:10)\n    at abortSignal (node:internal/abort_controller:459:3)\n    at Timeout._onTimeout (node:internal/abort_controller:152:7)\n    at listOnTimeout (node:internal/timers:605:17)\n    at processTimers (node:internal/timers:541:7)","timestamp":"2026-09-26T11:13:03.122Z"}
{"level":"http","message":"GET /api/stats/dashboard 200 -b - 5013.385 ms","requestId":"bdd2533a-3882-4dac-a19f-faaa2cfb92ff","timestamp":"2026-09-26T11:13:03.133Z"}
{"level":"error","message":"[ANALYTICS] Error flushing website visits buffer:","requestId":"eb6fb8d6-1704-4e9b-bbb0-d6bc284d1afc","stack":"Error: \n    at AbortSignal.listener (C:\\Users\\LOOK IMMO\\Desktop\\lOOK-IMMO.TN\\Look-Immo-API\\node_modules\\@redis\\client\\lib\\client\\commands-queue.ts:297:19)\n    at AbortSignal.[nodejs.internal.kHybridDispatch] (node:internal/event_target:843:20)\n    at AbortSignal.dispatchEvent (node:internal/event_target:776:26)\n    at runAbort (node:internal/abort_controller:488:10)\n    at abortSignal (node:internal/abort_controller:459:3)\n    at Timeout._onTimeout (node:internal/abort_controller:152:7)\n    at listOnTimeout (node:internal/timers:605:17)\n    at processTimers (node:internal/timers:541:7)","timestamp":"2026-09-26T11:13:03.619Z"}
{"level":"http","message":"GET /api/stats/dashboard 200 -b - 5013.608 ms","requestId":"eb6fb8d6-1704-4e9b-bbb0-d6bc284d1afc","timestamp":"2026-09-26T11:13:03.631Z"}
{"hasAuthHeader":true,"hasCookie":true,"level":"debug","message":"auth check","requestId":"c0981089-aaae-4ba6-99ce-b1ed142a3231","timestamp":"2026-09-26T11:13:03.637Z"}
{"level":"error","message":"[ANALYTICS] Error flushing website visits buffer:","stack":"Error: \n    at AbortSignal.listener (C:\\Users\\LOOK IMMO\\Desktop\\lOOK-IMMO.TN\\Look-Immo-API\\node_modules\\@redis\\client\\lib\\client\\commands-queue.ts:297:19)\n    at AbortSignal.[nodejs.internal.kHybridDispatch] (node:internal/event_target:843:20)\n    at AbortSignal.dispatchEvent (node:internal/event_target:776:26)\n    at runAbort (node:internal/abort_controller:488:10)\n    at abortSignal (node:internal/abort_controller:459:3)\n    at Timeout._onTimeout (node:internal/abort_controller:152:7)\n    at listOnTimeout (node:internal/timers:605:17)\n    at processTimers (node:internal/timers:541:7)","timestamp":"2026-09-26T11:13:05.018Z"}
{"hasAuthHeader":true,"hasCookie":true,"level":"debug","message":"auth check","requestId":"72001af7-cb21-47fc-9524-b5aad5fec357","timestamp":"2026-09-26T11:13:06.010Z"}
{"level":"http","message":"GET /api/users 304 -b - 5.115 ms","requestId":"72001af7-cb21-47fc-9524-b5aad5fec357","timestamp":"2026-09-26T11:13:06.015Z"}
{"hasAuthHeader":true,"hasCookie":true,"level":"debug","message":"auth check","requestId":"0c6db5c1-f327-41a4-9dcb-818a664c2ba4","timestamp":"2026-09-26T11:13:06.016Z"}
{"hasAuthHeader":true,"hasCookie":true,"level":"debug","message":"auth check","requestId":"c88f67ba-0b5b-4e44-a425-96cc09752542","timestamp":"2026-09-26T11:13:06.018Z"}
{"level":"http","message":"GET /api/messages 304 -b - 3.808 ms","requestId":"0c6db5c1-f327-41a4-9dcb-818a664c2ba4","timestamp":"2026-09-26T11:13:06.020Z"}
{"level":"http","message":"GET /api/properties?noLimit=true 304 -b - 4.136 ms","requestId":"75cd63c6-63b8-4ea7-b2da-3003b2720f5f","timestamp":"2026-09-26T11:13:06.022Z"}
{"level":"http","message":"GET /api/appointments 304 -b - 4.414 ms","requestId":"c88f67ba-0b5b-4e44-a425-96cc09752542","timestamp":"2026-09-26T11:13:06.023Z"}
{"level":"http","message":"GET /api/ratings 304 -b - 4.601 ms","requestId":"70ed04de-e298-46db-b195-4cade2aba507","timestamp":"2026-09-26T11:13:06.024Z"}
{"level":"http","message":"GET /api/settings 304 -b - 1.991 ms","requestId":"f0365067-1e27-4173-8050-ba2f18e68784","timestamp":"2026-09-26T11:13:06.029Z"}
{"level":"http","message":"GET /api/blog?limit=1000 304 -b - 23.204 ms","requestId":"8cb8b69a-c578-40c9-9dec-6b1aafe4f120","timestamp":"2026-09-26T11:13:06.048Z"}
{"level":"http","message":"GET /uploads/properties/properties-1788605866134-608810139-medium.webp 304 -b - 0.536 ms","requestId":"4042647f-d8c3-46ad-8a88-2de9e105616e","timestamp":"2026-09-26T11:13:06.322Z"}
{"level":"error","message":"[ANALYTICS] Error flushing website visits buffer:","requestId":"c0981089-aaae-4ba6-99ce-b1ed142a3231","stack":"Error: \n    at AbortSignal.listener (C:\\Users\\LOOK IMMO\\Desktop\\lOOK-IMMO.TN\\Look-Immo-API\\node_modules\\@redis\\client\\lib\\client\\commands-queue.ts:297:19)\n    at AbortSignal.[nodejs.internal.kHybridDispatch] (node:internal/event_target:843:20)\n    at AbortSignal.dispatchEvent (node:internal/event_target:776:26)\n    at runAbort (node:internal/abort_controller:488:10)\n    at abortSignal (node:internal/abort_controller:459:3)\n    at Timeout._onTimeout (node:internal/abort_controller:152:7)\n    at listOnTimeout (node:internal/timers:605:17)\n    at processTimers (node:internal/timers:541:7)","timestamp":"2026-09-26T11:13:08.651Z"}
{"level":"http","message":"GET /api/stats/dashboard 304 -b - 5027.163 ms","requestId":"c0981089-aaae-4ba6-99ce-b1ed142a3231","timestamp":"2026-09-26T11:13:08.664Z"}
{"level":"http","message":"GET /uploads/blog/blog-1788968625582-524088727.webp 304 -b - 0.279 ms","requestId":"88c984e2-2072-4a53-bbf7-4c1fd9f9289f","timestamp":"2026-09-26T11:13:09.099Z"}
{"level":"info","message":"Client disconnected from socket:","timestamp":"2026-09-26T11:13:09.121Z"}
{"level":"http","message":"GET /api/properties?category=land&type=sale&isHotDeal=true&noLimit=true&excludeSold=true 304 -b - 3.397 ms","requestId":"e499a82b-cc8f-4588-b2a1-489a9765b698","timestamp":"2026-09-26T11:13:09.131Z"}
{"level":"info","message":"Client connected to socket:","timestamp":"2026-09-26T11:13:09.151Z"}
{"level":"info","message":"Client disconnected from socket:","timestamp":"2026-09-26T11:13:11.162Z"}
{"level":"info","message":"Client connected to socket:","timestamp":"2026-09-26T11:13:11.183Z"}
{"level":"http","message":"GET /api/properties/cmrbxyqhh00046twmx91ole5r 200 -b - 4.850 ms","requestId":"97792b85-0b40-43fd-acfc-be5f70a28345","timestamp":"2026-09-26T11:13:11.258Z"}
{"level":"http","message":"GET /api/properties/cmrbxyqhh00046twmx91ole5r 304 -b - 4.214 ms","requestId":"b628c5b2-9788-4fd8-b319-9d35a4481015","timestamp":"2026-09-26T11:13:11.266Z"}
{"level":"info","message":"Client connected to socket:","timestamp":"2026-09-26T11:13:11.269Z"}
{"level":"http","message":"GET /uploads/properties/properties-1785401956905-995455524-thumb.webp 200 19630b - 2.617 ms","requestId":"0b68af81-285f-459c-9ad8-81f681523ef4","timestamp":"2026-09-26T11:13:11.291Z"}
{"level":"http","message":"GET /uploads/properties/properties-1785402287635-734602533-thumb.webp 200 17552b - 3.487 ms","requestId":"859ed57b-51aa-4987-b715-47efde2bf24c","timestamp":"2026-09-26T11:13:11.292Z"}
{"level":"http","message":"GET /uploads/properties/properties-1785402288111-269948617-thumb.webp 200 29052b - 3.779 ms","requestId":"6fd75b6c-b057-41af-a4e9-49838a611735","timestamp":"2026-09-26T11:13:11.293Z"}
{"level":"http","message":"GET /uploads/properties/properties-1785402288364-783957434-thumb.webp 200 16940b - 4.208 ms","requestId":"8ccb72b4-e2b1-4d86-a14e-8156def9b7d9","timestamp":"2026-09-26T11:13:11.294Z"}
{"level":"info","message":"Client disconnected from socket:","timestamp":"2026-09-26T11:13:11.301Z"}
{"level":"http","message":"GET /uploads/properties/properties-1785402288591-837053780-thumb.webp 200 16642b - 0.940 ms","requestId":"91c3522a-8c67-469c-895b-b40e7651e23a","timestamp":"2026-09-26T11:13:11.304Z"}
{"level":"http","message":"GET /uploads/properties/properties-1785402288850-70781833-thumb.webp 200 22506b - 1.550 ms","requestId":"1480964c-b04d-4a34-a074-98c11fa8251d","timestamp":"2026-09-26T11:13:11.305Z"}
{"level":"http","message":"GET /uploads/properties/properties-1785401956905-995455524-large.webp 200 88666b - 1.314 ms","requestId":"8aac4f2e-5282-4b0f-becb-c7eef21f9553","timestamp":"2026-09-26T11:13:11.308Z"}
{"level":"http","message":"GET /uploads/properties/properties-1785402288850-70781833-large.webp 200 165114b - 1.227 ms","requestId":"b3fef8fe-a954-4772-8fee-bc652b9d5932","timestamp":"2026-09-26T11:13:11.309Z"}
{"hasAuthHeader":true,"hasCookie":true,"level":"debug","message":"auth check","requestId":"58b3c342-de76-4468-b1da-c392264eab6a","timestamp":"2026-09-26T11:13:53.827Z"}
{"hasAuthHeader":true,"hasCookie":true,"level":"debug","message":"auth check","requestId":"2c7df2b2-a4a4-436a-8ce6-9afccfd2ed2a","timestamp":"2026-09-26T11:13:53.828Z"}
{"level":"http","message":"GET /api/appointments 304 -b - 2.823 ms","requestId":"58b3c342-de76-4468-b1da-c392264eab6a","timestamp":"2026-09-26T11:13:53.830Z"}
{"level":"http","message":"GET /api/messages 304 -b - 2.915 ms","requestId":"2c7df2b2-a4a4-436a-8ce6-9afccfd2ed2a","timestamp":"2026-09-26T11:13:53.831Z"}
{"level":"http","message":"GET /api/blog?limit=1000 304 -b - 22.023 ms","requestId":"9b06d210-3e28-452c-82b9-106cd56dc872","timestamp":"2026-09-26T11:13:53.848Z"}
{"hasAuthHeader":true,"hasCookie":true,"level":"debug","message":"auth check","requestId":"757cc87d-762a-4a82-b8b6-2260753bd01a","timestamp":"2026-09-26T11:13:59.266Z"}
{"level":"http","message":"GET /api/notifications/unread-count 304 -b - 3.663 ms","requestId":"757cc87d-762a-4a82-b8b6-2260753bd01a","timestamp":"2026-09-26T11:13:59.269Z"}
{"level":"error","message":"[ANALYTICS] Error flushing website visits buffer:","stack":"Error: \n    at AbortSignal.listener (C:\\Users\\LOOK IMMO\\Desktop\\lOOK-IMMO.TN\\Look-Immo-API\\node_modules\\@redis\\client\\lib\\client\\commands-queue.ts:297:19)\n    at AbortSignal.[nodejs.internal.kHybridDispatch] (node:internal/event_target:843:20)\n    at AbortSignal.dispatchEvent (node:internal/event_target:776:26)\n    at runAbort (node:internal/abort_controller:488:10)\n    at abortSignal (node:internal/abort_controller:459:3)\n    at Timeout._onTimeout (node:internal/abort_controller:152:7)\n    at listOnTimeout (node:internal/timers:605:17)\n    at processTimers (node:internal/timers:541:7)","timestamp":"2026-09-26T11:14:05.028Z"}
{"level":"info","message":"[BOOTSTRAP] Uploads root: C:\\Users\\LOOK IMMO\\Desktop\\lOOK-IMMO.TN\\Look-Immo-API\\uploads","timestamp":"2026-09-26T11:14:17.181Z"}
{"level":"info","message":"[ExchangeRates] Cron job scheduled (every hour). Initial fetch in progress...","timestamp":"2026-09-26T11:14:17.246Z"}
{"apiBase":"http://localhost:5000/api","env":"development","health":"http://localhost:5000/health","level":"info","message":"Server started","port":"5000","timestamp":"2026-09-26T11:14:17.252Z","websockets":true}
{"level":"warn","message":"[REDIS] Could not reach Redis server. Caching disabled. Error:","timestamp":"2026-09-26T11:14:17.270Z"}
{"level":"info","message":"[BOOTSTRAP] Uploads root: C:\\Users\\LOOK IMMO\\Desktop\\lOOK-IMMO.TN\\Look-Immo-API\\uploads","timestamp":"2026-09-26T11:14:19.133Z"}
{"level":"info","message":"[ExchangeRates] Cron job scheduled (every hour). Initial fetch in progress...","timestamp":"2026-09-26T11:14:19.189Z"}
{"apiBase":"http://localhost:5000/api","env":"development","health":"http://localhost:5000/health","level":"info","message":"Server started","port":"5000","timestamp":"2026-09-26T11:14:19.194Z","websockets":true}
{"level":"warn","message":"[REDIS] Could not reach Redis server. Caching disabled. Error:","timestamp":"2026-09-26T11:14:19.207Z"}
{"level":"info","message":"[ExchangeRates] ✅ Fetched fresh rates — USD: 0.3392, EUR: 0.2970","timestamp":"2026-09-26T11:14:19.399Z"}
{"level":"info","message":"Client connected to socket:","timestamp":"2026-09-26T11:14:24.271Z"}
{"level":"info","message":"[BOOTSTRAP] Uploads root: C:\\Users\\LOOK IMMO\\Desktop\\lOOK-IMMO.TN\\Look-Immo-API\\uploads","timestamp":"2026-09-26T11:14:51.404Z"}
{"level":"info","message":"[ExchangeRates] Cron job scheduled (every hour). Initial fetch in progress...","timestamp":"2026-09-26T11:14:51.466Z"}
{"apiBase":"http://localhost:5000/api","env":"development","health":"http://localhost:5000/health","level":"info","message":"Server started","port":"5000","timestamp":"2026-09-26T11:14:51.469Z","websockets":true}
{"level":"warn","message":"[REDIS] Could not reach Redis server. Caching disabled. Error:","timestamp":"2026-09-26T11:14:51.484Z"}
{"level":"info","message":"[ExchangeRates] ✅ Fetched fresh rates — USD: 0.3392, EUR: 0.2970","timestamp":"2026-09-26T11:14:51.666Z"}
{"level":"info","message":"Client connected to socket:","timestamp":"2026-09-26T11:14:52.273Z"}
{"hasAuthHeader":true,"hasCookie":true,"level":"debug","message":"auth check","requestId":"c9bd19ab-193f-49bd-81fc-95de3edf3b3d","timestamp":"2026-09-26T11:14:59.260Z"}
{"level":"http","message":"GET /api/notifications/unread-count 304 -b - 35.481 ms","requestId":"c9bd19ab-193f-49bd-81fc-95de3edf3b3d","timestamp":"2026-09-26T11:14:59.293Z"}
{"level":"info","message":"[BOOTSTRAP] Uploads root: C:\\Users\\LOOK IMMO\\Desktop\\lOOK-IMMO.TN\\Look-Immo-API\\uploads","timestamp":"2026-09-26T11:15:03.706Z"}
{"level":"info","message":"[ExchangeRates] Cron job scheduled (every hour). Initial fetch in progress...","timestamp":"2026-09-26T11:15:03.771Z"}
{"apiBase":"http://localhost:5000/api","env":"development","health":"http://localhost:5000/health","level":"info","message":"Server started","port":"5000","timestamp":"2026-09-26T11:15:03.775Z","websockets":true}
{"level":"warn","message":"[REDIS] Could not reach Redis server. Caching disabled. Error:","timestamp":"2026-09-26T11:15:03.790Z"}
{"level":"info","message":"[ExchangeRates] ✅ Fetched fresh rates — USD: 0.3392, EUR: 0.2970","timestamp":"2026-09-26T11:15:03.990Z"}
{"level":"info","message":"Client connected to socket:","timestamp":"2026-09-26T11:15:04.276Z"}
{"hasAuthHeader":true,"hasCookie":true,"level":"debug","message":"auth check","requestId":"d096edac-e5dd-4e0c-a3fb-b0c9eb715495","timestamp":"2026-09-26T11:15:59.268Z"}
{"level":"http","message":"GET /api/notifications/unread-count 304 -b - 35.039 ms","requestId":"d096edac-e5dd-4e0c-a3fb-b0c9eb715495","timestamp":"2026-09-26T11:15:59.301Z"}
{"level":"error","message":"[ANALYTICS] Error flushing website visits buffer:","stack":"Error: \n    at AbortSignal.listener (C:\\Users\\LOOK IMMO\\Desktop\\lOOK-IMMO.TN\\Look-Immo-API\\node_modules\\@redis\\client\\lib\\client\\commands-queue.ts:297:19)\n    at AbortSignal.[nodejs.internal.kHybridDispatch] (node:internal/event_target:843:20)\n    at AbortSignal.dispatchEvent (node:internal/event_target:776:26)\n    at runAbort (node:internal/abort_controller:488:10)\n    at abortSignal (node:internal/abort_controller:459:3)\n    at Timeout._onTimeout (node:internal/abort_controller:152:7)\n    at listOnTimeout (node:internal/timers:605:17)\n    at processTimers (node:internal/timers:541:7)","timestamp":"2026-09-26T11:16:05.024Z"}
{"hasAuthHeader":true,"hasCookie":true,"level":"debug","message":"auth check","requestId":"c31383f3-a08d-4826-8fe5-86cd4f174de4","timestamp":"2026-09-26T11:16:59.252Z"}
{"level":"http","message":"GET /api/notifications/unread-count 304 -b - 3.667 ms","requestId":"c31383f3-a08d-4826-8fe5-86cd4f174de4","timestamp":"2026-09-26T11:16:59.255Z"}
{"level":"error","message":"[ANALYTICS] Error flushing website visits buffer:","stack":"Error: \n    at AbortSignal.listener (C:\\Users\\LOOK IMMO\\Desktop\\lOOK-IMMO.TN\\Look-Immo-API\\node_modules\\@redis\\client\\lib\\client\\commands-queue.ts:297:19)\n    at AbortSignal.[nodejs.internal.kHybridDispatch] (node:internal/event_target:843:20)\n    at AbortSignal.dispatchEvent (node:internal/event_target:776:26)\n    at runAbort (node:internal/abort_controller:488:10)\n    at abortSignal (node:internal/abort_controller:459:3)\n    at Timeout._onTimeout (node:internal/abort_controller:152:7)\n    at listOnTimeout (node:internal/timers:605:17)\n    at processTimers (node:internal/timers:541:7)","timestamp":"2026-09-26T11:17:05.018Z"}
{"hasAuthHeader":true,"hasCookie":true,"level":"debug","message":"auth check","requestId":"a7d01303-d6dc-4c3d-82d8-e51e08e8c63b","timestamp":"2026-09-26T11:17:59.259Z"}
{"level":"http","message":"GET /api/notifications/unread-count 304 -b - 2.415 ms","requestId":"a7d01303-d6dc-4c3d-82d8-e51e08e8c63b","timestamp":"2026-09-26T11:17:59.261Z"}
{"level":"error","message":"[ANALYTICS] Error flushing website visits buffer:","stack":"Error: \n    at AbortSignal.listener (C:\\Users\\LOOK IMMO\\Desktop\\lOOK-IMMO.TN\\Look-Immo-API\\node_modules\\@redis\\client\\lib\\client\\commands-queue.ts:297:19)\n    at AbortSignal.[nodejs.internal.kHybridDispatch] (node:internal/event_target:843:20)\n    at AbortSignal.dispatchEvent (node:internal/event_target:776:26)\n    at runAbort (node:internal/abort_controller:488:10)\n    at abortSignal (node:internal/abort_controller:459:3)\n    at Timeout._onTimeout (node:internal/abort_controller:152:7)\n    at listOnTimeout (node:internal/timers:605:17)\n    at processTimers (node:internal/timers:541:7)","timestamp":"2026-09-26T11:18:05.017Z"}
{"level":"error","message":"[ANALYTICS] Error flushing website visits buffer:","stack":"Error: \n    at AbortSignal.listener (C:\\Users\\LOOK IMMO\\Desktop\\lOOK-IMMO.TN\\Look-Immo-API\\node_modules\\@redis\\client\\lib\\client\\commands-queue.ts:297:19)\n    at AbortSignal.[nodejs.internal.kHybridDispatch] (node:internal/event_target:843:20)\n    at AbortSignal.dispatchEvent (node:internal/event_target:776:26)\n    at runAbort (node:internal/abort_controller:488:10)\n    at abortSignal (node:internal/abort_controller:459:3)\n    at Timeout._onTimeout (node:internal/abort_controller:152:7)\n    at listOnTimeout (node:internal/timers:605:17)\n    at processTimers (node:internal/timers:541:7)","timestamp":"2026-09-26T11:19:05.026Z"}
{"hasAuthHeader":true,"hasCookie":true,"level":"debug","message":"auth check","requestId":"26d82ebb-9378-4e2f-8041-58604ebc53e5","timestamp":"2026-09-26T11:19:10.264Z"}
{"level":"http","message":"GET /api/notifications/unread-count 304 -b - 2.556 ms","requestId":"26d82ebb-9378-4e2f-8041-58604ebc53e5","timestamp":"2026-09-26T11:19:10.267Z"}
{"level":"error","message":"[ANALYTICS] Error flushing website visits buffer:","stack":"Error: \n    at AbortSignal.listener (C:\\Users\\LOOK IMMO\\Desktop\\lOOK-IMMO.TN\\Look-Immo-API\\node_modules\\@redis\\client\\lib\\client\\commands-queue.ts:297:19)\n    at AbortSignal.[nodejs.internal.kHybridDispatch] (node:internal/event_target:843:20)\n    at AbortSignal.dispatchEvent (node:internal/event_target:776:26)\n    at runAbort (node:internal/abort_controller:488:10)\n    at abortSignal (node:internal/abort_controller:459:3)\n    at Timeout._onTimeout (node:internal/abort_controller:152:7)\n    at listOnTimeout (node:internal/timers:605:17)\n    at processTimers (node:internal/timers:541:7)","timestamp":"2026-09-26T11:20:05.011Z"}
{"hasAuthHeader":true,"hasCookie":true,"level":"debug","message":"auth check","requestId":"38123f48-9e05-4a7a-891e-7c67ebb40a5a","timestamp":"2026-09-26T11:20:10.258Z"}
{"level":"http","message":"GET /api/notifications/unread-count 304 -b - 2.494 ms","requestId":"38123f48-9e05-4a7a-891e-7c67ebb40a5a","timestamp":"2026-09-26T11:20:10.261Z"}
{"level":"error","message":"[ANALYTICS] Error flushing website visits buffer:","stack":"Error: \n    at AbortSignal.listener (C:\\Users\\LOOK IMMO\\Desktop\\lOOK-IMMO.TN\\Look-Immo-API\\node_modules\\@redis\\client\\lib\\client\\commands-queue.ts:297:19)\n    at AbortSignal.[nodejs.internal.kHybridDispatch] (node:internal/event_target:843:20)\n    at AbortSignal.dispatchEvent (node:internal/event_target:776:26)\n    at runAbort (node:internal/abort_controller:488:10)\n    at abortSignal (node:internal/abort_controller:459:3)\n    at Timeout._onTimeout (node:internal/abort_controller:152:7)\n    at listOnTimeout (node:internal/timers:605:17)\n    at processTimers (node:internal/timers:541:7)","timestamp":"2026-09-26T11:21:05.017Z"}
{"hasAuthHeader":true,"hasCookie":true,"level":"debug","message":"auth check","requestId":"3b7b28e0-2a7d-4eb1-bcca-d676164f38d8","timestamp":"2026-09-26T11:21:10.261Z"}
{"level":"http","message":"GET /api/notifications/unread-count 304 -b - 33.084 ms","requestId":"3b7b28e0-2a7d-4eb1-bcca-d676164f38d8","timestamp":"2026-09-26T11:21:10.294Z"}
{"level":"error","message":"[ANALYTICS] Error flushing website visits buffer:","stack":"Error: \n    at AbortSignal.listener (C:\\Users\\LOOK IMMO\\Desktop\\lOOK-IMMO.TN\\Look-Immo-API\\node_modules\\@redis\\client\\lib\\client\\commands-queue.ts:297:19)\n    at AbortSignal.[nodejs.internal.kHybridDispatch] (node:internal/event_target:843:20)\n    at AbortSignal.dispatchEvent (node:internal/event_target:776:26)\n    at runAbort (node:internal/abort_controller:488:10)\n    at abortSignal (node:internal/abort_controller:459:3)\n    at Timeout._onTimeout (node:internal/abort_controller:152:7)\n    at listOnTimeout (node:internal/timers:605:17)\n    at processTimers (node:internal/timers:541:7)","timestamp":"2026-09-26T11:22:05.025Z"}
{"hasAuthHeader":true,"hasCookie":true,"level":"debug","message":"auth check","requestId":"0e7a55c1-7969-4eb7-ab2c-70f552b0f435","timestamp":"2026-09-26T11:22:10.265Z"}
{"level":"http","message":"GET /api/notifications/unread-count 304 -b - 2.817 ms","requestId":"0e7a55c1-7969-4eb7-ab2c-70f552b0f435","timestamp":"2026-09-26T11:22:10.268Z"}
{"level":"error","message":"[ANALYTICS] Error flushing website visits buffer:","stack":"Error: \n    at AbortSignal.listener (C:\\Users\\LOOK IMMO\\Desktop\\lOOK-IMMO.TN\\Look-Immo-API\\node_modules\\@redis\\client\\lib\\client\\commands-queue.ts:297:19)\n    at AbortSignal.[nodejs.internal.kHybridDispatch] (node:internal/event_target:843:20)\n    at AbortSignal.dispatchEvent (node:internal/event_target:776:26)\n    at runAbort (node:internal/abort_controller:488:10)\n    at abortSignal (node:internal/abort_controller:459:3)\n    at Timeout._onTimeout (node:internal/abort_controller:152:7)\n    at listOnTimeout (node:internal/timers:605:17)\n    at processTimers (node:internal/timers:541:7)","timestamp":"2026-09-26T11:23:05.025Z"}
{"hasAuthHeader":true,"hasCookie":true,"level":"debug","message":"auth check","requestId":"4aa6c6fc-ecfc-4c79-888f-3d1974da6de5","timestamp":"2026-09-26T11:23:10.270Z"}
{"level":"http","message":"GET /api/notifications/unread-count 304 -b - 3.491 ms","requestId":"4aa6c6fc-ecfc-4c79-888f-3d1974da6de5","timestamp":"2026-09-26T11:23:10.274Z"}
{"level":"error","message":"[ANALYTICS] Error flushing website visits buffer:","stack":"Error: \n    at AbortSignal.listener (C:\\Users\\LOOK IMMO\\Desktop\\lOOK-IMMO.TN\\Look-Immo-API\\node_modules\\@redis\\client\\lib\\client\\commands-queue.ts:297:19)\n    at AbortSignal.[nodejs.internal.kHybridDispatch] (node:internal/event_target:843:20)\n    at AbortSignal.dispatchEvent (node:internal/event_target:776:26)\n    at runAbort (node:internal/abort_controller:488:10)\n    at abortSignal (node:internal/abort_controller:459:3)\n    at Timeout._onTimeout (node:internal/abort_controller:152:7)\n    at listOnTimeout (node:internal/timers:605:17)\n    at processTimers (node:internal/timers:541:7)","timestamp":"2026-09-26T11:24:05.028Z"}
{"hasAuthHeader":true,"hasCookie":true,"level":"debug","message":"auth check","requestId":"a277d2f7-b720-4e5a-b688-355061584a57","timestamp":"2026-09-26T11:24:10.263Z"}
{"level":"http","message":"GET /api/notifications/unread-count 304 -b - 2.676 ms","requestId":"a277d2f7-b720-4e5a-b688-355061584a57","timestamp":"2026-09-26T11:24:10.266Z"}
{"level":"error","message":"[ANALYTICS] Error flushing website visits buffer:","stack":"Error: \n    at AbortSignal.listener (C:\\Users\\LOOK IMMO\\Desktop\\lOOK-IMMO.TN\\Look-Immo-API\\node_modules\\@redis\\client\\lib\\client\\commands-queue.ts:297:19)\n    at AbortSignal.[nodejs.internal.kHybridDispatch] (node:internal/event_target:843:20)\n    at AbortSignal.dispatchEvent (node:internal/event_target:776:26)\n    at runAbort (node:internal/abort_controller:488:10)\n    at abortSignal (node:internal/abort_controller:459:3)\n    at Timeout._onTimeout (node:internal/abort_controller:152:7)\n    at listOnTimeout (node:internal/timers:605:17)\n    at processTimers (node:internal/timers:541:7)","timestamp":"2026-09-26T11:25:05.017Z"}
{"hasAuthHeader":true,"hasCookie":true,"level":"debug","message":"auth check","requestId":"0eae905a-de51-4df7-84cd-e2fde5b5db44","timestamp":"2026-09-26T11:25:10.261Z"}
{"level":"http","message":"GET /api/notifications/unread-count 304 -b - 2.140 ms","requestId":"0eae905a-de51-4df7-84cd-e2fde5b5db44","timestamp":"2026-09-26T11:25:10.263Z"}
{"level":"error","message":"[ANALYTICS] Error flushing website visits buffer:","stack":"Error: \n    at AbortSignal.listener (C:\\Users\\LOOK IMMO\\Desktop\\lOOK-IMMO.TN\\Look-Immo-API\\node_modules\\@redis\\client\\lib\\client\\commands-queue.ts:297:19)\n    at AbortSignal.[nodejs.internal.kHybridDispatch] (node:internal/event_target:843:20)\n    at AbortSignal.dispatchEvent (node:internal/event_target:776:26)\n    at runAbort (node:internal/abort_controller:488:10)\n    at abortSignal (node:internal/abort_controller:459:3)\n    at Timeout._onTimeout (node:internal/abort_controller:152:7)\n    at listOnTimeout (node:internal/timers:605:17)\n    at processTimers (node:internal/timers:541:7)","timestamp":"2026-09-26T11:26:05.020Z"}
{"hasAuthHeader":true,"hasCookie":true,"level":"debug","message":"auth check","requestId":"645c5fe5-c6c2-46d5-a3b6-894193682e0e","timestamp":"2026-09-26T11:26:10.257Z"}
{"level":"http","message":"GET /api/notifications/unread-count 304 -b - 2.339 ms","requestId":"645c5fe5-c6c2-46d5-a3b6-894193682e0e","timestamp":"2026-09-26T11:26:10.260Z"}
{"level":"error","message":"[ANALYTICS] Error flushing website visits buffer:","stack":"Error: \n    at AbortSignal.listener (C:\\Users\\LOOK IMMO\\Desktop\\lOOK-IMMO.TN\\Look-Immo-API\\node_modules\\@redis\\client\\lib\\client\\commands-queue.ts:297:19)\n    at AbortSignal.[nodejs.internal.kHybridDispatch] (node:internal/event_target:843:20)\n    at AbortSignal.dispatchEvent (node:internal/event_target:776:26)\n    at runAbort (node:internal/abort_controller:488:10)\n    at abortSignal (node:internal/abort_controller:459:3)\n    at Timeout._onTimeout (node:internal/abort_controller:152:7)\n    at listOnTimeout (node:internal/timers:605:17)\n    at processTimers (node:internal/timers:541:7)","timestamp":"2026-09-26T11:27:05.021Z"}
{"hasAuthHeader":true,"hasCookie":true,"level":"debug","message":"auth check","requestId":"670f48ba-ab29-4c63-bfef-ffa9efb70dc5","timestamp":"2026-09-26T11:27:10.257Z"}
{"level":"http","message":"GET /api/notifications/unread-count 304 -b - 35.350 ms","requestId":"670f48ba-ab29-4c63-bfef-ffa9efb70dc5","timestamp":"2026-09-26T11:27:10.292Z"}
{"level":"error","message":"[ANALYTICS] Error flushing website visits buffer:","stack":"Error: \n    at AbortSignal.listener (C:\\Users\\LOOK IMMO\\Desktop\\lOOK-IMMO.TN\\Look-Immo-API\\node_modules\\@redis\\client\\lib\\client\\commands-queue.ts:297:19)\n    at AbortSignal.[nodejs.internal.kHybridDispatch] (node:internal/event_target:843:20)\n    at AbortSignal.dispatchEvent (node:internal/event_target:776:26)\n    at runAbort (node:internal/abort_controller:488:10)\n    at abortSignal (node:internal/abort_controller:459:3)\n    at Timeout._onTimeout (node:internal/abort_controller:152:7)\n    at listOnTimeout (node:internal/timers:605:17)\n    at processTimers (node:internal/timers:541:7)","timestamp":"2026-09-26T11:28:05.015Z"}
{"hasAuthHeader":true,"hasCookie":true,"level":"debug","message":"auth check","requestId":"25778b64-e57d-4544-babd-9a9584b7b28e","timestamp":"2026-09-26T11:28:10.260Z"}
{"level":"http","message":"GET /api/notifications/unread-count 304 -b - 3.234 ms","requestId":"25778b64-e57d-4544-babd-9a9584b7b28e","timestamp":"2026-09-26T11:28:10.263Z"}
{"level":"error","message":"[ANALYTICS] Error flushing website visits buffer:","stack":"Error: \n    at AbortSignal.listener (C:\\Users\\LOOK IMMO\\Desktop\\lOOK-IMMO.TN\\Look-Immo-API\\node_modules\\@redis\\client\\lib\\client\\commands-queue.ts:297:19)\n    at AbortSignal.[nodejs.internal.kHybridDispatch] (node:internal/event_target:843:20)\n    at AbortSignal.dispatchEvent (node:internal/event_target:776:26)\n    at runAbort (node:internal/abort_controller:488:10)\n    at abortSignal (node:internal/abort_controller:459:3)\n    at Timeout._onTimeout (node:internal/abort_controller:152:7)\n    at listOnTimeout (node:internal/timers:605:17)\n    at processTimers (node:internal/timers:541:7)","timestamp":"2026-09-26T11:29:05.023Z"}
{"hasAuthHeader":true,"hasCookie":true,"level":"debug","message":"auth check","requestId":"7687f445-f85c-4579-a606-6de087d94c9c","timestamp":"2026-09-26T11:29:10.265Z"}
{"level":"http","message":"GET /api/notifications/unread-count 304 -b - 3.194 ms","requestId":"7687f445-f85c-4579-a606-6de087d94c9c","timestamp":"2026-09-26T11:29:10.267Z"}
{"level":"error","message":"[ANALYTICS] Error flushing website visits buffer:","stack":"Error: \n    at AbortSignal.listener (C:\\Users\\LOOK IMMO\\Desktop\\lOOK-IMMO.TN\\Look-Immo-API\\node_modules\\@redis\\client\\lib\\client\\commands-queue.ts:297:19)\n    at AbortSignal.[nodejs.internal.kHybridDispatch] (node:internal/event_target:843:20)\n    at AbortSignal.dispatchEvent (node:internal/event_target:776:26)\n    at runAbort (node:internal/abort_controller:488:10)\n    at abortSignal (node:internal/abort_controller:459:3)\n    at Timeout._onTimeout (node:internal/abort_controller:152:7)\n    at listOnTimeout (node:internal/timers:605:17)\n    at processTimers (node:internal/timers:541:7)","timestamp":"2026-09-26T11:30:05.015Z"}
{"hasAuthHeader":true,"hasCookie":true,"level":"debug","message":"auth check","requestId":"5d8dc4bb-0e48-4706-9ce7-9a371b70fdd0","timestamp":"2026-09-26T11:30:10.256Z"}
{"level":"http","message":"GET /api/notifications/unread-count 304 -b - 2.410 ms","requestId":"5d8dc4bb-0e48-4706-9ce7-9a371b70fdd0","timestamp":"2026-09-26T11:30:10.259Z"}
{"level":"error","message":"[ANALYTICS] Error flushing website visits buffer:","stack":"Error: \n    at AbortSignal.listener (C:\\Users\\LOOK IMMO\\Desktop\\lOOK-IMMO.TN\\Look-Immo-API\\node_modules\\@redis\\client\\lib\\client\\commands-queue.ts:297:19)\n    at AbortSignal.[nodejs.internal.kHybridDispatch] (node:internal/event_target:843:20)\n    at AbortSignal.dispatchEvent (node:internal/event_target:776:26)\n    at runAbort (node:internal/abort_controller:488:10)\n    at abortSignal (node:internal/abort_controller:459:3)\n    at Timeout._onTimeout (node:internal/abort_controller:152:7)\n    at listOnTimeout (node:internal/timers:605:17)\n    at processTimers (node:internal/timers:541:7)","timestamp":"2026-09-26T11:31:05.014Z"}
{"hasAuthHeader":true,"hasCookie":true,"level":"debug","message":"auth check","requestId":"b6ba7dba-d46e-4dac-8aa9-f7d717e0c6ff","timestamp":"2026-09-26T11:31:10.265Z"}
{"level":"http","message":"GET /api/notifications/unread-count 304 -b - 2.126 ms","requestId":"b6ba7dba-d46e-4dac-8aa9-f7d717e0c6ff","timestamp":"2026-09-26T11:31:10.267Z"}
{"level":"error","message":"[ANALYTICS] Error flushing website visits buffer:","stack":"Error: \n    at AbortSignal.listener (C:\\Users\\LOOK IMMO\\Desktop\\lOOK-IMMO.TN\\Look-Immo-API\\node_modules\\@redis\\client\\lib\\client\\commands-queue.ts:297:19)\n    at AbortSignal.[nodejs.internal.kHybridDispatch] (node:internal/event_target:843:20)\n    at AbortSignal.dispatchEvent (node:internal/event_target:776:26)\n    at runAbort (node:internal/abort_controller:488:10)\n    at abortSignal (node:internal/abort_controller:459:3)\n    at Timeout._onTimeout (node:internal/abort_controller:152:7)\n    at listOnTimeout (node:internal/timers:605:17)\n    at processTimers (node:internal/timers:541:7)","timestamp":"2026-09-26T11:32:05.018Z"}
{"hasAuthHeader":true,"hasCookie":true,"level":"debug","message":"auth check","requestId":"1dbdaf3c-1726-47ca-918e-08f840119b41","timestamp":"2026-09-26T11:32:10.259Z"}
{"level":"http","message":"GET /api/notifications/unread-count 304 -b - 1.943 ms","requestId":"1dbdaf3c-1726-47ca-918e-08f840119b41","timestamp":"2026-09-26T11:32:10.261Z"}
{"level":"error","message":"[ANALYTICS] Error flushing website visits buffer:","stack":"Error: \n    at AbortSignal.listener (C:\\Users\\LOOK IMMO\\Desktop\\lOOK-IMMO.TN\\Look-Immo-API\\node_modules\\@redis\\client\\lib\\client\\commands-queue.ts:297:19)\n    at AbortSignal.[nodejs.internal.kHybridDispatch] (node:internal/event_target:843:20)\n    at AbortSignal.dispatchEvent (node:internal/event_target:776:26)\n    at runAbort (node:internal/abort_controller:488:10)\n    at abortSignal (node:internal/abort_controller:459:3)\n    at Timeout._onTimeout (node:internal/abort_controller:152:7)\n    at listOnTimeout (node:internal/timers:605:17)\n    at processTimers (node:internal/timers:541:7)","timestamp":"2026-09-26T11:33:05.026Z"}
{"hasAuthHeader":true,"hasCookie":true,"level":"debug","message":"auth check","requestId":"682faf3f-241f-49fd-bdda-6cc430c36492","timestamp":"2026-09-26T11:33:10.263Z"}
{"level":"http","message":"GET /api/notifications/unread-count 304 -b - 43.415 ms","requestId":"682faf3f-241f-49fd-bdda-6cc430c36492","timestamp":"2026-09-26T11:33:10.307Z"}
{"level":"error","message":"[ANALYTICS] Error flushing website visits buffer:","stack":"Error: \n    at AbortSignal.listener (C:\\Users\\LOOK IMMO\\Desktop\\lOOK-IMMO.TN\\Look-Immo-API\\node_modules\\@redis\\client\\lib\\client\\commands-queue.ts:297:19)\n    at AbortSignal.[nodejs.internal.kHybridDispatch] (node:internal/event_target:843:20)\n    at AbortSignal.dispatchEvent (node:internal/event_target:776:26)\n    at runAbort (node:internal/abort_controller:488:10)\n    at abortSignal (node:internal/abort_controller:459:3)\n    at Timeout._onTimeout (node:internal/abort_controller:152:7)\n    at listOnTimeout (node:internal/timers:605:17)\n    at processTimers (node:internal/timers:541:7)","timestamp":"2026-09-26T11:34:05.010Z"}
{"hasAuthHeader":true,"hasCookie":true,"level":"debug","message":"auth check","requestId":"145e3fe6-a0df-41a2-9cad-5d56b3cc40f5","timestamp":"2026-09-26T11:34:10.266Z"}
{"level":"http","message":"GET /api/notifications/unread-count 304 -b - 2.347 ms","requestId":"145e3fe6-a0df-41a2-9cad-5d56b3cc40f5","timestamp":"2026-09-26T11:34:10.269Z"}
{"level":"error","message":"[ANALYTICS] Error flushing website visits buffer:","stack":"Error: \n    at AbortSignal.listener (C:\\Users\\LOOK IMMO\\Desktop\\lOOK-IMMO.TN\\Look-Immo-API\\node_modules\\@redis\\client\\lib\\client\\commands-queue.ts:297:19)\n    at AbortSignal.[nodejs.internal.kHybridDispatch] (node:internal/event_target:843:20)\n    at AbortSignal.dispatchEvent (node:internal/event_target:776:26)\n    at runAbort (node:internal/abort_controller:488:10)\n    at abortSignal (node:internal/abort_controller:459:3)\n    at Timeout._onTimeout (node:internal/abort_controller:152:7)\n    at listOnTimeout (node:internal/timers:605:17)\n    at processTimers (node:internal/timers:541:7)","timestamp":"2026-09-26T11:35:05.022Z"}
{"hasAuthHeader":true,"hasCookie":true,"level":"debug","message":"auth check","requestId":"a7306ecd-5c79-449b-8e7d-7a8201dd8a47","timestamp":"2026-09-26T11:35:10.254Z"}
{"level":"http","message":"GET /api/notifications/unread-count 304 -b - 2.586 ms","requestId":"a7306ecd-5c79-449b-8e7d-7a8201dd8a47","timestamp":"2026-09-26T11:35:10.256Z"}
{"level":"error","message":"[ANALYTICS] Error flushing website visits buffer:","stack":"Error: \n    at AbortSignal.listener (C:\\Users\\LOOK IMMO\\Desktop\\lOOK-IMMO.TN\\Look-Immo-API\\node_modules\\@redis\\client\\lib\\client\\commands-queue.ts:297:19)\n    at AbortSignal.[nodejs.internal.kHybridDispatch] (node:internal/event_target:843:20)\n    at AbortSignal.dispatchEvent (node:internal/event_target:776:26)\n    at runAbort (node:internal/abort_controller:488:10)\n    at abortSignal (node:internal/abort_controller:459:3)\n    at Timeout._onTimeout (node:internal/abort_controller:152:7)\n    at listOnTimeout (node:internal/timers:605:17)\n    at processTimers (node:internal/timers:541:7)","timestamp":"2026-09-26T11:36:05.023Z"}
{"hasAuthHeader":true,"hasCookie":true,"level":"debug","message":"auth check","requestId":"925a5ceb-d2ac-4b48-a29e-377022e7ec11","timestamp":"2026-09-26T11:36:10.258Z"}
{"level":"http","message":"GET /api/notifications/unread-count 304 -b - 2.326 ms","requestId":"925a5ceb-d2ac-4b48-a29e-377022e7ec11","timestamp":"2026-09-26T11:36:10.260Z"}
{"level":"error","message":"[ANALYTICS] Error flushing website visits buffer:","stack":"Error: \n    at AbortSignal.listener (C:\\Users\\LOOK IMMO\\Desktop\\lOOK-IMMO.TN\\Look-Immo-API\\node_modules\\@redis\\client\\lib\\client\\commands-queue.ts:297:19)\n    at AbortSignal.[nodejs.internal.kHybridDispatch] (node:internal/event_target:843:20)\n    at AbortSignal.dispatchEvent (node:internal/event_target:776:26)\n    at runAbort (node:internal/abort_controller:488:10)\n    at abortSignal (node:internal/abort_controller:459:3)\n    at Timeout._onTimeout (node:internal/abort_controller:152:7)\n    at listOnTimeout (node:internal/timers:605:17)\n    at processTimers (node:internal/timers:541:7)","timestamp":"2026-09-26T11:37:05.010Z"}
{"hasAuthHeader":true,"hasCookie":true,"level":"debug","message":"auth check","requestId":"c3887ed9-70f9-4938-a81d-93e953a63f52","timestamp":"2026-09-26T11:37:10.260Z"}
{"level":"http","message":"GET /api/notifications/unread-count 304 -b - 2.047 ms","requestId":"c3887ed9-70f9-4938-a81d-93e953a63f52","timestamp":"2026-09-26T11:37:10.262Z"}
{"level":"error","message":"[ANALYTICS] Error flushing website visits buffer:","stack":"Error: \n    at AbortSignal.listener (C:\\Users\\LOOK IMMO\\Desktop\\lOOK-IMMO.TN\\Look-Immo-API\\node_modules\\@redis\\client\\lib\\client\\commands-queue.ts:297:19)\n    at AbortSignal.[nodejs.internal.kHybridDispatch] (node:internal/event_target:843:20)\n    at AbortSignal.dispatchEvent (node:internal/event_target:776:26)\n    at runAbort (node:internal/abort_controller:488:10)\n    at abortSignal (node:internal/abort_controller:459:3)\n    at Timeout._onTimeout (node:internal/abort_controller:152:7)\n    at listOnTimeout (node:internal/timers:605:17)\n    at processTimers (node:internal/timers:541:7)","timestamp":"2026-09-26T11:38:05.025Z"}
{"hasAuthHeader":true,"hasCookie":true,"level":"debug","message":"auth check","requestId":"20aeb8a5-3886-43ad-97a1-51e4f1d578db","timestamp":"2026-09-26T11:38:10.257Z"}
{"level":"http","message":"GET /api/notifications/unread-count 304 -b - 2.738 ms","requestId":"20aeb8a5-3886-43ad-97a1-51e4f1d578db","timestamp":"2026-09-26T11:38:10.260Z"}
{"level":"error","message":"[ANALYTICS] Error flushing website visits buffer:","stack":"Error: \n    at AbortSignal.listener (C:\\Users\\LOOK IMMO\\Desktop\\lOOK-IMMO.TN\\Look-Immo-API\\node_modules\\@redis\\client\\lib\\client\\commands-queue.ts:297:19)\n    at AbortSignal.[nodejs.internal.kHybridDispatch] (node:internal/event_target:843:20)\n    at AbortSignal.dispatchEvent (node:internal/event_target:776:26)\n    at runAbort (node:internal/abort_controller:488:10)\n    at abortSignal (node:internal/abort_controller:459:3)\n    at Timeout._onTimeout (node:internal/abort_controller:152:7)\n    at listOnTimeout (node:internal/timers:605:17)\n    at processTimers (node:internal/timers:541:7)","timestamp":"2026-09-26T11:39:05.028Z"}
{"hasAuthHeader":true,"hasCookie":true,"level":"debug","message":"auth check","requestId":"db6cc683-8260-42b0-be75-51ad0e362c3f","timestamp":"2026-09-26T11:39:10.258Z"}
{"level":"http","message":"GET /api/notifications/unread-count 304 -b - 38.007 ms","requestId":"db6cc683-8260-42b0-be75-51ad0e362c3f","timestamp":"2026-09-26T11:39:10.296Z"}
{"level":"error","message":"[ANALYTICS] Error flushing website visits buffer:","stack":"Error: \n    at AbortSignal.listener (C:\\Users\\LOOK IMMO\\Desktop\\lOOK-IMMO.TN\\Look-Immo-API\\node_modules\\@redis\\client\\lib\\client\\commands-queue.ts:297:19)\n    at AbortSignal.[nodejs.internal.kHybridDispatch] (node:internal/event_target:843:20)\n    at AbortSignal.dispatchEvent (node:internal/event_target:776:26)\n    at runAbort (node:internal/abort_controller:488:10)\n    at abortSignal (node:internal/abort_controller:459:3)\n    at Timeout._onTimeout (node:internal/abort_controller:152:7)\n    at listOnTimeout (node:internal/timers:605:17)\n    at processTimers (node:internal/timers:541:7)","timestamp":"2026-09-26T11:40:05.024Z"}
{"hasAuthHeader":true,"hasCookie":true,"level":"debug","message":"auth check","requestId":"8a1d758e-671b-4c5a-9e3f-30c4a90234e1","timestamp":"2026-09-26T11:40:10.256Z"}
{"level":"http","message":"GET /api/notifications/unread-count 304 -b - 2.517 ms","requestId":"8a1d758e-671b-4c5a-9e3f-30c4a90234e1","timestamp":"2026-09-26T11:40:10.259Z"}
{"level":"error","message":"[ANALYTICS] Error flushing website visits buffer:","stack":"Error: \n    at AbortSignal.listener (C:\\Users\\LOOK IMMO\\Desktop\\lOOK-IMMO.TN\\Look-Immo-API\\node_modules\\@redis\\client\\lib\\client\\commands-queue.ts:297:19)\n    at AbortSignal.[nodejs.internal.kHybridDispatch] (node:internal/event_target:843:20)\n    at AbortSignal.dispatchEvent (node:internal/event_target:776:26)\n    at runAbort (node:internal/abort_controller:488:10)\n    at abortSignal (node:internal/abort_controller:459:3)\n    at Timeout._onTimeout (node:internal/abort_controller:152:7)\n    at listOnTimeout (node:internal/timers:605:17)\n    at processTimers (node:internal/timers:541:7)","timestamp":"2026-09-26T11:41:05.011Z"}
{"hasAuthHeader":true,"hasCookie":true,"level":"debug","message":"auth check","requestId":"fe67ecd1-a454-4c07-a65c-8c753c615730","timestamp":"2026-09-26T11:41:10.256Z"}
{"level":"http","message":"GET /api/notifications/unread-count 304 -b - 1.920 ms","requestId":"fe67ecd1-a454-4c07-a65c-8c753c615730","timestamp":"2026-09-26T11:41:10.258Z"}
{"level":"error","message":"[ANALYTICS] Error flushing website visits buffer:","stack":"Error: \n    at AbortSignal.listener (C:\\Users\\LOOK IMMO\\Desktop\\lOOK-IMMO.TN\\Look-Immo-API\\node_modules\\@redis\\client\\lib\\client\\commands-queue.ts:297:19)\n    at AbortSignal.[nodejs.internal.kHybridDispatch] (node:internal/event_target:843:20)\n    at AbortSignal.dispatchEvent (node:internal/event_target:776:26)\n    at runAbort (node:internal/abort_controller:488:10)\n    at abortSignal (node:internal/abort_controller:459:3)\n    at Timeout._onTimeout (node:internal/abort_controller:152:7)\n    at listOnTimeout (node:internal/timers:605:17)\n    at processTimers (node:internal/timers:541:7)","timestamp":"2026-09-26T11:42:05.017Z"}
{"hasAuthHeader":true,"hasCookie":true,"level":"debug","message":"auth check","requestId":"2db3d364-9b69-4753-a1d3-455da4607dff","timestamp":"2026-09-26T11:42:10.258Z"}
{"level":"http","message":"GET /api/notifications/unread-count 304 -b - 1.886 ms","requestId":"2db3d364-9b69-4753-a1d3-455da4607dff","timestamp":"2026-09-26T11:42:10.260Z"}
{"level":"error","message":"[ANALYTICS] Error flushing website visits buffer:","stack":"Error: \n    at AbortSignal.listener (C:\\Users\\LOOK IMMO\\Desktop\\lOOK-IMMO.TN\\Look-Immo-API\\node_modules\\@redis\\client\\lib\\client\\commands-queue.ts:297:19)\n    at AbortSignal.[nodejs.internal.kHybridDispatch] (node:internal/event_target:843:20)\n    at AbortSignal.dispatchEvent (node:internal/event_target:776:26)\n    at runAbort (node:internal/abort_controller:488:10)\n    at abortSignal (node:internal/abort_controller:459:3)\n    at Timeout._onTimeout (node:internal/abort_controller:152:7)\n    at listOnTimeout (node:internal/timers:605:17)\n    at processTimers (node:internal/timers:541:7)","timestamp":"2026-09-26T11:43:05.012Z"}
{"hasAuthHeader":true,"hasCookie":true,"level":"debug","message":"auth check","requestId":"4ee70cc1-89d0-4cfe-b63e-6f2f8e0014bb","timestamp":"2026-09-26T11:43:10.256Z"}
{"level":"http","message":"GET /api/notifications/unread-count 304 -b - 2.122 ms","requestId":"4ee70cc1-89d0-4cfe-b63e-6f2f8e0014bb","timestamp":"2026-09-26T11:43:10.259Z"}
{"level":"error","message":"[ANALYTICS] Error flushing website visits buffer:","stack":"Error: \n    at AbortSignal.listener (C:\\Users\\LOOK IMMO\\Desktop\\lOOK-IMMO.TN\\Look-Immo-API\\node_modules\\@redis\\client\\lib\\client\\commands-queue.ts:297:19)\n    at AbortSignal.[nodejs.internal.kHybridDispatch] (node:internal/event_target:843:20)\n    at AbortSignal.dispatchEvent (node:internal/event_target:776:26)\n    at runAbort (node:internal/abort_controller:488:10)\n    at abortSignal (node:internal/abort_controller:459:3)\n    at Timeout._onTimeout (node:internal/abort_controller:152:7)\n    at listOnTimeout (node:internal/timers:605:17)\n    at processTimers (node:internal/timers:541:7)","timestamp":"2026-09-26T11:44:05.029Z"}
{"hasAuthHeader":true,"hasCookie":true,"level":"debug","message":"auth check","requestId":"071f674c-dbae-4174-a9d5-72d93998d6b8","timestamp":"2026-09-26T11:44:10.262Z"}
{"level":"http","message":"GET /api/notifications/unread-count 304 -b - 2.038 ms","requestId":"071f674c-dbae-4174-a9d5-72d93998d6b8","timestamp":"2026-09-26T11:44:10.264Z"}
{"level":"error","message":"[ANALYTICS] Error flushing website visits buffer:","stack":"Error: \n    at AbortSignal.listener (C:\\Users\\LOOK IMMO\\Desktop\\lOOK-IMMO.TN\\Look-Immo-API\\node_modules\\@redis\\client\\lib\\client\\commands-queue.ts:297:19)\n    at AbortSignal.[nodejs.internal.kHybridDispatch] (node:internal/event_target:843:20)\n    at AbortSignal.dispatchEvent (node:internal/event_target:776:26)\n    at runAbort (node:internal/abort_controller:488:10)\n    at abortSignal (node:internal/abort_controller:459:3)\n    at Timeout._onTimeout (node:internal/abort_controller:152:7)\n    at listOnTimeout (node:internal/timers:605:17)\n    at processTimers (node:internal/timers:541:7)","timestamp":"2026-09-26T11:45:05.016Z"}
{"hasAuthHeader":true,"hasCookie":false,"level":"debug","message":"auth check","requestId":"6bace19b-1513-4084-b91c-332c4e86cb3f","timestamp":"2026-09-26T11:45:10.255Z"}
{"level":"debug","message":"token verify error jwt expired","requestId":"6bace19b-1513-4084-b91c-332c4e86cb3f","timestamp":"2026-09-26T11:45:10.256Z"}
{"level":"http","message":"GET /api/notifications/unread-count 401 36b - 2.124 ms","requestId":"6bace19b-1513-4084-b91c-332c4e86cb3f","timestamp":"2026-09-26T11:45:10.258Z"}
{"level":"http","message":"POST /api/auth/refresh 200 275b - 47.688 ms","requestId":"5d212f07-77a6-48ab-9d55-7586ec413fcf","timestamp":"2026-09-26T11:45:10.312Z"}
{"hasAuthHeader":true,"hasCookie":true,"level":"debug","message":"auth check","requestId":"32e58bcc-7965-47f5-bda4-9159fc4bc26d","timestamp":"2026-09-26T11:45:10.319Z"}
{"level":"http","message":"GET /api/notifications/unread-count 304 -b - 2.316 ms","requestId":"32e58bcc-7965-47f5-bda4-9159fc4bc26d","timestamp":"2026-09-26T11:45:10.322Z"}
{"level":"error","message":"[ANALYTICS] Error flushing website visits buffer:","stack":"Error: \n    at AbortSignal.listener (C:\\Users\\LOOK IMMO\\Desktop\\lOOK-IMMO.TN\\Look-Immo-API\\node_modules\\@redis\\client\\lib\\client\\commands-queue.ts:297:19)\n    at AbortSignal.[nodejs.internal.kHybridDispatch] (node:internal/event_target:843:20)\n    at AbortSignal.dispatchEvent (node:internal/event_target:776:26)\n    at runAbort (node:internal/abort_controller:488:10)\n    at abortSignal (node:internal/abort_controller:459:3)\n    at Timeout._onTimeout (node:internal/abort_controller:152:7)\n    at listOnTimeout (node:internal/timers:605:17)\n    at processTimers (node:internal/timers:541:7)","timestamp":"2026-09-26T11:46:05.016Z"}
{"hasAuthHeader":true,"hasCookie":true,"level":"debug","message":"auth check","requestId":"f2242b3e-82b5-43aa-bce9-e74f6c492e48","timestamp":"2026-09-26T11:46:10.264Z"}
{"level":"http","message":"GET /api/notifications/unread-count 304 -b - 2.416 ms","requestId":"f2242b3e-82b5-43aa-bce9-e74f6c492e48","timestamp":"2026-09-26T11:46:10.266Z"}
{"level":"error","message":"[ANALYTICS] Error flushing website visits buffer:","stack":"Error: \n    at AbortSignal.listener (C:\\Users\\LOOK IMMO\\Desktop\\lOOK-IMMO.TN\\Look-Immo-API\\node_modules\\@redis\\client\\lib\\client\\commands-queue.ts:297:19)\n    at AbortSignal.[nodejs.internal.kHybridDispatch] (node:internal/event_target:843:20)\n    at AbortSignal.dispatchEvent (node:internal/event_target:776:26)\n    at runAbort (node:internal/abort_controller:488:10)\n    at abortSignal (node:internal/abort_controller:459:3)\n    at Timeout._onTimeout (node:internal/abort_controller:152:7)\n    at listOnTimeout (node:internal/timers:605:17)\n    at processTimers (node:internal/timers:541:7)","timestamp":"2026-09-26T11:47:05.013Z"}
{"hasAuthHeader":true,"hasCookie":true,"level":"debug","message":"auth check","requestId":"60fd41b9-02a7-4655-8d0a-6e03d8386b84","timestamp":"2026-09-26T11:47:10.262Z"}
{"level":"http","message":"GET /api/notifications/unread-count 304 -b - 3.279 ms","requestId":"60fd41b9-02a7-4655-8d0a-6e03d8386b84","timestamp":"2026-09-26T11:47:10.265Z"}
{"level":"error","message":"[ANALYTICS] Error flushing website visits buffer:","stack":"Error: \n    at AbortSignal.listener (C:\\Users\\LOOK IMMO\\Desktop\\lOOK-IMMO.TN\\Look-Immo-API\\node_modules\\@redis\\client\\lib\\client\\commands-queue.ts:297:19)\n    at AbortSignal.[nodejs.internal.kHybridDispatch] (node:internal/event_target:843:20)\n    at AbortSignal.dispatchEvent (node:internal/event_target:776:26)\n    at runAbort (node:internal/abort_controller:488:10)\n    at abortSignal (node:internal/abort_controller:459:3)\n    at Timeout._onTimeout (node:internal/abort_controller:152:7)\n    at listOnTimeout (node:internal/timers:605:17)\n    at processTimers (node:internal/timers:541:7)","timestamp":"2026-09-26T11:48:05.029Z"}
{"hasAuthHeader":true,"hasCookie":true,"level":"debug","message":"auth check","requestId":"f11f1d59-5661-4c08-90b5-fe61614062dd","timestamp":"2026-09-26T11:48:10.264Z"}
{"level":"http","message":"GET /api/notifications/unread-count 304 -b - 1.930 ms","requestId":"f11f1d59-5661-4c08-90b5-fe61614062dd","timestamp":"2026-09-26T11:48:10.266Z"}
{"level":"error","message":"[ANALYTICS] Error flushing website visits buffer:","stack":"Error: \n    at AbortSignal.listener (C:\\Users\\LOOK IMMO\\Desktop\\lOOK-IMMO.TN\\Look-Immo-API\\node_modules\\@redis\\client\\lib\\client\\commands-queue.ts:297:19)\n    at AbortSignal.[nodejs.internal.kHybridDispatch] (node:internal/event_target:843:20)\n    at AbortSignal.dispatchEvent (node:internal/event_target:776:26)\n    at runAbort (node:internal/abort_controller:488:10)\n    at abortSignal (node:internal/abort_controller:459:3)\n    at Timeout._onTimeout (node:internal/abort_controller:152:7)\n    at listOnTimeout (node:internal/timers:605:17)\n    at processTimers (node:internal/timers:541:7)","timestamp":"2026-09-26T11:49:05.012Z"}
{"hasAuthHeader":true,"hasCookie":true,"level":"debug","message":"auth check","requestId":"e2756f9e-5617-4e35-84cb-1493db924d1f","timestamp":"2026-09-26T11:49:10.264Z"}
{"level":"http","message":"GET /api/notifications/unread-count 304 -b - 2.136 ms","requestId":"e2756f9e-5617-4e35-84cb-1493db924d1f","timestamp":"2026-09-26T11:49:10.266Z"}
{"level":"error","message":"[ANALYTICS] Error flushing website visits buffer:","stack":"Error: \n    at AbortSignal.listener (C:\\Users\\LOOK IMMO\\Desktop\\lOOK-IMMO.TN\\Look-Immo-API\\node_modules\\@redis\\client\\lib\\client\\commands-queue.ts:297:19)\n    at AbortSignal.[nodejs.internal.kHybridDispatch] (node:internal/event_target:843:20)\n    at AbortSignal.dispatchEvent (node:internal/event_target:776:26)\n    at runAbort (node:internal/abort_controller:488:10)\n    at abortSignal (node:internal/abort_controller:459:3)\n    at Timeout._onTimeout (node:internal/abort_controller:152:7)\n    at listOnTimeout (node:internal/timers:605:17)\n    at processTimers (node:internal/timers:541:7)","timestamp":"2026-09-26T11:50:05.024Z"}
{"hasAuthHeader":true,"hasCookie":true,"level":"debug","message":"auth check","requestId":"f6519849-ed11-454f-88d1-d1ba23cde2c7","timestamp":"2026-09-26T11:50:10.264Z"}
{"level":"http","message":"GET /api/notifications/unread-count 304 -b - 1.906 ms","requestId":"f6519849-ed11-454f-88d1-d1ba23cde2c7","timestamp":"2026-09-26T11:50:10.266Z"}
{"level":"error","message":"[ANALYTICS] Error flushing website visits buffer:","stack":"Error: \n    at AbortSignal.listener (C:\\Users\\LOOK IMMO\\Desktop\\lOOK-IMMO.TN\\Look-Immo-API\\node_modules\\@redis\\client\\lib\\client\\commands-queue.ts:297:19)\n    at AbortSignal.[nodejs.internal.kHybridDispatch] (node:internal/event_target:843:20)\n    at AbortSignal.dispatchEvent (node:internal/event_target:776:26)\n    at runAbort (node:internal/abort_controller:488:10)\n    at abortSignal (node:internal/abort_controller:459:3)\n    at Timeout._onTimeout (node:internal/abort_controller:152:7)\n    at listOnTimeout (node:internal/timers:605:17)\n    at processTimers (node:internal/timers:541:7)","timestamp":"2026-09-26T11:51:05.024Z"}
{"hasAuthHeader":true,"hasCookie":true,"level":"debug","message":"auth check","requestId":"eefc45eb-406d-460c-a400-261eb66cb370","timestamp":"2026-09-26T11:51:10.277Z"}
{"level":"http","message":"GET /api/notifications/unread-count 304 -b - 41.658 ms","requestId":"eefc45eb-406d-460c-a400-261eb66cb370","timestamp":"2026-09-26T11:51:10.318Z"}
{"level":"error","message":"[ANALYTICS] Error flushing website visits buffer:","stack":"Error: \n    at AbortSignal.listener (C:\\Users\\LOOK IMMO\\Desktop\\lOOK-IMMO.TN\\Look-Immo-API\\node_modules\\@redis\\client\\lib\\client\\commands-queue.ts:297:19)\n    at AbortSignal.[nodejs.internal.kHybridDispatch] (node:internal/event_target:843:20)\n    at AbortSignal.dispatchEvent (node:internal/event_target:776:26)\n    at runAbort (node:internal/abort_controller:488:10)\n    at abortSignal (node:internal/abort_controller:459:3)\n    at Timeout._onTimeout (node:internal/abort_controller:152:7)\n    at listOnTimeout (node:internal/timers:605:17)\n    at processTimers (node:internal/timers:541:7)","timestamp":"2026-09-26T11:52:05.011Z"}
{"hasAuthHeader":true,"hasCookie":true,"level":"debug","message":"auth check","requestId":"f58a9746-31df-4bde-8c70-c32043905da8","timestamp":"2026-09-26T11:52:10.262Z"}
{"level":"http","message":"GET /api/notifications/unread-count 304 -b - 1.892 ms","requestId":"f58a9746-31df-4bde-8c70-c32043905da8","timestamp":"2026-09-26T11:52:10.264Z"}
{"level":"error","message":"[ANALYTICS] Error flushing website visits buffer:","stack":"Error: \n    at AbortSignal.listener (C:\\Users\\LOOK IMMO\\Desktop\\lOOK-IMMO.TN\\Look-Immo-API\\node_modules\\@redis\\client\\lib\\client\\commands-queue.ts:297:19)\n    at AbortSignal.[nodejs.internal.kHybridDispatch] (node:internal/event_target:843:20)\n    at AbortSignal.dispatchEvent (node:internal/event_target:776:26)\n    at runAbort (node:internal/abort_controller:488:10)\n    at abortSignal (node:internal/abort_controller:459:3)\n    at Timeout._onTimeout (node:internal/abort_controller:152:7)\n    at listOnTimeout (node:internal/timers:605:17)\n    at processTimers (node:internal/timers:541:7)","timestamp":"2026-09-26T11:53:05.020Z"}
{"hasAuthHeader":true,"hasCookie":true,"level":"debug","message":"auth check","requestId":"31006a41-6bcc-4a9e-894d-bb15ff4d6066","timestamp":"2026-09-26T11:53:10.257Z"}
{"level":"http","message":"GET /api/notifications/unread-count 304 -b - 2.344 ms","requestId":"31006a41-6bcc-4a9e-894d-bb15ff4d6066","timestamp":"2026-09-26T11:53:10.259Z"}
{"level":"error","message":"[ANALYTICS] Error flushing website visits buffer:","stack":"Error: \n    at AbortSignal.listener (C:\\Users\\LOOK IMMO\\Desktop\\lOOK-IMMO.TN\\Look-Immo-API\\node_modules\\@redis\\client\\lib\\client\\commands-queue.ts:297:19)\n    at AbortSignal.[nodejs.internal.kHybridDispatch] (node:internal/event_target:843:20)\n    at AbortSignal.dispatchEvent (node:internal/event_target:776:26)\n    at runAbort (node:internal/abort_controller:488:10)\n    at abortSignal (node:internal/abort_controller:459:3)\n    at Timeout._onTimeout (node:internal/abort_controller:152:7)\n    at listOnTimeout (node:internal/timers:605:17)\n    at processTimers (node:internal/timers:541:7)","timestamp":"2026-09-26T11:54:05.021Z"}
{"hasAuthHeader":true,"hasCookie":true,"level":"debug","message":"auth check","requestId":"3401c09a-85bc-48f0-ac71-16eb6537bd76","timestamp":"2026-09-26T11:54:10.259Z"}
{"level":"http","message":"GET /api/notifications/unread-count 304 -b - 1.836 ms","requestId":"3401c09a-85bc-48f0-ac71-16eb6537bd76","timestamp":"2026-09-26T11:54:10.261Z"}
{"level":"error","message":"[ANALYTICS] Error flushing website visits buffer:","stack":"Error: \n    at AbortSignal.listener (C:\\Users\\LOOK IMMO\\Desktop\\lOOK-IMMO.TN\\Look-Immo-API\\node_modules\\@redis\\client\\lib\\client\\commands-queue.ts:297:19)\n    at AbortSignal.[nodejs.internal.kHybridDispatch] (node:internal/event_target:843:20)\n    at AbortSignal.dispatchEvent (node:internal/event_target:776:26)\n    at runAbort (node:internal/abort_controller:488:10)\n    at abortSignal (node:internal/abort_controller:459:3)\n    at Timeout._onTimeout (node:internal/abort_controller:152:7)\n    at listOnTimeout (node:internal/timers:605:17)\n    at processTimers (node:internal/timers:541:7)","timestamp":"2026-09-26T11:55:05.020Z"}
{"hasAuthHeader":true,"hasCookie":true,"level":"debug","message":"auth check","requestId":"bc118d4d-b2b5-4701-8b74-66fb8c161aeb","timestamp":"2026-09-26T11:55:10.267Z"}
{"level":"http","message":"GET /api/notifications/unread-count 304 -b - 2.567 ms","requestId":"bc118d4d-b2b5-4701-8b74-66fb8c161aeb","timestamp":"2026-09-26T11:55:10.269Z"}
{"level":"error","message":"[ANALYTICS] Error flushing website visits buffer:","stack":"Error: \n    at AbortSignal.listener (C:\\Users\\LOOK IMMO\\Desktop\\lOOK-IMMO.TN\\Look-Immo-API\\node_modules\\@redis\\client\\lib\\client\\commands-queue.ts:297:19)\n    at AbortSignal.[nodejs.internal.kHybridDispatch] (node:internal/event_target:843:20)\n    at AbortSignal.dispatchEvent (node:internal/event_target:776:26)\n    at runAbort (node:internal/abort_controller:488:10)\n    at abortSignal (node:internal/abort_controller:459:3)\n    at Timeout._onTimeout (node:internal/abort_controller:152:7)\n    at listOnTimeout (node:internal/timers:605:17)\n    at processTimers (node:internal/timers:541:7)","timestamp":"2026-09-26T11:56:05.018Z"}
{"hasAuthHeader":true,"hasCookie":true,"level":"debug","message":"auth check","requestId":"84f4a4d7-f7d6-42be-bf96-f9df3b04ee0b","timestamp":"2026-09-26T11:56:10.255Z"}
{"level":"http","message":"GET /api/notifications/unread-count 304 -b - 2.873 ms","requestId":"84f4a4d7-f7d6-42be-bf96-f9df3b04ee0b","timestamp":"2026-09-26T11:56:10.257Z"}
{"level":"error","message":"[ANALYTICS] Error flushing website visits buffer:","stack":"Error: \n    at AbortSignal.listener (C:\\Users\\LOOK IMMO\\Desktop\\lOOK-IMMO.TN\\Look-Immo-API\\node_modules\\@redis\\client\\lib\\client\\commands-queue.ts:297:19)\n    at AbortSignal.[nodejs.internal.kHybridDispatch] (node:internal/event_target:843:20)\n    at AbortSignal.dispatchEvent (node:internal/event_target:776:26)\n    at runAbort (node:internal/abort_controller:488:10)\n    at abortSignal (node:internal/abort_controller:459:3)\n    at Timeout._onTimeout (node:internal/abort_controller:152:7)\n    at listOnTimeout (node:internal/timers:605:17)\n    at processTimers (node:internal/timers:541:7)","timestamp":"2026-09-26T11:57:05.015Z"}
{"hasAuthHeader":true,"hasCookie":true,"level":"debug","message":"auth check","requestId":"649a8375-6285-48f5-81e8-62c25ad3806b","timestamp":"2026-09-26T11:57:10.261Z"}
{"level":"http","message":"GET /api/notifications/unread-count 304 -b - 30.081 ms","requestId":"649a8375-6285-48f5-81e8-62c25ad3806b","timestamp":"2026-09-26T11:57:10.291Z"}
{"level":"error","message":"[ANALYTICS] Error flushing website visits buffer:","stack":"Error: \n    at AbortSignal.listener (C:\\Users\\LOOK IMMO\\Desktop\\lOOK-IMMO.TN\\Look-Immo-API\\node_modules\\@redis\\client\\lib\\client\\commands-queue.ts:297:19)\n    at AbortSignal.[nodejs.internal.kHybridDispatch] (node:internal/event_target:843:20)\n    at AbortSignal.dispatchEvent (node:internal/event_target:776:26)\n    at runAbort (node:internal/abort_controller:488:10)\n    at abortSignal (node:internal/abort_controller:459:3)\n    at Timeout._onTimeout (node:internal/abort_controller:152:7)\n    at listOnTimeout (node:internal/timers:605:17)\n    at processTimers (node:internal/timers:541:7)","timestamp":"2026-09-26T11:58:05.022Z"}
{"hasAuthHeader":true,"hasCookie":true,"level":"debug","message":"auth check","requestId":"4273e5a6-2b76-49b7-9f60-cef01be0101e","timestamp":"2026-09-26T11:58:10.250Z"}
{"level":"http","message":"GET /api/notifications/unread-count 304 -b - 2.755 ms","requestId":"4273e5a6-2b76-49b7-9f60-cef01be0101e","timestamp":"2026-09-26T11:58:10.253Z"}
{"level":"error","message":"[ANALYTICS] Error flushing website visits buffer:","stack":"Error: \n    at AbortSignal.listener (C:\\Users\\LOOK IMMO\\Desktop\\lOOK-IMMO.TN\\Look-Immo-API\\node_modules\\@redis\\client\\lib\\client\\commands-queue.ts:297:19)\n    at AbortSignal.[nodejs.internal.kHybridDispatch] (node:internal/event_target:843:20)\n    at AbortSignal.dispatchEvent (node:internal/event_target:776:26)\n    at runAbort (node:internal/abort_controller:488:10)\n    at abortSignal (node:internal/abort_controller:459:3)\n    at Timeout._onTimeout (node:internal/abort_controller:152:7)\n    at listOnTimeout (node:internal/timers:605:17)\n    at processTimers (node:internal/timers:541:7)","timestamp":"2026-09-26T11:59:05.015Z"}
{"hasAuthHeader":true,"hasCookie":true,"level":"debug","message":"auth check","requestId":"80766124-f063-4562-b274-b809acd7fa52","timestamp":"2026-09-26T11:59:10.262Z"}
{"level":"http","message":"GET /api/notifications/unread-count 304 -b - 2.662 ms","requestId":"80766124-f063-4562-b274-b809acd7fa52","timestamp":"2026-09-26T11:59:10.265Z"}
{"level":"info","message":"[ExchangeRates] ⏰ Hourly cron triggered — refreshing rates...","timestamp":"2026-09-26T12:00:00.011Z"}
{"level":"info","message":"[ExchangeRates] ✅ Fetched fresh rates — USD: 0.3392, EUR: 0.2970","timestamp":"2026-09-26T12:00:00.239Z"}
{"level":"error","message":"[ANALYTICS] Error flushing website visits buffer:","stack":"Error: \n    at AbortSignal.listener (C:\\Users\\LOOK IMMO\\Desktop\\lOOK-IMMO.TN\\Look-Immo-API\\node_modules\\@redis\\client\\lib\\client\\commands-queue.ts:297:19)\n    at AbortSignal.[nodejs.internal.kHybridDispatch] (node:internal/event_target:843:20)\n    at AbortSignal.dispatchEvent (node:internal/event_target:776:26)\n    at runAbort (node:internal/abort_controller:488:10)\n    at abortSignal (node:internal/abort_controller:459:3)\n    at Timeout._onTimeout (node:internal/abort_controller:152:7)\n    at listOnTimeout (node:internal/timers:605:17)\n    at processTimers (node:internal/timers:541:7)","timestamp":"2026-09-26T12:00:05.014Z"}
{"hasAuthHeader":true,"hasCookie":true,"level":"debug","message":"auth check","requestId":"0e89c1e0-7e58-4729-8a40-414269e3e7bc","timestamp":"2026-09-26T12:00:10.268Z"}
{"level":"http","message":"GET /api/notifications/unread-count 304 -b - 2.448 ms","requestId":"0e89c1e0-7e58-4729-8a40-414269e3e7bc","timestamp":"2026-09-26T12:00:10.271Z"}
{"level":"error","message":"[ANALYTICS] Error flushing website visits buffer:","stack":"Error: \n    at AbortSignal.listener (C:\\Users\\LOOK IMMO\\Desktop\\lOOK-IMMO.TN\\Look-Immo-API\\node_modules\\@redis\\client\\lib\\client\\commands-queue.ts:297:19)\n    at AbortSignal.[nodejs.internal.kHybridDispatch] (node:internal/event_target:843:20)\n    at AbortSignal.dispatchEvent (node:internal/event_target:776:26)\n    at runAbort (node:internal/abort_controller:488:10)\n    at abortSignal (node:internal/abort_controller:459:3)\n    at Timeout._onTimeout (node:internal/abort_controller:152:7)\n    at listOnTimeout (node:internal/timers:605:17)\n    at processTimers (node:internal/timers:541:7)","timestamp":"2026-09-26T12:01:05.022Z"}
{"hasAuthHeader":true,"hasCookie":true,"level":"debug","message":"auth check","requestId":"369f74aa-0e3f-4c64-846f-43fd91e6855f","timestamp":"2026-09-26T12:01:10.264Z"}
{"level":"http","message":"GET /api/notifications/unread-count 304 -b - 1.843 ms","requestId":"369f74aa-0e3f-4c64-846f-43fd91e6855f","timestamp":"2026-09-26T12:01:10.265Z"}
{"level":"error","message":"[ANALYTICS] Error flushing website visits buffer:","stack":"Error: \n    at AbortSignal.listener (C:\\Users\\LOOK IMMO\\Desktop\\lOOK-IMMO.TN\\Look-Immo-API\\node_modules\\@redis\\client\\lib\\client\\commands-queue.ts:297:19)\n    at AbortSignal.[nodejs.internal.kHybridDispatch] (node:internal/event_target:843:20)\n    at AbortSignal.dispatchEvent (node:internal/event_target:776:26)\n    at runAbort (node:internal/abort_controller:488:10)\n    at abortSignal (node:internal/abort_controller:459:3)\n    at Timeout._onTimeout (node:internal/abort_controller:152:7)\n    at listOnTimeout (node:internal/timers:605:17)\n    at processTimers (node:internal/timers:541:7)","timestamp":"2026-09-26T12:02:05.020Z"}
{"hasAuthHeader":true,"hasCookie":true,"level":"debug","message":"auth check","requestId":"588abffa-c076-4061-b243-7e1941f96c5a","timestamp":"2026-09-26T12:02:10.265Z"}
{"level":"http","message":"GET /api/notifications/unread-count 304 -b - 3.291 ms","requestId":"588abffa-c076-4061-b243-7e1941f96c5a","timestamp":"2026-09-26T12:02:10.269Z"}
{"level":"error","message":"[ANALYTICS] Error flushing website visits buffer:","stack":"Error: \n    at AbortSignal.listener (C:\\Users\\LOOK IMMO\\Desktop\\lOOK-IMMO.TN\\Look-Immo-API\\node_modules\\@redis\\client\\lib\\client\\commands-queue.ts:297:19)\n    at AbortSignal.[nodejs.internal.kHybridDispatch] (node:internal/event_target:843:20)\n    at AbortSignal.dispatchEvent (node:internal/event_target:776:26)\n    at runAbort (node:internal/abort_controller:488:10)\n    at abortSignal (node:internal/abort_controller:459:3)\n    at Timeout._onTimeout (node:internal/abort_controller:152:7)\n    at listOnTimeout (node:internal/timers:605:17)\n    at processTimers (node:internal/timers:541:7)","timestamp":"2026-09-26T12:03:05.026Z"}
{"hasAuthHeader":true,"hasCookie":true,"level":"debug","message":"auth check","requestId":"8ce87c91-ef0e-4c6a-8ece-e6f9814d8d53","timestamp":"2026-09-26T12:03:10.263Z"}
{"level":"http","message":"GET /api/notifications/unread-count 304 -b - 32.577 ms","requestId":"8ce87c91-ef0e-4c6a-8ece-e6f9814d8d53","timestamp":"2026-09-26T12:03:10.295Z"}
{"level":"error","message":"[ANALYTICS] Error flushing website visits buffer:","stack":"Error: \n    at AbortSignal.listener (C:\\Users\\LOOK IMMO\\Desktop\\lOOK-IMMO.TN\\Look-Immo-API\\node_modules\\@redis\\client\\lib\\client\\commands-queue.ts:297:19)\n    at AbortSignal.[nodejs.internal.kHybridDispatch] (node:internal/event_target:843:20)\n    at AbortSignal.dispatchEvent (node:internal/event_target:776:26)\n    at runAbort (node:internal/abort_controller:488:10)\n    at abortSignal (node:internal/abort_controller:459:3)\n    at Timeout._onTimeout (node:internal/abort_controller:152:7)\n    at listOnTimeout (node:internal/timers:605:17)\n    at processTimers (node:internal/timers:541:7)","timestamp":"2026-09-26T12:04:05.011Z"}
{"hasAuthHeader":true,"hasCookie":true,"level":"debug","message":"auth check","requestId":"7c513b93-3ec2-4465-8b36-3c23f78774f0","timestamp":"2026-09-26T12:04:10.261Z"}
{"level":"http","message":"GET /api/notifications/unread-count 304 -b - 2.084 ms","requestId":"7c513b93-3ec2-4465-8b36-3c23f78774f0","timestamp":"2026-09-26T12:04:10.263Z"}
{"level":"error","message":"[ANALYTICS] Error flushing website visits buffer:","stack":"Error: \n    at AbortSignal.listener (C:\\Users\\LOOK IMMO\\Desktop\\lOOK-IMMO.TN\\Look-Immo-API\\node_modules\\@redis\\client\\lib\\client\\commands-queue.ts:297:19)\n    at AbortSignal.[nodejs.internal.kHybridDispatch] (node:internal/event_target:843:20)\n    at AbortSignal.dispatchEvent (node:internal/event_target:776:26)\n    at runAbort (node:internal/abort_controller:488:10)\n    at abortSignal (node:internal/abort_controller:459:3)\n    at Timeout._onTimeout (node:internal/abort_controller:152:7)\n    at listOnTimeout (node:internal/timers:605:17)\n    at processTimers (node:internal/timers:541:7)","timestamp":"2026-09-26T12:05:05.020Z"}
{"hasAuthHeader":true,"hasCookie":true,"level":"debug","message":"auth check","requestId":"48ef0d3c-52e9-43ea-a1e1-8064c06c7a61","timestamp":"2026-09-26T12:05:10.255Z"}
{"level":"http","message":"GET /api/notifications/unread-count 304 -b - 2.810 ms","requestId":"48ef0d3c-52e9-43ea-a1e1-8064c06c7a61","timestamp":"2026-09-26T12:05:10.257Z"}
{"level":"error","message":"[ANALYTICS] Error flushing website visits buffer:","stack":"Error: \n    at AbortSignal.listener (C:\\Users\\LOOK IMMO\\Desktop\\lOOK-IMMO.TN\\Look-Immo-API\\node_modules\\@redis\\client\\lib\\client\\commands-queue.ts:297:19)\n    at AbortSignal.[nodejs.internal.kHybridDispatch] (node:internal/event_target:843:20)\n    at AbortSignal.dispatchEvent (node:internal/event_target:776:26)\n    at runAbort (node:internal/abort_controller:488:10)\n    at abortSignal (node:internal/abort_controller:459:3)\n    at Timeout._onTimeout (node:internal/abort_controller:152:7)\n    at listOnTimeout (node:internal/timers:605:17)\n    at processTimers (node:internal/timers:541:7)","timestamp":"2026-09-26T12:06:05.022Z"}
{"hasAuthHeader":true,"hasCookie":true,"level":"debug","message":"auth check","requestId":"a2d3e9bc-a3e0-4529-a584-0f8ee636e4e8","timestamp":"2026-09-26T12:06:10.253Z"}
{"level":"http","message":"GET /api/notifications/unread-count 304 -b - 3.194 ms","requestId":"a2d3e9bc-a3e0-4529-a584-0f8ee636e4e8","timestamp":"2026-09-26T12:06:10.256Z"}
{"level":"error","message":"[ANALYTICS] Error flushing website visits buffer:","stack":"Error: \n    at AbortSignal.listener (C:\\Users\\LOOK IMMO\\Desktop\\lOOK-IMMO.TN\\Look-Immo-API\\node_modules\\@redis\\client\\lib\\client\\commands-queue.ts:297:19)\n    at AbortSignal.[nodejs.internal.kHybridDispatch] (node:internal/event_target:843:20)\n    at AbortSignal.dispatchEvent (node:internal/event_target:776:26)\n    at runAbort (node:internal/abort_controller:488:10)\n    at abortSignal (node:internal/abort_controller:459:3)\n    at Timeout._onTimeout (node:internal/abort_controller:152:7)\n    at listOnTimeout (node:internal/timers:605:17)\n    at processTimers (node:internal/timers:541:7)","timestamp":"2026-09-26T12:07:05.020Z"}
{"hasAuthHeader":true,"hasCookie":true,"level":"debug","message":"auth check","requestId":"037697c1-4359-4cf8-963a-f25c194f6aae","timestamp":"2026-09-26T12:07:10.257Z"}
{"level":"http","message":"GET /api/notifications/unread-count 304 -b - 2.070 ms","requestId":"037697c1-4359-4cf8-963a-f25c194f6aae","timestamp":"2026-09-26T12:07:10.259Z"}
{"level":"error","message":"[ANALYTICS] Error flushing website visits buffer:","stack":"Error: \n    at AbortSignal.listener (C:\\Users\\LOOK IMMO\\Desktop\\lOOK-IMMO.TN\\Look-Immo-API\\node_modules\\@redis\\client\\lib\\client\\commands-queue.ts:297:19)\n    at AbortSignal.[nodejs.internal.kHybridDispatch] (node:internal/event_target:843:20)\n    at AbortSignal.dispatchEvent (node:internal/event_target:776:26)\n    at runAbort (node:internal/abort_controller:488:10)\n    at abortSignal (node:internal/abort_controller:459:3)\n    at Timeout._onTimeout (node:internal/abort_controller:152:7)\n    at listOnTimeout (node:internal/timers:605:17)\n    at processTimers (node:internal/timers:541:7)","timestamp":"2026-09-26T12:08:05.025Z"}
{"hasAuthHeader":true,"hasCookie":true,"level":"debug","message":"auth check","requestId":"8128b88b-73d7-445c-ac2f-b3d19f90c0c1","timestamp":"2026-09-26T12:08:10.266Z"}
{"level":"http","message":"GET /api/notifications/unread-count 304 -b - 3.071 ms","requestId":"8128b88b-73d7-445c-ac2f-b3d19f90c0c1","timestamp":"2026-09-26T12:08:10.270Z"}
{"level":"error","message":"[ANALYTICS] Error flushing website visits buffer:","stack":"Error: \n    at AbortSignal.listener (C:\\Users\\LOOK IMMO\\Desktop\\lOOK-IMMO.TN\\Look-Immo-API\\node_modules\\@redis\\client\\lib\\client\\commands-queue.ts:297:19)\n    at AbortSignal.[nodejs.internal.kHybridDispatch] (node:internal/event_target:843:20)\n    at AbortSignal.dispatchEvent (node:internal/event_target:776:26)\n    at runAbort (node:internal/abort_controller:488:10)\n    at abortSignal (node:internal/abort_controller:459:3)\n    at Timeout._onTimeout (node:internal/abort_controller:152:7)\n    at listOnTimeout (node:internal/timers:605:17)\n    at processTimers (node:internal/timers:541:7)","timestamp":"2026-09-26T12:09:05.014Z"}
{"hasAuthHeader":true,"hasCookie":true,"level":"debug","message":"auth check","requestId":"07936cd9-fac0-42a6-beeb-714b092da790","timestamp":"2026-09-26T12:09:10.266Z"}
{"level":"http","message":"GET /api/notifications/unread-count 304 -b - 30.467 ms","requestId":"07936cd9-fac0-42a6-beeb-714b092da790","timestamp":"2026-09-26T12:09:10.296Z"}
{"hasAuthHeader":true,"hasCookie":true,"level":"debug","message":"auth check","requestId":"cfa184d5-e9f7-4e75-8243-e1ffd3a35230","timestamp":"2026-09-26T12:09:45.514Z"}
{"level":"http","message":"GET /api/settings 304 -b - 6.211 ms","requestId":"f446e095-f1b9-4a16-84ac-758bbbea7952","timestamp":"2026-09-26T12:09:45.516Z"}
{"hasAuthHeader":true,"hasCookie":true,"level":"debug","message":"auth check","requestId":"91c8a930-4cf1-4e2d-901e-ddd09a088d35","timestamp":"2026-09-26T12:09:45.517Z"}
{"level":"http","message":"GET /api/appointments 304 -b - 7.321 ms","requestId":"cfa184d5-e9f7-4e75-8243-e1ffd3a35230","timestamp":"2026-09-26T12:09:45.522Z"}
{"hasAuthHeader":true,"hasCookie":true,"level":"debug","message":"auth check","requestId":"1642e781-de09-4059-8839-0c0ea49a79ba","timestamp":"2026-09-26T12:09:45.523Z"}
{"level":"http","message":"GET /api/users 304 -b - 10.822 ms","requestId":"91c8a930-4cf1-4e2d-901e-ddd09a088d35","timestamp":"2026-09-26T12:09:45.530Z"}
{"level":"http","message":"GET /api/messages 304 -b - 9.154 ms","requestId":"1642e781-de09-4059-8839-0c0ea49a79ba","timestamp":"2026-09-26T12:09:45.532Z"}
{"level":"http","message":"GET /api/properties?noLimit=true 304 -b - 5.874 ms","requestId":"4bc191f9-771f-4f30-b022-01d60ca4298c","timestamp":"2026-09-26T12:09:45.539Z"}
{"level":"http","message":"GET /api/locations 304 -b - 43.262 ms","requestId":"141fd6a2-a768-41e5-8e78-9e987f4d8a1c","timestamp":"2026-09-26T12:09:45.554Z"}
{"level":"http","message":"GET /api/ratings 304 -b - 43.265 ms","requestId":"ef291974-bf3d-4663-b3ad-40d3029c9a21","timestamp":"2026-09-26T12:09:45.560Z"}
{"level":"http","message":"GET /api/blog?limit=1000 304 -b - 62.651 ms","requestId":"61a5be3d-afa2-4d66-89c6-8e6595047554","timestamp":"2026-09-26T12:09:45.576Z"}
{"level":"info","message":"Client disconnected from socket:","timestamp":"2026-09-26T12:09:47.961Z"}
{"hasAuthHeader":true,"hasCookie":true,"level":"debug","message":"auth check","requestId":"c80a0467-3b77-418c-b4b5-b8473a1ae11a","timestamp":"2026-09-26T12:09:48.103Z"}
{"level":"http","message":"POST /api/stats/track-visit 200 31b - 12.553 ms","requestId":"ec76097b-b391-48d4-bbee-2416d7dee97e","timestamp":"2026-09-26T12:09:48.123Z"}
{"level":"http","message":"GET /api/auth/me 304 -b - 22.284 ms","requestId":"c80a0467-3b77-418c-b4b5-b8473a1ae11a","timestamp":"2026-09-26T12:09:48.125Z"}
{"level":"http","message":"GET /api/settings 304 -b - 17.880 ms","requestId":"63663875-e2d7-4d43-b617-c302b85dd6ec","timestamp":"2026-09-26T12:09:48.126Z"}
{"level":"http","message":"GET /api/properties?page=1&limit=24&excludeSold=true 304 -b - 20.375 ms","requestId":"05cdeb7f-f43d-40bc-b99d-63d245f64bc3","timestamp":"2026-09-26T12:09:48.128Z"}
{"level":"http","message":"GET /api/locations 304 -b - 5.768 ms","requestId":"124cef3c-337a-4105-b93f-572be5f47c16","timestamp":"2026-09-26T12:09:48.130Z"}
{"level":"http","message":"POST /api/stats/track-visit 200 31b - 1.367 ms","requestId":"b1e8505f-bac3-4190-ae11-5af7e97dd217","timestamp":"2026-09-26T12:09:48.135Z"}
{"level":"http","message":"GET /api/ratings 304 -b - 5.117 ms","requestId":"28aa73f2-6024-48b8-973d-7ec26d8ff0fc","timestamp":"2026-09-26T12:09:48.136Z"}
{"level":"http","message":"GET /api/blog?limit=1000 304 -b - 22.820 ms","requestId":"1a3fdfae-f3f9-438c-b9be-779ac6365dc5","timestamp":"2026-09-26T12:09:48.148Z"}
{"hasAuthHeader":true,"hasCookie":true,"level":"debug","message":"auth check","requestId":"cb4e618d-4d5a-402b-9a86-55cc43ff074c","timestamp":"2026-09-26T12:09:48.149Z"}
{"hasAuthHeader":true,"hasCookie":true,"level":"debug","message":"auth check","requestId":"8525aaa5-1f51-404e-96e4-abc9a29d23b4","timestamp":"2026-09-26T12:09:48.151Z"}
{"hasAuthHeader":true,"hasCookie":true,"level":"debug","message":"auth check","requestId":"84c52620-1b23-43e2-adbc-1860effce1bc","timestamp":"2026-09-26T12:09:48.153Z"}
{"hasAuthHeader":true,"hasCookie":true,"level":"debug","message":"auth check","requestId":"bcc5e966-a60c-4990-a6f7-0fd3071f96ef","timestamp":"2026-09-26T12:09:48.154Z"}
{"level":"http","message":"GET /api/auth/me 304 -b - 7.735 ms","requestId":"cb4e618d-4d5a-402b-9a86-55cc43ff074c","timestamp":"2026-09-26T12:09:48.156Z"}
{"level":"http","message":"GET /api/properties?noLimit=true 304 -b - 7.332 ms","requestId":"7380dfcb-b90b-44b6-bb5f-cd2d7363517d","timestamp":"2026-09-26T12:09:48.158Z"}
{"level":"http","message":"GET /api/appointments 304 -b - 11.494 ms","requestId":"8525aaa5-1f51-404e-96e4-abc9a29d23b4","timestamp":"2026-09-26T12:09:48.163Z"}
{"level":"http","message":"GET /api/messages 304 -b - 11.102 ms","requestId":"bcc5e966-a60c-4990-a6f7-0fd3071f96ef","timestamp":"2026-09-26T12:09:48.166Z"}
{"level":"http","message":"GET /api/users 304 -b - 14.379 ms","requestId":"84c52620-1b23-43e2-adbc-1860effce1bc","timestamp":"2026-09-26T12:09:48.167Z"}
{"hasAuthHeader":true,"hasCookie":true,"level":"debug","message":"auth check","requestId":"9f2eb1b7-a747-41f8-a33c-a6a6275f3f80","timestamp":"2026-09-26T12:09:48.192Z"}
{"level":"http","message":"GET /api/notifications/unread-count 304 -b - 3.133 ms","requestId":"9f2eb1b7-a747-41f8-a33c-a6a6275f3f80","timestamp":"2026-09-26T12:09:48.195Z"}
{"hasAuthHeader":true,"hasCookie":true,"level":"debug","message":"auth check","requestId":"fbc875b7-18d3-4450-8e93-b8c271cd4e71","timestamp":"2026-09-26T12:09:48.200Z"}
{"level":"http","message":"GET /api/notifications/unread-count 304 -b - 3.000 ms","requestId":"fbc875b7-18d3-4450-8e93-b8c271cd4e71","timestamp":"2026-09-26T12:09:48.203Z"}
{"level":"info","message":"Client connected to socket:","timestamp":"2026-09-26T12:09:48.210Z"}
{"level":"info","message":"Client disconnected from socket:","timestamp":"2026-09-26T12:09:48.224Z"}
{"level":"info","message":"Client connected to socket:","timestamp":"2026-09-26T12:09:48.230Z"}
{"level":"http","message":"GET /api/properties/cmrbxyqhh00046twmx91ole5r 304 -b - 5.495 ms","requestId":"137c09c7-1bea-4501-bd81-22b0ab8f535b","timestamp":"2026-09-26T12:09:48.511Z"}
{"level":"http","message":"GET /api/properties/cmrbxyqhh00046twmx91ole5r 304 -b - 4.118 ms","requestId":"b0251734-c3f3-45e2-8ba7-faaae9a22f07","timestamp":"2026-09-26T12:09:48.522Z"}
{"level":"http","message":"GET /uploads/properties/properties-1785401956905-995455524-thumb.webp 304 -b - 2.475 ms","requestId":"f6747d0e-b042-4264-a013-e4939cdaec75","timestamp":"2026-09-26T12:09:48.535Z"}
{"level":"http","message":"GET /uploads/properties/properties-1785402287635-734602533-thumb.webp 304 -b - 2.177 ms","requestId":"023eebc5-f3ad-43fe-a7d1-1448bdc96521","timestamp":"2026-09-26T12:09:48.535Z"}
{"level":"http","message":"GET /uploads/properties/properties-1785402288111-269948617-thumb.webp 304 -b - 1.419 ms","requestId":"70346484-6892-4e53-aee7-c1c49dbe155d","timestamp":"2026-09-26T12:09:48.538Z"}
{"level":"http","message":"GET /uploads/properties/properties-1785402288850-70781833-thumb.webp 304 -b - 1.820 ms","requestId":"76977285-4c9f-41cb-b1f2-d1451067c5df","timestamp":"2026-09-26T12:09:48.539Z"}
{"level":"http","message":"GET /uploads/properties/properties-1785402288591-837053780-thumb.webp 304 -b - 2.287 ms","requestId":"9a36aa3e-f7e8-4338-bb65-48c80f19612b","timestamp":"2026-09-26T12:09:48.540Z"}
{"level":"http","message":"GET /uploads/properties/properties-1785402288364-783957434-thumb.webp 304 -b - 2.634 ms","requestId":"a80df8b8-8c5e-4a35-ae69-7ee0022cae6d","timestamp":"2026-09-26T12:09:48.540Z"}
{"level":"http","message":"GET /uploads/properties/properties-1785401956905-995455524-large.webp 304 -b - 0.305 ms","requestId":"596262c8-d2b7-4bca-929c-1131f7169f04","timestamp":"2026-09-26T12:09:48.544Z"}
{"level":"http","message":"GET /uploads/properties/properties-1785402288850-70781833-large.webp 304 -b - 0.286 ms","requestId":"9f8be038-de58-4335-b801-b7212fbb6f3a","timestamp":"2026-09-26T12:09:48.545Z"}
{"level":"info","message":"Client disconnected from socket:","timestamp":"2026-09-26T12:09:50.311Z"}
{"level":"info","message":"Client connected to socket:","timestamp":"2026-09-26T12:09:50.326Z"}
{"level":"http","message":"GET /api/properties?page=1&limit=12&excludeSold=true&type=rent 304 -b - 3.701 ms","requestId":"d279c483-6616-4880-9eef-09e89412778e","timestamp":"2026-09-26T12:09:50.358Z"}
{"level":"info","message":"Client connected to socket:","timestamp":"2026-09-26T12:09:50.365Z"}
{"level":"info","message":"Client disconnected from socket:","timestamp":"2026-09-26T12:09:50.436Z"}
{"level":"info","message":"Client disconnected from socket:","timestamp":"2026-09-26T12:09:52.047Z"}
{"hasAuthHeader":true,"hasCookie":true,"level":"debug","message":"auth check","requestId":"f99b4214-e904-49ec-a7db-7d68856f604a","timestamp":"2026-09-26T12:09:52.053Z"}
{"level":"http","message":"GET /api/demands 304 -b - 2.942 ms","requestId":"f99b4214-e904-49ec-a7db-7d68856f604a","timestamp":"2026-09-26T12:09:52.056Z"}
{"hasAuthHeader":true,"hasCookie":true,"level":"debug","message":"auth check","requestId":"d889afe4-c4a0-4550-b7ba-e2f95862b461","timestamp":"2026-09-26T12:09:52.060Z"}
{"level":"info","message":"Client connected to socket:","timestamp":"2026-09-26T12:09:52.063Z"}
{"level":"http","message":"GET /api/demands 304 -b - 4.480 ms","requestId":"d889afe4-c4a0-4550-b7ba-e2f95862b461","timestamp":"2026-09-26T12:09:52.064Z"}
{"level":"info","message":"Client disconnected from socket:","timestamp":"2026-09-26T12:09:54.218Z"}
{"hasAuthHeader":true,"hasCookie":true,"level":"debug","message":"auth check","requestId":"6c41d8c9-7429-49c6-a707-df96d6aa50d0","timestamp":"2026-09-26T12:09:54.226Z"}
{"hasAuthHeader":true,"hasCookie":true,"level":"debug","message":"auth check","requestId":"43058f31-96a0-4323-b576-2a1708416d3f","timestamp":"2026-09-26T12:09:54.228Z"}
{"level":"http","message":"GET /api/messages 304 -b - 2.979 ms","requestId":"43058f31-96a0-4323-b576-2a1708416d3f","timestamp":"2026-09-26T12:09:54.231Z"}
{"level":"http","message":"GET /api/users 304 -b - 6.287 ms","requestId":"6c41d8c9-7429-49c6-a707-df96d6aa50d0","timestamp":"2026-09-26T12:09:54.232Z"}
{"hasAuthHeader":true,"hasCookie":true,"level":"debug","message":"auth check","requestId":"cef07139-3c3f-4bd4-9ce0-d95d6323776a","timestamp":"2026-09-26T12:09:54.233Z"}
{"level":"http","message":"GET /api/appointments 304 -b - 4.788 ms","requestId":"cef07139-3c3f-4bd4-9ce0-d95d6323776a","timestamp":"2026-09-26T12:09:54.238Z"}
{"level":"http","message":"GET /api/ratings 304 -b - 3.731 ms","requestId":"77d5d4d8-95a6-46c6-b87f-03ec6325f4d2","timestamp":"2026-09-26T12:09:54.239Z"}
{"level":"http","message":"GET /api/properties?noLimit=true 304 -b - 5.267 ms","requestId":"ad7f3b3b-51e2-4207-b7ff-2fa7e00ca920","timestamp":"2026-09-26T12:09:54.240Z"}
{"hasAuthHeader":true,"hasCookie":true,"level":"debug","message":"auth check","requestId":"1cedd6ae-022f-4450-bf97-6aa391da6ae5","timestamp":"2026-09-26T12:09:54.246Z"}
{"level":"http","message":"GET /api/settings 304 -b - 7.734 ms","requestId":"9a3bfec4-28e8-4c79-a88f-c25cdfa671e6","timestamp":"2026-09-26T12:09:54.248Z"}
{"hasAuthHeader":true,"hasCookie":true,"level":"debug","message":"auth check","requestId":"af3fa8ea-4388-4074-a587-186bebde4d50","timestamp":"2026-09-26T12:09:54.249Z"}
{"level":"http","message":"GET /api/blog?limit=1000 304 -b - 24.827 ms","requestId":"0dc3132f-37ef-411d-9bfc-d849a7e64bfe","timestamp":"2026-09-26T12:09:54.261Z"}
{"hasAuthHeader":true,"hasCookie":true,"level":"debug","message":"auth check","requestId":"ff1fb4c6-4d00-456d-84cc-700280e30377","timestamp":"2026-09-26T12:09:54.262Z"}
{"level":"http","message":"GET /api/demands 304 -b - 14.077 ms","requestId":"af3fa8ea-4388-4074-a587-186bebde4d50","timestamp":"2026-09-26T12:09:54.263Z"}
{"hasAuthHeader":true,"hasCookie":true,"level":"debug","message":"auth check","requestId":"7670cba7-3c1b-4fbe-8d96-27a342a12cee","timestamp":"2026-09-26T12:09:54.265Z"}
{"hasAuthHeader":true,"hasCookie":true,"level":"debug","message":"auth check","requestId":"4f8413bf-51af-4cb7-83fe-0176c76cf881","timestamp":"2026-09-26T12:09:54.266Z"}
{"level":"http","message":"GET /api/messages 304 -b - 7.087 ms","requestId":"ff1fb4c6-4d00-456d-84cc-700280e30377","timestamp":"2026-09-26T12:09:54.269Z"}
{"level":"http","message":"GET /api/users 304 -b - 7.347 ms","requestId":"7670cba7-3c1b-4fbe-8d96-27a342a12cee","timestamp":"2026-09-26T12:09:54.272Z"}
{"level":"http","message":"GET /api/appointments 304 -b - 7.042 ms","requestId":"4f8413bf-51af-4cb7-83fe-0176c76cf881","timestamp":"2026-09-26T12:09:54.273Z"}
{"level":"http","message":"GET /api/ratings 304 -b - 4.864 ms","requestId":"efe57f84-a3d9-4f7c-aa88-dded51cdbbd8","timestamp":"2026-09-26T12:09:54.275Z"}
{"level":"http","message":"GET /api/properties?noLimit=true 304 -b - 5.535 ms","requestId":"66533071-3461-4317-811d-42a16fb1d861","timestamp":"2026-09-26T12:09:54.277Z"}
{"level":"http","message":"GET /api/settings 304 -b - 2.864 ms","requestId":"c09b24f6-967a-4719-b527-5ddfb59fecd2","timestamp":"2026-09-26T12:09:54.281Z"}
{"level":"info","message":"Client connected to socket:","timestamp":"2026-09-26T12:09:54.283Z"}
{"hasAuthHeader":true,"hasCookie":true,"level":"debug","message":"auth check","requestId":"028b30c6-b843-46c9-8f77-f6be08e86b1e","timestamp":"2026-09-26T12:09:54.291Z"}
{"hasAuthHeader":true,"hasCookie":true,"level":"debug","message":"auth check","requestId":"e4b542e9-5d0c-42c4-8fbe-5d650172e91b","timestamp":"2026-09-26T12:09:54.292Z"}
{"level":"http","message":"GET /api/demands 304 -b - 3.313 ms","requestId":"028b30c6-b843-46c9-8f77-f6be08e86b1e","timestamp":"2026-09-26T12:09:54.294Z"}
{"hasAuthHeader":true,"hasCookie":true,"level":"debug","message":"auth check","requestId":"14de5792-ff01-4b5c-8b13-2ef8f56f059f","timestamp":"2026-09-26T12:09:54.295Z"}
{"level":"http","message":"GET /api/messages 304 -b - 4.595 ms","requestId":"e4b542e9-5d0c-42c4-8fbe-5d650172e91b","timestamp":"2026-09-26T12:09:54.297Z"}
{"hasAuthHeader":true,"hasCookie":true,"level":"debug","message":"auth check","requestId":"9ebaa6c8-caf8-4c46-acc2-ae3daab9f8f6","timestamp":"2026-09-26T12:09:54.298Z"}
{"level":"http","message":"GET /api/users 304 -b - 5.299 ms","requestId":"14de5792-ff01-4b5c-8b13-2ef8f56f059f","timestamp":"2026-09-26T12:09:54.300Z"}
{"level":"http","message":"GET /api/appointments 304 -b - 4.493 ms","requestId":"9ebaa6c8-caf8-4c46-acc2-ae3daab9f8f6","timestamp":"2026-09-26T12:09:54.303Z"}
{"level":"http","message":"GET /api/blog?limit=1000 304 -b - 23.252 ms","requestId":"479dd7b6-2f74-4ba5-8c31-24ea702a8321","timestamp":"2026-09-26T12:09:54.313Z"}
{"level":"http","message":"GET /api/ratings 304 -b - 13.065 ms","requestId":"af78fd40-4a64-4548-8bad-d11609d95dc2","timestamp":"2026-09-26T12:09:54.314Z"}
{"level":"http","message":"GET /api/settings 304 -b - 1.485 ms","requestId":"5e059921-faa6-4528-bb83-c400311742a4","timestamp":"2026-09-26T12:09:54.317Z"}
{"level":"http","message":"GET /api/properties?noLimit=true 304 -b - 3.603 ms","requestId":"0d52c8fc-4b8b-481f-9526-982ba195b35b","timestamp":"2026-09-26T12:09:54.318Z"}
{"level":"http","message":"GET /api/blog?limit=1000 304 -b - 16.829 ms","requestId":"bc835e0d-3183-4bcb-80f6-76a0eabf5b0b","timestamp":"2026-09-26T12:09:54.337Z"}
{"hasAuthHeader":true,"hasCookie":true,"level":"debug","message":"auth check","requestId":"726282c6-b5fc-4547-a360-4a2bafda8f12","timestamp":"2026-09-26T12:09:55.173Z"}
{"hasAuthHeader":true,"hasCookie":true,"level":"debug","message":"auth check","requestId":"8a816997-1499-4b55-a284-37bd4efe0e6f","timestamp":"2026-09-26T12:09:55.176Z"}
{"hasAuthHeader":true,"hasCookie":true,"level":"debug","message":"auth check","requestId":"a0535b78-73ff-4a77-a646-affcf9a9ba1e","timestamp":"2026-09-26T12:09:55.178Z"}
{"level":"http","message":"GET /api/users 304 -b - 7.379 ms","requestId":"726282c6-b5fc-4547-a360-4a2bafda8f12","timestamp":"2026-09-26T12:09:55.181Z"}
{"level":"http","message":"GET /api/messages 304 -b - 5.215 ms","requestId":"8a816997-1499-4b55-a284-37bd4efe0e6f","timestamp":"2026-09-26T12:09:55.182Z"}
{"level":"http","message":"GET /api/appointments 304 -b - 6.980 ms","requestId":"a0535b78-73ff-4a77-a646-affcf9a9ba1e","timestamp":"2026-09-26T12:09:55.185Z"}
{"level":"http","message":"GET /api/ratings 304 -b - 3.246 ms","requestId":"476f5c15-1261-4922-b6f3-da2b56fa0e3f","timestamp":"2026-09-26T12:09:55.186Z"}
{"level":"http","message":"GET /api/properties?noLimit=true 304 -b - 4.485 ms","requestId":"9d608399-178d-431c-b5ef-cdd2e1180cb9","timestamp":"2026-09-26T12:09:55.188Z"}
{"level":"http","message":"GET /api/settings 304 -b - 2.569 ms","requestId":"8149962a-7031-41f9-81c1-d9d0cd029b5a","timestamp":"2026-09-26T12:09:55.194Z"}
{"level":"http","message":"GET /api/blog?limit=1000 304 -b - 21.013 ms","requestId":"8f69fdbd-f677-4028-afc0-b9afcd03d5af","timestamp":"2026-09-26T12:09:55.210Z"}
{"level":"http","message":"GET /uploads/properties/properties-1788605866134-608810139-medium.webp 304 -b - 0.428 ms","requestId":"de393657-de31-4d7c-b7fc-343cf7d35316","timestamp":"2026-09-26T12:09:55.500Z"}
{"level":"error","message":"[ANALYTICS] Error flushing website visits buffer:","requestId":"1cedd6ae-022f-4450-bf97-6aa391da6ae5","stack":"Error: \n    at AbortSignal.listener (C:\\Users\\LOOK IMMO\\Desktop\\lOOK-IMMO.TN\\Look-Immo-API\\node_modules\\@redis\\client\\lib\\client\\commands-queue.ts:297:19)\n    at AbortSignal.[nodejs.internal.kHybridDispatch] (node:internal/event_target:843:20)\n    at AbortSignal.dispatchEvent (node:internal/event_target:776:26)\n    at runAbort (node:internal/abort_controller:488:10)\n    at abortSignal (node:internal/abort_controller:459:3)\n    at Timeout._onTimeout (node:internal/abort_controller:152:7)\n    at listOnTimeout (node:internal/timers:605:17)\n    at processTimers (node:internal/timers:541:7)","timestamp":"2026-09-26T12:09:59.254Z"}
{"level":"http","message":"GET /api/stats/dashboard 304 -b - 5018.634 ms","requestId":"1cedd6ae-022f-4450-bf97-6aa391da6ae5","timestamp":"2026-09-26T12:09:59.264Z"}
{"hasAuthHeader":true,"hasCookie":true,"level":"debug","message":"auth check","requestId":"99f16831-e2a6-4adf-bfb0-0f5cb748dee1","timestamp":"2026-09-26T12:09:59.269Z"}
{"level":"error","message":"[ANALYTICS] Error flushing website visits buffer:","requestId":"99f16831-e2a6-4adf-bfb0-0f5cb748dee1","stack":"Error: \n    at AbortSignal.listener (C:\\Users\\LOOK IMMO\\Desktop\\lOOK-IMMO.TN\\Look-Immo-API\\node_modules\\@redis\\client\\lib\\client\\commands-queue.ts:297:19)\n    at AbortSignal.[nodejs.internal.kHybridDispatch] (node:internal/event_target:843:20)\n    at AbortSignal.dispatchEvent (node:internal/event_target:776:26)\n    at runAbort (node:internal/abort_controller:488:10)\n    at abortSignal (node:internal/abort_controller:459:3)\n    at Timeout._onTimeout (node:internal/abort_controller:152:7)\n    at listOnTimeout (node:internal/timers:605:17)\n    at processTimers (node:internal/timers:541:7)","timestamp":"2026-09-26T12:10:04.272Z"}
{"level":"http","message":"GET /api/stats/dashboard 304 -b - 5013.923 ms","requestId":"99f16831-e2a6-4adf-bfb0-0f5cb748dee1","timestamp":"2026-09-26T12:10:04.283Z"}
{"hasAuthHeader":true,"hasCookie":true,"level":"debug","message":"auth check","requestId":"54cf66a4-2f44-4b8e-b03d-8fe103f1c845","timestamp":"2026-09-26T12:10:04.288Z"}
{"level":"error","message":"[ANALYTICS] Error flushing website visits buffer:","stack":"Error: \n    at AbortSignal.listener (C:\\Users\\LOOK IMMO\\Desktop\\lOOK-IMMO.TN\\Look-Immo-API\\node_modules\\@redis\\client\\lib\\client\\commands-queue.ts:297:19)\n    at AbortSignal.[nodejs.internal.kHybridDispatch] (node:internal/event_target:843:20)\n    at AbortSignal.dispatchEvent (node:internal/event_target:776:26)\n    at runAbort (node:internal/abort_controller:488:10)\n    at abortSignal (node:internal/abort_controller:459:3)\n    at Timeout._onTimeout (node:internal/abort_controller:152:7)\n    at listOnTimeout (node:internal/timers:605:17)\n    at processTimers (node:internal/timers:541:7)","timestamp":"2026-09-26T12:10:05.021Z"}
{"hasAuthHeader":true,"hasCookie":true,"level":"debug","message":"auth check","requestId":"6d77cbf9-13cc-44fd-bd15-baf37d3a8615","timestamp":"2026-09-26T12:10:05.176Z"}
{"level":"http","message":"PATCH /api/properties/cmrbxyqhh00046twmx91ole5r/order 200 527b - 10.179 ms","requestId":"6d77cbf9-13cc-44fd-bd15-baf37d3a8615","timestamp":"2026-09-26T12:10:05.185Z"}
{"level":"info","message":"Client disconnected from socket:","timestamp":"2026-09-26T12:10:05.226Z"}
{"hasAuthHeader":true,"hasCookie":true,"level":"debug","message":"auth check","requestId":"92a08f9f-5348-4a29-b497-693ef9c0aaab","timestamp":"2026-09-26T12:10:05.233Z"}
{"hasAuthHeader":true,"hasCookie":true,"level":"debug","message":"auth check","requestId":"fc4402ca-c38c-4ddb-a661-b8bf88e96dc8","timestamp":"2026-09-26T12:10:05.234Z"}
{"hasAuthHeader":true,"hasCookie":true,"level":"debug","message":"auth check","requestId":"1090591b-7a25-4101-ab14-28da4fbfcdd8","timestamp":"2026-09-26T12:10:05.236Z"}
{"level":"http","message":"GET /api/messages 304 -b - 5.237 ms","requestId":"fc4402ca-c38c-4ddb-a661-b8bf88e96dc8","timestamp":"2026-09-26T12:10:05.239Z"}
{"level":"http","message":"GET /api/users 304 -b - 7.838 ms","requestId":"92a08f9f-5348-4a29-b497-693ef9c0aaab","timestamp":"2026-09-26T12:10:05.241Z"}
{"level":"http","message":"GET /api/appointments 304 -b - 6.138 ms","requestId":"1090591b-7a25-4101-ab14-28da4fbfcdd8","timestamp":"2026-09-26T12:10:05.242Z"}
{"level":"http","message":"GET /api/properties?noLimit=true 200 -b - 7.036 ms","requestId":"d1f2da26-d896-4cc2-8f8c-e728cc818a94","timestamp":"2026-09-26T12:10:05.247Z"}
{"level":"http","message":"GET /api/ratings 304 -b - 3.393 ms","requestId":"27864dc9-1937-4063-af6d-9717cf0e63e4","timestamp":"2026-09-26T12:10:05.249Z"}
{"level":"http","message":"GET /api/settings 304 -b - 2.428 ms","requestId":"f97fdb09-7b60-4713-b69d-100c4ae0cdc9","timestamp":"2026-09-26T12:10:05.251Z"}
{"hasAuthHeader":true,"hasCookie":true,"level":"debug","message":"auth check","requestId":"37c5ab7e-a669-4bb3-a565-8ce3deaa1715","timestamp":"2026-09-26T12:10:05.258Z"}
{"hasAuthHeader":true,"hasCookie":true,"level":"debug","message":"auth check","requestId":"c0d72840-eb86-4704-845b-682b9a132c9d","timestamp":"2026-09-26T12:10:05.260Z"}
{"hasAuthHeader":true,"hasCookie":true,"level":"debug","message":"auth check","requestId":"ed045e74-3061-4e3e-8863-253dd2da6da7","timestamp":"2026-09-26T12:10:05.263Z"}
{"level":"http","message":"GET /api/blog?limit=1000 304 -b - 23.040 ms","requestId":"647195e1-e282-4090-8c95-3c1c248be5ac","timestamp":"2026-09-26T12:10:05.272Z"}
{"level":"http","message":"GET /api/messages 304 -b - 12.916 ms","requestId":"c0d72840-eb86-4704-845b-682b9a132c9d","timestamp":"2026-09-26T12:10:05.273Z"}
{"level":"http","message":"GET /api/users 304 -b - 15.910 ms","requestId":"37c5ab7e-a669-4bb3-a565-8ce3deaa1715","timestamp":"2026-09-26T12:10:05.274Z"}
{"level":"http","message":"GET /api/appointments 304 -b - 13.479 ms","requestId":"ed045e74-3061-4e3e-8863-253dd2da6da7","timestamp":"2026-09-26T12:10:05.277Z"}
{"level":"http","message":"GET /api/properties?noLimit=true 304 -b - 4.811 ms","requestId":"e928f1d4-6551-4f7d-9f3d-500089bd0bd8","timestamp":"2026-09-26T12:10:05.279Z"}
{"level":"http","message":"GET /api/ratings 304 -b - 3.397 ms","requestId":"d5da68d1-4c59-4d90-a2a4-0ac037b6ef25","timestamp":"2026-09-26T12:10:05.284Z"}
{"level":"http","message":"GET /api/settings 304 -b - 4.522 ms","requestId":"4940276e-4768-4106-8820-359304c10f2a","timestamp":"2026-09-26T12:10:05.286Z"}
{"level":"http","message":"GET /api/properties?noLimit=true 304 -b - 4.162 ms","requestId":"f428819d-3266-4c79-836e-0eea3f2624ed","timestamp":"2026-09-26T12:10:05.294Z"}
{"level":"info","message":"Client connected to socket:","timestamp":"2026-09-26T12:10:05.301Z"}
{"level":"http","message":"GET /api/blog?limit=1000 304 -b - 31.835 ms","requestId":"2f342208-78cf-4bc2-abba-a5e57ba4bcde","timestamp":"2026-09-26T12:10:05.319Z"}
{"hasAuthHeader":true,"hasCookie":true,"level":"debug","message":"auth check","requestId":"59808ce7-d337-4625-a36e-d5c1b183314f","timestamp":"2026-09-26T12:10:08.037Z"}
{"level":"http","message":"PATCH /api/properties/cmrbxyqhm00086twmtqzrk45p/order 200 527b - 6.214 ms","requestId":"59808ce7-d337-4625-a36e-d5c1b183314f","timestamp":"2026-09-26T12:10:08.043Z"}
{"level":"info","message":"Client disconnected from socket:","timestamp":"2026-09-26T12:10:08.084Z"}
{"hasAuthHeader":true,"hasCookie":true,"level":"debug","message":"auth check","requestId":"dfbf82ff-0b4f-4744-8511-542345b5e7a6","timestamp":"2026-09-26T12:10:08.090Z"}
{"hasAuthHeader":true,"hasCookie":true,"level":"debug","message":"auth check","requestId":"d10c7544-28f1-458a-8f5b-1b4c154aabec","timestamp":"2026-09-26T12:10:08.093Z"}
{"hasAuthHeader":true,"hasCookie":true,"level":"debug","message":"auth check","requestId":"cee17762-2a81-4c62-a009-3225c88278c8","timestamp":"2026-09-26T12:10:08.094Z"}
{"level":"http","message":"GET /api/messages 304 -b - 3.885 ms","requestId":"d10c7544-28f1-458a-8f5b-1b4c154aabec","timestamp":"2026-09-26T12:10:08.096Z"}
{"level":"http","message":"GET /api/users 304 -b - 6.767 ms","requestId":"dfbf82ff-0b4f-4744-8511-542345b5e7a6","timestamp":"2026-09-26T12:10:08.097Z"}
{"level":"http","message":"GET /api/appointments 304 -b - 4.458 ms","requestId":"cee17762-2a81-4c62-a009-3225c88278c8","timestamp":"2026-09-26T12:10:08.099Z"}
{"level":"http","message":"GET /api/ratings 304 -b - 4.353 ms","requestId":"ab001a67-d0d7-4785-96c8-52a47a98d16b","timestamp":"2026-09-26T12:10:08.099Z"}
{"level":"http","message":"GET /api/properties?noLimit=true 200 -b - 5.454 ms","requestId":"e0b77738-8d48-4124-9ebe-8dcc30cd0be1","timestamp":"2026-09-26T12:10:08.102Z"}
{"level":"http","message":"GET /api/settings 304 -b - 2.117 ms","requestId":"30975e50-58bd-46ee-8e36-7558c2d75cde","timestamp":"2026-09-26T12:10:08.108Z"}
{"hasAuthHeader":true,"hasCookie":true,"level":"debug","message":"auth check","requestId":"4fa352cc-8a95-4c6e-9c22-23ae0860a211","timestamp":"2026-09-26T12:10:08.113Z"}
{"hasAuthHeader":true,"hasCookie":true,"level":"debug","message":"auth check","requestId":"87a6e62c-f33b-4698-aad8-d0ffcb97d6f5","timestamp":"2026-09-26T12:10:08.117Z"}
{"hasAuthHeader":true,"hasCookie":true,"level":"debug","message":"auth check","requestId":"fbe20242-8a19-42b8-b3d0-2eed9031905c","timestamp":"2026-09-26T12:10:08.118Z"}
{"level":"http","message":"GET /api/blog?limit=1000 304 -b - 25.116 ms","requestId":"cdfd9113-ca8b-4f68-8d63-a70498a9d04f","timestamp":"2026-09-26T12:10:08.130Z"}
{"level":"http","message":"GET /api/users 304 -b - 17.735 ms","requestId":"4fa352cc-8a95-4c6e-9c22-23ae0860a211","timestamp":"2026-09-26T12:10:08.130Z"}
{"level":"http","message":"GET /api/appointments 304 -b - 14.724 ms","requestId":"87a6e62c-f33b-4698-aad8-d0ffcb97d6f5","timestamp":"2026-09-26T12:10:08.131Z"}
{"level":"http","message":"GET /api/messages 304 -b - 13.968 ms","requestId":"fbe20242-8a19-42b8-b3d0-2eed9031905c","timestamp":"2026-09-26T12:10:08.132Z"}
{"level":"http","message":"GET /api/properties?noLimit=true 304 -b - 13.806 ms","requestId":"81ef6ffe-a8d7-4830-9017-793765d917f2","timestamp":"2026-09-26T12:10:08.133Z"}
{"level":"http","message":"GET /api/ratings 304 -b - 2.185 ms","requestId":"4c123f97-6fc0-4cb5-babc-0e31abcd9233","timestamp":"2026-09-26T12:10:08.141Z"}
{"level":"http","message":"GET /api/settings 304 -b - 3.341 ms","requestId":"6f230d37-32d0-4cf8-9629-40b72313cdc7","timestamp":"2026-09-26T12:10:08.146Z"}
{"level":"http","message":"GET /api/properties?noLimit=true 304 -b - 4.767 ms","requestId":"0232f950-1ca1-4222-af41-3682b9dc075e","timestamp":"2026-09-26T12:10:08.153Z"}
{"level":"http","message":"GET /api/blog?limit=1000 304 -b - 25.279 ms","requestId":"0dafd31d-8c7e-4ed7-91a5-78ed56b9567a","timestamp":"2026-09-26T12:10:08.169Z"}
{"level":"info","message":"Client connected to socket:","timestamp":"2026-09-26T12:10:08.170Z"}
{"level":"error","message":"[ANALYTICS] Error flushing website visits buffer:","requestId":"54cf66a4-2f44-4b8e-b03d-8fe103f1c845","stack":"Error: \n    at AbortSignal.listener (C:\\Users\\LOOK IMMO\\Desktop\\lOOK-IMMO.TN\\Look-Immo-API\\node_modules\\@redis\\client\\lib\\client\\commands-queue.ts:297:19)\n    at AbortSignal.[nodejs.internal.kHybridDispatch] (node:internal/event_target:843:20)\n    at AbortSignal.dispatchEvent (node:internal/event_target:776:26)\n    at runAbort (node:internal/abort_controller:488:10)\n    at abortSignal (node:internal/abort_controller:459:3)\n    at Timeout._onTimeout (node:internal/abort_controller:152:7)\n    at listOnTimeout (node:internal/timers:605:17)\n    at processTimers (node:internal/timers:541:7)","timestamp":"2026-09-26T12:10:09.295Z"}
{"level":"http","message":"GET /api/stats/dashboard 304 -b - 5019.042 ms","requestId":"54cf66a4-2f44-4b8e-b03d-8fe103f1c845","timestamp":"2026-09-26T12:10:09.307Z"}
{"hasAuthHeader":true,"hasCookie":true,"level":"debug","message":"auth check","requestId":"c5ee4804-7c4b-4c01-a6ef-6aaf02134b84","timestamp":"2026-09-26T12:10:17.830Z"}
{"level":"http","message":"PATCH /api/properties/cmrbxyqho000a6twmtwcetleq/order 200 527b - 7.243 ms","requestId":"c5ee4804-7c4b-4c01-a6ef-6aaf02134b84","timestamp":"2026-09-26T12:10:17.837Z"}
{"level":"info","message":"Client disconnected from socket:","timestamp":"2026-09-26T12:10:17.874Z"}
{"hasAuthHeader":true,"hasCookie":true,"level":"debug","message":"auth check","requestId":"0a6b1c31-e54c-445a-a917-980154ba5b33","timestamp":"2026-09-26T12:10:17.881Z"}
{"hasAuthHeader":true,"hasCookie":true,"level":"debug","message":"auth check","requestId":"b83e4dfb-5a11-4561-b6e5-a14753525849","timestamp":"2026-09-26T12:10:17.882Z"}
{"hasAuthHeader":true,"hasCookie":true,"level":"debug","message":"auth check","requestId":"dddb073d-d562-4aa7-924d-fc8923c8b1a5","timestamp":"2026-09-26T12:10:17.884Z"}
{"level":"http","message":"GET /api/messages 304 -b - 3.854 ms","requestId":"b83e4dfb-5a11-4561-b6e5-a14753525849","timestamp":"2026-09-26T12:10:17.886Z"}
{"level":"http","message":"GET /api/users 304 -b - 6.388 ms","requestId":"0a6b1c31-e54c-445a-a917-980154ba5b33","timestamp":"2026-09-26T12:10:17.887Z"}
{"level":"http","message":"GET /api/appointments 304 -b - 6.102 ms","requestId":"dddb073d-d562-4aa7-924d-fc8923c8b1a5","timestamp":"2026-09-26T12:10:17.890Z"}
{"level":"http","message":"GET /api/ratings 304 -b - 3.048 ms","requestId":"3a62a9fe-42cc-45a1-85a8-1264f1c72a2f","timestamp":"2026-09-26T12:10:17.893Z"}
{"level":"http","message":"GET /api/properties?noLimit=true 200 -b - 6.777 ms","requestId":"718b1ef1-fd0d-4dda-b5df-8c67bc6bd4c8","timestamp":"2026-09-26T12:10:17.895Z"}
{"level":"http","message":"GET /api/blog?limit=1000 304 -b - 22.995 ms","requestId":"e7d665b6-a4a8-4db9-9b75-2d91bee1e144","timestamp":"2026-09-26T12:10:17.911Z"}
{"level":"http","message":"GET /api/settings 304 -b - 16.645 ms","requestId":"8b0a9246-b646-4b33-bda1-66be8aecfb6a","timestamp":"2026-09-26T12:10:17.912Z"}
{"hasAuthHeader":true,"hasCookie":true,"level":"debug","message":"auth check","requestId":"e0626dad-893e-4dc8-8438-67f02a64b152","timestamp":"2026-09-26T12:10:17.915Z"}
{"hasAuthHeader":true,"hasCookie":true,"level":"debug","message":"auth check","requestId":"e9e7494b-c149-41be-9c40-eac8dccec889","timestamp":"2026-09-26T12:10:17.916Z"}
{"hasAuthHeader":true,"hasCookie":true,"level":"debug","message":"auth check","requestId":"1ce40cd2-8e73-4a30-aeb7-9acf1afbb74c","timestamp":"2026-09-26T12:10:17.918Z"}
{"level":"http","message":"GET /api/messages 304 -b - 6.151 ms","requestId":"e0626dad-893e-4dc8-8438-67f02a64b152","timestamp":"2026-09-26T12:10:17.921Z"}
{"level":"http","message":"GET /api/users 304 -b - 8.013 ms","requestId":"e9e7494b-c149-41be-9c40-eac8dccec889","timestamp":"2026-09-26T12:10:17.924Z"}
{"level":"http","message":"GET /api/appointments 304 -b - 7.235 ms","requestId":"1ce40cd2-8e73-4a30-aeb7-9acf1afbb74c","timestamp":"2026-09-26T12:10:17.925Z"}
{"level":"http","message":"GET /api/properties?noLimit=true 304 -b - 7.146 ms","requestId":"1fe0b933-7666-4fdb-ba34-38899320f486","timestamp":"2026-09-26T12:10:17.927Z"}
{"level":"http","message":"GET /api/ratings 304 -b - 5.700 ms","requestId":"c0e21331-0793-4a5a-bd35-ee808f7e41bc","timestamp":"2026-09-26T12:10:17.928Z"}
{"level":"http","message":"GET /api/settings 304 -b - 5.829 ms","requestId":"e9230102-be46-4aa6-a02e-9d6c5aaa7cdd","timestamp":"2026-09-26T12:10:17.946Z"}
{"level":"http","message":"GET /api/properties?noLimit=true 304 -b - 5.764 ms","requestId":"86fa172e-f44b-4801-8429-db0ff0b0c6cf","timestamp":"2026-09-26T12:10:17.947Z"}
{"level":"info","message":"Client connected to socket:","timestamp":"2026-09-26T12:10:17.949Z"}
{"level":"http","message":"GET /api/blog?limit=1000 304 -b - 29.305 ms","requestId":"ee48850f-df17-4014-b8c4-5a98c3b4253e","timestamp":"2026-09-26T12:10:17.959Z"}
{"hasAuthHeader":true,"hasCookie":true,"level":"debug","message":"auth check","requestId":"bce2c6f5-1a3f-49a4-a652-5a68c292cef4","timestamp":"2026-09-26T12:10:20.390Z"}
{"level":"http","message":"PATCH /api/properties/cmrbxyqho000a6twmtwcetleq/order 200 527b - 6.908 ms","requestId":"bce2c6f5-1a3f-49a4-a652-5a68c292cef4","timestamp":"2026-09-26T12:10:20.397Z"}
{"level":"info","message":"Client disconnected from socket:","timestamp":"2026-09-26T12:10:20.437Z"}
{"hasAuthHeader":true,"hasCookie":true,"level":"debug","message":"auth check","requestId":"402169ff-8e11-4904-94ae-624499660c56","timestamp":"2026-09-26T12:10:20.444Z"}
{"hasAuthHeader":true,"hasCookie":true,"level":"debug","message":"auth check","requestId":"185ec280-c1b1-480e-ba63-599de5277094","timestamp":"2026-09-26T12:10:20.445Z"}
{"hasAuthHeader":true,"hasCookie":true,"level":"debug","message":"auth check","requestId":"76c84d44-edb4-452d-8f2d-05bc7f3e083f","timestamp":"2026-09-26T12:10:20.447Z"}
{"level":"http","message":"GET /api/messages 304 -b - 4.392 ms","requestId":"185ec280-c1b1-480e-ba63-599de5277094","timestamp":"2026-09-26T12:10:20.449Z"}
{"level":"http","message":"GET /api/users 304 -b - 6.526 ms","requestId":"402169ff-8e11-4904-94ae-624499660c56","timestamp":"2026-09-26T12:10:20.450Z"}
{"level":"http","message":"GET /api/appointments 304 -b - 5.673 ms","requestId":"76c84d44-edb4-452d-8f2d-05bc7f3e083f","timestamp":"2026-09-26T12:10:20.453Z"}
{"level":"http","message":"GET /api/ratings 304 -b - 4.470 ms","requestId":"6cf4fa5e-b80d-42ff-bba9-49bbb3977823","timestamp":"2026-09-26T12:10:20.455Z"}
{"level":"http","message":"GET /api/properties?noLimit=true 200 -b - 7.200 ms","requestId":"ab991b3a-b3b6-49db-acd9-711bacee16ab","timestamp":"2026-09-26T12:10:20.458Z"}
{"level":"http","message":"GET /api/settings 304 -b - 1.787 ms","requestId":"8a89e0c8-d846-46b6-9cef-5d0e3c672088","timestamp":"2026-09-26T12:10:20.460Z"}
{"hasAuthHeader":true,"hasCookie":true,"level":"debug","message":"auth check","requestId":"81725595-36c1-42dc-87aa-42951107f297","timestamp":"2026-09-26T12:10:20.466Z"}
{"hasAuthHeader":true,"hasCookie":true,"level":"debug","message":"auth check","requestId":"0ae4a1a3-e06d-4276-9b09-0c9417f8aa71","timestamp":"2026-09-26T12:10:20.469Z"}
{"level":"http","message":"GET /api/blog?limit=1000 304 -b - 22.733 ms","requestId":"108893bb-fc44-453b-b5ae-b113c83ec4a6","timestamp":"2026-09-26T12:10:20.479Z"}
{"level":"http","message":"GET /api/messages 304 -b - 12.397 ms","requestId":"0ae4a1a3-e06d-4276-9b09-0c9417f8aa71","timestamp":"2026-09-26T12:10:20.480Z"}
{"level":"http","message":"GET /api/users 304 -b - 15.026 ms","requestId":"81725595-36c1-42dc-87aa-42951107f297","timestamp":"2026-09-26T12:10:20.481Z"}
{"hasAuthHeader":true,"hasCookie":true,"level":"debug","message":"auth check","requestId":"81572bcc-4fa2-4958-a33b-dd49da71e50b","timestamp":"2026-09-26T12:10:20.482Z"}
{"level":"http","message":"GET /api/appointments 304 -b - 7.569 ms","requestId":"81572bcc-4fa2-4958-a33b-dd49da71e50b","timestamp":"2026-09-26T12:10:20.490Z"}
{"level":"http","message":"GET /api/ratings 304 -b - 5.388 ms","requestId":"f0b6bc50-0b6d-4da2-abe3-ff18eafd73dc","timestamp":"2026-09-26T12:10:20.494Z"}
{"level":"http","message":"GET /api/properties?noLimit=true 304 -b - 9.682 ms","requestId":"3f583c19-c78a-4594-8738-798e62b1320d","timestamp":"2026-09-26T12:10:20.495Z"}
{"level":"http","message":"GET /api/settings 304 -b - 5.228 ms","requestId":"7d98cf3f-4a16-46c3-b6dc-6488321331db","timestamp":"2026-09-26T12:10:20.497Z"}
{"level":"http","message":"GET /api/blog?limit=1000 304 -b - 24.702 ms","requestId":"2f62ee09-341e-469c-a2a3-6db4db8c4b2a","timestamp":"2026-09-26T12:10:20.517Z"}
{"level":"info","message":"Client connected to socket:","timestamp":"2026-09-26T12:10:20.519Z"}
{"level":"http","message":"GET /api/properties?noLimit=true 304 -b - 12.840 ms","requestId":"6aff3f44-4b81-42c2-9b8e-d618ba216c09","timestamp":"2026-09-26T12:10:20.521Z"}
{"level":"debug","message":"[ANALYTICS] Flushed 2 visits to database.","timestamp":"2026-09-26T12:10:32.410Z"}
{"level":"info","message":"[BOOTSTRAP] Uploads root: C:\\Users\\LOOK IMMO\\Desktop\\lOOK-IMMO.TN\\Look-Immo-API\\uploads","timestamp":"2026-09-26T12:10:32.442Z"}
{"hasAuthHeader":true,"hasCookie":true,"level":"debug","message":"auth check","requestId":"461edebf-002a-46cd-85c2-db511683f5b1","timestamp":"2026-09-26T12:10:48.209Z"}
{"level":"http","message":"GET /api/notifications/unread-count 304 -b - 2.202 ms","requestId":"461edebf-002a-46cd-85c2-db511683f5b1","timestamp":"2026-09-26T12:10:48.211Z"}
{"level":"info","message":"[BOOTSTRAP] Uploads root: C:\\Users\\LOOK IMMO\\Desktop\\lOOK-IMMO.TN\\Look-Immo-API\\uploads","timestamp":"2026-09-26T12:10:56.262Z"}
{"level":"info","message":"[ExchangeRates] Cron job scheduled (every hour). Initial fetch in progress...","timestamp":"2026-09-26T12:10:56.321Z"}
{"apiBase":"http://localhost:5000/api","env":"development","health":"http://localhost:5000/health","level":"info","message":"Server started","port":"5000","timestamp":"2026-09-26T12:10:56.325Z","websockets":true}
{"level":"warn","message":"[REDIS] Could not reach Redis server. Caching disabled. Error:","timestamp":"2026-09-26T12:10:56.340Z"}
{"level":"info","message":"[ExchangeRates] ✅ Fetched fresh rates — USD: 0.3392, EUR: 0.2970","timestamp":"2026-09-26T12:10:56.551Z"}
{"level":"info","message":"Client connected to socket:","timestamp":"2026-09-26T12:10:57.278Z"}
{"level":"error","message":"[ANALYTICS] Error flushing website visits buffer:","stack":"Error: \n    at AbortSignal.listener (C:\\Users\\LOOK IMMO\\Desktop\\lOOK-IMMO.TN\\Look-Immo-API\\node_modules\\@redis\\client\\lib\\client\\commands-queue.ts:297:19)\n    at AbortSignal.[nodejs.internal.kHybridDispatch] (node:internal/event_target:843:20)\n    at AbortSignal.dispatchEvent (node:internal/event_target:776:26)\n    at runAbort (node:internal/abort_controller:488:10)\n    at abortSignal (node:internal/abort_controller:459:3)\n    at Timeout._onTimeout (node:internal/abort_controller:152:7)\n    at listOnTimeout (node:internal/timers:605:17)\n    at processTimers (node:internal/timers:541:7)","timestamp":"2026-09-26T12:11:05.016Z"}
{"level":"debug","message":"[ANALYTICS] Flushed 2 visits to database.","timestamp":"2026-09-26T12:11:33.769Z"}
{"level":"info","message":"[BOOTSTRAP] Uploads root: C:\\Users\\LOOK IMMO\\Desktop\\lOOK-IMMO.TN\\Look-Immo-API\\uploads","timestamp":"2026-09-26T12:11:33.936Z"}
{"level":"info","message":"[AUDIT] Password reset successfully for user: test@example.com","timestamp":"2026-09-26T12:11:37.288Z"}
{"hasAuthHeader":true,"hasCookie":true,"level":"debug","message":"auth check","requestId":"b55ab7ef-0303-404f-9c2a-e90d1527733c","timestamp":"2026-09-26T12:11:48.256Z"}
{"level":"http","message":"GET /api/notifications/unread-count 304 -b - 34.617 ms","requestId":"b55ab7ef-0303-404f-9c2a-e90d1527733c","timestamp":"2026-09-26T12:11:48.288Z"}
{"level":"error","message":"[ANALYTICS] Error flushing website visits buffer:","stack":"Error: \n    at AbortSignal.listener (C:\\Users\\LOOK IMMO\\Desktop\\lOOK-IMMO.TN\\Look-Immo-API\\node_modules\\@redis\\client\\lib\\client\\commands-queue.ts:297:19)\n    at AbortSignal.[nodejs.internal.kHybridDispatch] (node:internal/event_target:843:20)\n    at AbortSignal.dispatchEvent (node:internal/event_target:776:26)\n    at runAbort (node:internal/abort_controller:488:10)\n    at abortSignal (node:internal/abort_controller:459:3)\n    at Timeout._onTimeout (node:internal/abort_controller:152:7)\n    at listOnTimeout (node:internal/timers:605:17)\n    at processTimers (node:internal/timers:541:7)","timestamp":"2026-09-26T12:12:05.018Z"}
{"level":"debug","message":"[ANALYTICS] Flushed 2 visits to database.","timestamp":"2026-09-26T12:12:21.981Z"}
{"level":"info","message":"[BOOTSTRAP] Uploads root: C:\\Users\\LOOK IMMO\\Desktop\\lOOK-IMMO.TN\\Look-Immo-API\\uploads","timestamp":"2026-09-26T12:12:22.271Z"}
{"level":"info","message":"[AUDIT] Password reset successfully for user: test@example.com","timestamp":"2026-09-26T12:12:24.345Z"}
{"hasAuthHeader":true,"hasCookie":true,"level":"debug","message":"auth check","requestId":"f4d9b346-ba44-490a-aed6-18988b2a6026","timestamp":"2026-09-26T12:12:48.248Z"}
{"level":"http","message":"GET /api/notifications/unread-count 304 -b - 2.981 ms","requestId":"f4d9b346-ba44-490a-aed6-18988b2a6026","timestamp":"2026-09-26T12:12:48.251Z"}
{"level":"error","message":"[ANALYTICS] Error flushing website visits buffer:","stack":"Error: \n    at AbortSignal.listener (C:\\Users\\LOOK IMMO\\Desktop\\lOOK-IMMO.TN\\Look-Immo-API\\node_modules\\@redis\\client\\lib\\client\\commands-queue.ts:297:19)\n    at AbortSignal.[nodejs.internal.kHybridDispatch] (node:internal/event_target:843:20)\n    at AbortSignal.dispatchEvent (node:internal/event_target:776:26)\n    at runAbort (node:internal/abort_controller:488:10)\n    at abortSignal (node:internal/abort_controller:459:3)\n    at Timeout._onTimeout (node:internal/abort_controller:152:7)\n    at listOnTimeout (node:internal/timers:605:17)\n    at processTimers (node:internal/timers:541:7)","timestamp":"2026-09-26T12:13:05.017Z"}
{"hasAuthHeader":true,"hasCookie":true,"level":"debug","message":"auth check","requestId":"98bf5833-2942-4837-acd3-47229e621610","timestamp":"2026-09-26T12:13:48.253Z"}
{"level":"http","message":"GET /api/notifications/unread-count 304 -b - 2.669 ms","requestId":"98bf5833-2942-4837-acd3-47229e621610","timestamp":"2026-09-26T12:13:48.256Z"}
{"hasAuthHeader":true,"hasCookie":true,"level":"debug","message":"auth check","requestId":"4888310f-606a-4486-a643-6dd7c8544201","timestamp":"2026-09-26T12:14:04.165Z"}
{"hasAuthHeader":true,"hasCookie":true,"level":"debug","message":"auth check","requestId":"0affce38-168e-416e-a835-4430616306ef","timestamp":"2026-09-26T12:14:04.168Z"}
{"hasAuthHeader":true,"hasCookie":true,"level":"debug","message":"auth check","requestId":"78c09027-8ab2-429c-8a5c-33687c9eaf64","timestamp":"2026-09-26T12:14:04.169Z"}
{"level":"http","message":"GET /api/users 304 -b - 8.533 ms","requestId":"0affce38-168e-416e-a835-4430616306ef","timestamp":"2026-09-26T12:14:04.177Z"}
{"level":"http","message":"GET /api/messages 304 -b - 37.480 ms","requestId":"78c09027-8ab2-429c-8a5c-33687c9eaf64","timestamp":"2026-09-26T12:14:04.207Z"}
{"level":"http","message":"GET /api/appointments 304 -b - 43.188 ms","requestId":"4888310f-606a-4486-a643-6dd7c8544201","timestamp":"2026-09-26T12:14:04.208Z"}
{"level":"http","message":"GET /api/blog?limit=1000 304 -b - 148.406 ms","requestId":"8152845f-2e5c-487e-a000-5041d0953fae","timestamp":"2026-09-26T12:14:04.313Z"}
{"level":"http","message":"GET /api/ratings 304 -b - 147.323 ms","requestId":"1d59dd4b-1006-46ad-bc42-3cfa95759318","timestamp":"2026-09-26T12:14:04.315Z"}
{"level":"error","message":"[ANALYTICS] Error flushing website visits buffer:","stack":"Error: \n    at AbortSignal.listener (C:\\Users\\LOOK IMMO\\Desktop\\lOOK-IMMO.TN\\Look-Immo-API\\node_modules\\@redis\\client\\lib\\client\\commands-queue.ts:297:19)\n    at AbortSignal.[nodejs.internal.kHybridDispatch] (node:internal/event_target:843:20)\n    at AbortSignal.dispatchEvent (node:internal/event_target:776:26)\n    at runAbort (node:internal/abort_controller:488:10)\n    at abortSignal (node:internal/abort_controller:459:3)\n    at Timeout._onTimeout (node:internal/abort_controller:152:7)\n    at listOnTimeout (node:internal/timers:605:17)\n    at processTimers (node:internal/timers:541:7)","timestamp":"2026-09-26T12:14:05.023Z"}
{"level":"info","message":"Client disconnected from socket:","timestamp":"2026-09-26T12:14:05.657Z"}
{"hasAuthHeader":true,"hasCookie":true,"level":"debug","message":"auth check","requestId":"e9e43e23-52b3-4874-b3ca-9eaa02cff391","timestamp":"2026-09-26T12:14:05.667Z"}
{"level":"http","message":"GET /api/demands 304 -b - 7.297 ms","requestId":"e9e43e23-52b3-4874-b3ca-9eaa02cff391","timestamp":"2026-09-26T12:14:05.675Z"}
{"level":"info","message":"Client connected to socket:","timestamp":"2026-09-26T12:14:05.683Z"}
{"hasAuthHeader":true,"hasCookie":true,"level":"debug","message":"auth check","requestId":"350d9197-757a-4371-ae57-4d0b4c7e79cf","timestamp":"2026-09-26T12:14:05.684Z"}
{"level":"http","message":"GET /api/demands 304 -b - 2.842 ms","requestId":"350d9197-757a-4371-ae57-4d0b4c7e79cf","timestamp":"2026-09-26T12:14:05.687Z"}
{"hasAuthHeader":true,"hasCookie":true,"level":"debug","message":"auth check","requestId":"7f77d6fa-bdde-4694-ae68-0f5f12fb2230","timestamp":"2026-09-26T12:14:48.253Z"}
{"level":"http","message":"GET /api/notifications/unread-count 304 -b - 2.413 ms","requestId":"7f77d6fa-bdde-4694-ae68-0f5f12fb2230","timestamp":"2026-09-26T12:14:48.255Z"}
{"level":"info","message":"[BOOTSTRAP] Uploads root: C:\\Users\\LOOK IMMO\\Desktop\\lOOK-IMMO.TN\\Look-Immo-API\\uploads","timestamp":"2026-09-26T12:14:58.995Z"}
{"level":"info","message":"[ExchangeRates] Cron job scheduled (every hour). Initial fetch in progress...","timestamp":"2026-09-26T12:14:59.044Z"}
{"apiBase":"http://localhost:5000/api","env":"development","health":"http://localhost:5000/health","level":"info","message":"Server started","port":"5000","timestamp":"2026-09-26T12:14:59.047Z","websockets":true}
{"level":"warn","message":"[REDIS] Could not reach Redis server. Caching disabled. Error:","timestamp":"2026-09-26T12:14:59.061Z"}
{"level":"info","message":"[ExchangeRates] ✅ Fetched fresh rates — USD: 0.3392, EUR: 0.2970","timestamp":"2026-09-26T12:14:59.272Z"}
{"level":"info","message":"Client connected to socket:","timestamp":"2026-09-26T12:15:00.272Z"}
{"level":"info","message":"[BOOTSTRAP] Uploads root: C:\\Users\\LOOK IMMO\\Desktop\\lOOK-IMMO.TN\\Look-Immo-API\\uploads","timestamp":"2026-09-26T12:15:03.323Z"}
{"level":"info","message":"[ExchangeRates] Cron job scheduled (every hour). Initial fetch in progress...","timestamp":"2026-09-26T12:15:03.379Z"}
{"apiBase":"http://localhost:5000/api","env":"development","health":"http://localhost:5000/health","level":"info","message":"Server started","port":"5000","timestamp":"2026-09-26T12:15:03.383Z","websockets":true}
{"level":"warn","message":"[REDIS] Could not reach Redis server. Caching disabled. Error:","timestamp":"2026-09-26T12:15:03.398Z"}
{"level":"info","message":"[ExchangeRates] ✅ Fetched fresh rates — USD: 0.3392, EUR: 0.2970","timestamp":"2026-09-26T12:15:03.586Z"}
{"level":"info","message":"Client connected to socket:","timestamp":"2026-09-26T12:15:08.278Z"}
{"level":"debug","message":"[ANALYTICS] Flushed 2 visits to database.","timestamp":"2026-09-26T12:15:23.416Z"}
{"level":"info","message":"[BOOTSTRAP] Uploads root: C:\\Users\\LOOK IMMO\\Desktop\\lOOK-IMMO.TN\\Look-Immo-API\\uploads","timestamp":"2026-09-26T12:15:23.613Z"}
{"level":"info","message":"[AUDIT] Password reset successfully for user: test@example.com","timestamp":"2026-09-26T12:15:26.207Z"}
{"hasAuthHeader":true,"hasCookie":true,"level":"debug","message":"auth check","requestId":"68d08e69-3144-4594-8813-c59527f3be51","timestamp":"2026-09-26T12:15:49.264Z"}
{"level":"http","message":"GET /api/notifications/unread-count 304 -b - 35.834 ms","requestId":"68d08e69-3144-4594-8813-c59527f3be51","timestamp":"2026-09-26T12:15:49.296Z"}
{"level":"error","message":"[ANALYTICS] Error flushing website visits buffer:","stack":"Error: \n    at AbortSignal.listener (C:\\Users\\LOOK IMMO\\Desktop\\lOOK-IMMO.TN\\Look-Immo-API\\node_modules\\@redis\\client\\lib\\client\\commands-queue.ts:297:19)\n    at AbortSignal.[nodejs.internal.kHybridDispatch] (node:internal/event_target:843:20)\n    at AbortSignal.dispatchEvent (node:internal/event_target:776:26)\n    at runAbort (node:internal/abort_controller:488:10)\n    at abortSignal (node:internal/abort_controller:459:3)\n    at Timeout._onTimeout (node:internal/abort_controller:152:7)\n    at listOnTimeout (node:internal/timers:605:17)\n    at processTimers (node:internal/timers:541:7)","timestamp":"2026-09-26T12:16:05.032Z"}
{"hasAuthHeader":true,"hasCookie":true,"level":"debug","message":"auth check","requestId":"72981ae2-a23f-493d-8453-d0a557c49693","timestamp":"2026-09-26T12:16:50.257Z"}
{"level":"http","message":"GET /api/notifications/unread-count 304 -b - 2.627 ms","requestId":"72981ae2-a23f-493d-8453-d0a557c49693","timestamp":"2026-09-26T12:16:50.259Z"}
{"level":"info","message":"[BOOTSTRAP] Uploads root: C:\\Users\\LOOK IMMO\\Desktop\\lOOK-IMMO.TN\\Look-Immo-API\\uploads","timestamp":"2026-09-26T12:16:57.761Z"}
{"level":"info","message":"[ExchangeRates] Cron job scheduled (every hour). Initial fetch in progress...","timestamp":"2026-09-26T12:16:57.822Z"}
{"apiBase":"http://localhost:5000/api","env":"development","health":"http://localhost:5000/health","level":"info","message":"Server started","port":"5000","timestamp":"2026-09-26T12:16:57.826Z","websockets":true}
{"level":"warn","message":"[REDIS] Could not reach Redis server. Caching disabled. Error:","timestamp":"2026-09-26T12:16:57.840Z"}
{"level":"info","message":"[ExchangeRates] ✅ Fetched fresh rates — USD: 0.3392, EUR: 0.2970","timestamp":"2026-09-26T12:16:58.024Z"}
{"level":"info","message":"Client connected to socket:","timestamp":"2026-09-26T12:16:59.270Z"}
{"level":"error","message":"[ANALYTICS] Error flushing website visits buffer:","stack":"Error: \n    at AbortSignal.listener (C:\\Users\\LOOK IMMO\\Desktop\\lOOK-IMMO.TN\\Look-Immo-API\\node_modules\\@redis\\client\\lib\\client\\commands-queue.ts:297:19)\n    at AbortSignal.[nodejs.internal.kHybridDispatch] (node:internal/event_target:843:20)\n    at AbortSignal.dispatchEvent (node:internal/event_target:776:26)\n    at runAbort (node:internal/abort_controller:488:10)\n    at abortSignal (node:internal/abort_controller:459:3)\n    at Timeout._onTimeout (node:internal/abort_controller:152:7)\n    at listOnTimeout (node:internal/timers:605:17)\n    at processTimers (node:internal/timers:541:7)","timestamp":"2026-09-26T12:17:05.035Z"}
{"level":"info","message":"[BOOTSTRAP] Uploads root: C:\\Users\\LOOK IMMO\\Desktop\\lOOK-IMMO.TN\\Look-Immo-API\\uploads","timestamp":"2026-09-26T12:17:14.667Z"}
{"level":"info","message":"[ExchangeRates] Cron job scheduled (every hour). Initial fetch in progress...","timestamp":"2026-09-26T12:17:14.721Z"}
{"apiBase":"http://localhost:5000/api","env":"development","health":"http://localhost:5000/health","level":"info","message":"Server started","port":"5000","timestamp":"2026-09-26T12:17:14.725Z","websockets":true}
{"level":"warn","message":"[REDIS] Could not reach Redis server. Caching disabled. Error:","timestamp":"2026-09-26T12:17:14.739Z"}
{"level":"info","message":"[ExchangeRates] ✅ Fetched fresh rates — USD: 0.3392, EUR: 0.2970","timestamp":"2026-09-26T12:17:14.939Z"}
{"level":"info","message":"Client connected to socket:","timestamp":"2026-09-26T12:17:16.278Z"}
{"level":"info","message":"[BOOTSTRAP] Uploads root: C:\\Users\\LOOK IMMO\\Desktop\\lOOK-IMMO.TN\\Look-Immo-API\\uploads","timestamp":"2026-09-26T12:17:18.651Z"}
{"level":"info","message":"[ExchangeRates] Cron job scheduled (every hour). Initial fetch in progress...","timestamp":"2026-09-26T12:17:18.706Z"}
{"level":"info","message":"[EMAIL QUEUE] Background email queue worker started.","timestamp":"2026-09-26T12:17:18.707Z"}
{"apiBase":"http://localhost:5000/api","env":"development","health":"http://localhost:5000/health","level":"info","message":"Server started","port":"5000","timestamp":"2026-09-26T12:17:18.709Z","websockets":true}
{"level":"warn","message":"[REDIS] Could not reach Redis server. Caching disabled. Error:","timestamp":"2026-09-26T12:17:18.722Z"}
{"level":"info","message":"[ExchangeRates] ✅ Fetched fresh rates — USD: 0.3392, EUR: 0.2970","timestamp":"2026-09-26T12:17:18.920Z"}
{"level":"info","message":"Client connected to socket:","timestamp":"2026-09-26T12:17:20.284Z"}
{"level":"error","message":"[EMAIL QUEUE] Error during queue processing cycle:","stack":"Error: \n    at AbortSignal.listener (C:\\Users\\LOOK IMMO\\Desktop\\lOOK-IMMO.TN\\Look-Immo-API\\node_modules\\@redis\\client\\lib\\client\\commands-queue.ts:297:19)\n    at AbortSignal.[nodejs.internal.kHybridDispatch] (node:internal/event_target:843:20)\n    at AbortSignal.dispatchEvent (node:internal/event_target:776:26)\n    at runAbort (node:internal/abort_controller:488:10)\n    at abortSignal (node:internal/abort_controller:459:3)\n    at Timeout._onTimeout (node:internal/abort_controller:152:7)\n    at listOnTimeout (node:internal/timers:605:17)\n    at processTimers (node:internal/timers:541:7)","timestamp":"2026-09-26T12:17:25.238Z"}
{"level":"error","message":"[EMAIL QUEUE] Error during queue processing cycle:","stack":"Error: \n    at AbortSignal.listener (C:\\Users\\LOOK IMMO\\Desktop\\lOOK-IMMO.TN\\Look-Immo-API\\node_modules\\@redis\\client\\lib\\client\\commands-queue.ts:297:19)\n    at AbortSignal.[nodejs.internal.kHybridDispatch] (node:internal/event_target:843:20)\n    at AbortSignal.dispatchEvent (node:internal/event_target:776:26)\n    at runAbort (node:internal/abort_controller:488:10)\n    at abortSignal (node:internal/abort_controller:459:3)\n    at Timeout._onTimeout (node:internal/abort_controller:152:7)\n    at listOnTimeout (node:internal/timers:605:17)\n    at processTimers (node:internal/timers:541:7)","timestamp":"2026-09-26T12:17:31.752Z"}
{"level":"info","message":"[BOOTSTRAP] Uploads root: C:\\Users\\LOOK IMMO\\Desktop\\lOOK-IMMO.TN\\Look-Immo-API\\uploads","timestamp":"2026-09-26T12:17:37.041Z"}
{"level":"debug","message":"[ANALYTICS] Flushed 2 visits to database.","timestamp":"2026-09-26T12:17:37.145Z"}
{"level":"error","message":"[EMAIL QUEUE] Error during queue processing cycle:","stack":"Error: \n    at AbortSignal.listener (C:\\Users\\LOOK IMMO\\Desktop\\lOOK-IMMO.TN\\Look-Immo-API\\node_modules\\@redis\\client\\lib\\client\\commands-queue.ts:297:19)\n    at AbortSignal.[nodejs.internal.kHybridDispatch] (node:internal/event_target:843:20)\n    at AbortSignal.dispatchEvent (node:internal/event_target:776:26)\n    at runAbort (node:internal/abort_controller:488:10)\n    at abortSignal (node:internal/abort_controller:459:3)\n    at Timeout._onTimeout (node:internal/abort_controller:152:7)\n    at listOnTimeout (node:internal/timers:605:17)\n    at processTimers (node:internal/timers:541:7)","timestamp":"2026-09-26T12:17:38.276Z"}
{"level":"debug","message":"[EMAIL QUEUE] Enqueued job email-1790425058973-kqdykxl for client@example.com","timestamp":"2026-09-26T12:17:38.977Z"}
{"level":"info","message":"[EMAIL QUEUE] Job email-123 delivered to user@example.com (attempt 1/3)","timestamp":"2026-09-26T12:17:38.983Z"}
{"level":"warn","message":"[EMAIL QUEUE] Job email-456 delivery failed (attempt 1/3): SMTP Connection timeout","stack":"Error: SMTP Connection timeout\n    at Object.<anonymous> (C:\\Users\\LOOK IMMO\\Desktop\\lOOK-IMMO.TN\\Look-Immo-API\\src\\core\\email\\emailQueue.test.ts:116:78)\n    at Promise.finally.completed (C:\\Users\\LOOK IMMO\\Desktop\\lOOK-IMMO.TN\\Look-Immo-API\\node_modules\\jest-circus\\build\\jestAdapterInit.js:1561:28)\n    at new Promise (<anonymous>)\n    at callAsyncCircusFn (C:\\Users\\LOOK IMMO\\Desktop\\lOOK-IMMO.TN\\Look-Immo-API\\node_modules\\jest-circus\\build\\jestAdapterInit.js:1501:10)\n    at _callCircusTest (C:\\Users\\LOOK IMMO\\Desktop\\lOOK-IMMO.TN\\Look-Immo-API\\node_modules\\jest-circus\\build\\jestAdapterInit.js:1011:40)\n    at _runTest (C:\\Users\\LOOK IMMO\\Desktop\\lOOK-IMMO.TN\\Look-Immo-API\\node_modules\\jest-circus\\build\\jestAdapterInit.js:951:3)\n    at C:\\Users\\LOOK IMMO\\Desktop\\lOOK-IMMO.TN\\Look-Immo-API\\node_modules\\jest-circus\\build\\jestAdapterInit.js:853:7\n    at _runTestsForDescribeBlock (C:\\Users\\LOOK IMMO\\Desktop\\lOOK-IMMO.TN\\Look-Immo-API\\node_modules\\jest-circus\\build\\jestAdapterInit.js:866:11)\n    at _runTestsForDescribeBlock (C:\\Users\\LOOK IMMO\\Desktop\\lOOK-IMMO.TN\\Look-Immo-API\\node_modules\\jest-circus\\build\\jestAdapterInit.js:861:11)\n    at _runTestsForDescribeBlock (C:\\Users\\LOOK IMMO\\Desktop\\lOOK-IMMO.TN\\Look-Immo-API\\node_modules\\jest-circus\\build\\jestAdapterInit.js:861:11)\n    at run (C:\\Users\\LOOK IMMO\\Desktop\\lOOK-IMMO.TN\\Look-Immo-API\\node_modules\\jest-circus\\build\\jestAdapterInit.js:765:3)\n    at runAndTransformResultsToJestFormat (C:\\Users\\LOOK IMMO\\Desktop\\lOOK-IMMO.TN\\Look-Immo-API\\node_modules\\jest-circus\\build\\jestAdapterInit.js:1993:21)\n    at jestAdapter (C:\\Users\\LOOK IMMO\\Desktop\\lOOK-IMMO.TN\\Look-Immo-API\\node_modules\\jest-circus\\build\\runner.js:111:19)\n    at runTestInternal (C:\\Users\\LOOK IMMO\\Desktop\\lOOK-IMMO.TN\\Look-Immo-API\\node_modules\\jest-runner\\build\\testWorker.js:276:16)\n    at runTest (C:\\Users\\LOOK IMMO\\Desktop\\lOOK-IMMO.TN\\Look-Immo-API\\node_modules\\jest-runner\\build\\testWorker.js:344:7)\n    at Object.worker (C:\\Users\\LOOK IMMO\\Desktop\\lOOK-IMMO.TN\\Look-Immo-API\\node_modules\\jest-runner\\build\\testWorker.js:498:12)","timestamp":"2026-09-26T12:17:38.989Z"}
{"level":"warn","message":"[EMAIL QUEUE] Job email-789 delivery failed (attempt 3/3): 550 User not found","stack":"Error: 550 User not found\n    at Object.<anonymous> (C:\\Users\\LOOK IMMO\\Desktop\\lOOK-IMMO.TN\\Look-Immo-API\\src\\core\\email\\emailQueue.test.ts:142:78)\n    at Promise.finally.completed (C:\\Users\\LOOK IMMO\\Desktop\\lOOK-IMMO.TN\\Look-Immo-API\\node_modules\\jest-circus\\build\\jestAdapterInit.js:1561:28)\n    at new Promise (<anonymous>)\n    at callAsyncCircusFn (C:\\Users\\LOOK IMMO\\Desktop\\lOOK-IMMO.TN\\Look-Immo-API\\node_modules\\jest-circus\\build\\jestAdapterInit.js:1501:10)\n    at _callCircusTest (C:\\Users\\LOOK IMMO\\Desktop\\lOOK-IMMO.TN\\Look-Immo-API\\node_modules\\jest-circus\\build\\jestAdapterInit.js:1011:40)\n    at _runTest (C:\\Users\\LOOK IMMO\\Desktop\\lOOK-IMMO.TN\\Look-Immo-API\\node_modules\\jest-circus\\build\\jestAdapterInit.js:951:3)\n    at C:\\Users\\LOOK IMMO\\Desktop\\lOOK-IMMO.TN\\Look-Immo-API\\node_modules\\jest-circus\\build\\jestAdapterInit.js:853:7\n    at _runTestsForDescribeBlock (C:\\Users\\LOOK IMMO\\Desktop\\lOOK-IMMO.TN\\Look-Immo-API\\node_modules\\jest-circus\\build\\jestAdapterInit.js:866:11)\n    at _runTestsForDescribeBlock (C:\\Users\\LOOK IMMO\\Desktop\\lOOK-IMMO.TN\\Look-Immo-API\\node_modules\\jest-circus\\build\\jestAdapterInit.js:861:11)\n    at _runTestsForDescribeBlock (C:\\Users\\LOOK IMMO\\Desktop\\lOOK-IMMO.TN\\Look-Immo-API\\node_modules\\jest-circus\\build\\jestAdapterInit.js:861:11)\n    at run (C:\\Users\\LOOK IMMO\\Desktop\\lOOK-IMMO.TN\\Look-Immo-API\\node_modules\\jest-circus\\build\\jestAdapterInit.js:765:3)\n    at runAndTransformResultsToJestFormat (C:\\Users\\LOOK IMMO\\Desktop\\lOOK-IMMO.TN\\Look-Immo-API\\node_modules\\jest-circus\\build\\jestAdapterInit.js:1993:21)\n    at jestAdapter (C:\\Users\\LOOK IMMO\\Desktop\\lOOK-IMMO.TN\\Look-Immo-API\\node_modules\\jest-circus\\build\\runner.js:111:19)\n    at runTestInternal (C:\\Users\\LOOK IMMO\\Desktop\\lOOK-IMMO.TN\\Look-Immo-API\\node_modules\\jest-runner\\build\\testWorker.js:276:16)\n    at runTest (C:\\Users\\LOOK IMMO\\Desktop\\lOOK-IMMO.TN\\Look-Immo-API\\node_modules\\jest-runner\\build\\testWorker.js:344:7)\n    at Object.worker (C:\\Users\\LOOK IMMO\\Desktop\\lOOK-IMMO.TN\\Look-Immo-API\\node_modules\\jest-runner\\build\\testWorker.js:498:12)","timestamp":"2026-09-26T12:17:38.990Z"}
{"level":"error","message":"[EMAIL QUEUE] Job email-789 exhausted max retries (3). Moved to dead-letter queue.","timestamp":"2026-09-26T12:17:38.991Z"}
{"level":"info","message":"[AUDIT] Password reset successfully for user: test@example.com","timestamp":"2026-09-26T12:17:39.368Z"}
{"level":"error","message":"[EMAIL QUEUE] Error during queue processing cycle:","stack":"Error: \n    at AbortSignal.listener (C:\\Users\\LOOK IMMO\\Desktop\\lOOK-IMMO.TN\\Look-Immo-API\\node_modules\\@redis\\client\\lib\\client\\commands-queue.ts:297:19)\n    at AbortSignal.[nodejs.internal.kHybridDispatch] (node:internal/event_target:843:20)\n    at AbortSignal.dispatchEvent (node:internal/event_target:776:26)\n    at runAbort (node:internal/abort_controller:488:10)\n    at abortSignal (node:internal/abort_controller:459:3)\n    at Timeout._onTimeout (node:internal/abort_controller:152:7)\n    at listOnTimeout (node:internal/timers:605:17)\n    at processTimers (node:internal/timers:541:7)","timestamp":"2026-09-26T12:17:44.797Z"}
{"hasAuthHeader":true,"hasCookie":true,"level":"debug","message":"auth check","requestId":"f39d7e00-5a54-44d5-a500-a77a24e8a5db","timestamp":"2026-09-26T12:17:51.274Z"}
{"level":"http","message":"GET /api/notifications/unread-count 304 -b - 36.465 ms","requestId":"f39d7e00-5a54-44d5-a500-a77a24e8a5db","timestamp":"2026-09-26T12:17:51.307Z"}
{"level":"error","message":"[EMAIL QUEUE] Error during queue processing cycle:","stack":"Error: \n    at AbortSignal.listener (C:\\Users\\LOOK IMMO\\Desktop\\lOOK-IMMO.TN\\Look-Immo-API\\node_modules\\@redis\\client\\lib\\client\\commands-queue.ts:297:19)\n    at AbortSignal.[nodejs.internal.kHybridDispatch] (node:internal/event_target:843:20)\n    at AbortSignal.dispatchEvent (node:internal/event_target:776:26)\n    at runAbort (node:internal/abort_controller:488:10)\n    at abortSignal (node:internal/abort_controller:459:3)\n    at Timeout._onTimeout (node:internal/abort_controller:152:7)\n    at listOnTimeout (node:internal/timers:605:17)\n    at processTimers (node:internal/timers:541:7)","timestamp":"2026-09-26T12:17:51.308Z"}
{"level":"error","message":"[EMAIL QUEUE] Error during queue processing cycle:","stack":"Error: \n    at AbortSignal.listener (C:\\Users\\LOOK IMMO\\Desktop\\lOOK-IMMO.TN\\Look-Immo-API\\node_modules\\@redis\\client\\lib\\client\\commands-queue.ts:297:19)\n    at AbortSignal.[nodejs.internal.kHybridDispatch] (node:internal/event_target:843:20)\n    at AbortSignal.dispatchEvent (node:internal/event_target:776:26)\n    at runAbort (node:internal/abort_controller:488:10)\n    at abortSignal (node:internal/abort_controller:459:3)\n    at Timeout._onTimeout (node:internal/abort_controller:152:7)\n    at listOnTimeout (node:internal/timers:605:17)\n    at processTimers (node:internal/timers:541:7)","timestamp":"2026-09-26T12:17:57.839Z"}
{"level":"error","message":"[EMAIL QUEUE] Error during queue processing cycle:","stack":"Error: \n    at AbortSignal.listener (C:\\Users\\LOOK IMMO\\Desktop\\lOOK-IMMO.TN\\Look-Immo-API\\node_modules\\@redis\\client\\lib\\client\\commands-queue.ts:297:19)\n    at AbortSignal.[nodejs.internal.kHybridDispatch] (node:internal/event_target:843:20)\n    at AbortSignal.dispatchEvent (node:internal/event_target:776:26)\n    at runAbort (node:internal/abort_controller:488:10)\n    at abortSignal (node:internal/abort_controller:459:3)\n    at Timeout._onTimeout (node:internal/abort_controller:152:7)\n    at listOnTimeout (node:internal/timers:605:17)\n    at processTimers (node:internal/timers:541:7)","timestamp":"2026-09-26T12:18:04.355Z"}
{"level":"error","message":"[ANALYTICS] Error flushing website visits buffer:","stack":"Error: \n    at AbortSignal.listener (C:\\Users\\LOOK IMMO\\Desktop\\lOOK-IMMO.TN\\Look-Immo-API\\node_modules\\@redis\\client\\lib\\client\\commands-queue.ts:297:19)\n    at AbortSignal.[nodejs.internal.kHybridDispatch] (node:internal/event_target:843:20)\n    at AbortSignal.dispatchEvent (node:internal/event_target:776:26)\n    at runAbort (node:internal/abort_controller:488:10)\n    at abortSignal (node:internal/abort_controller:459:3)\n    at Timeout._onTimeout (node:internal/abort_controller:152:7)\n    at listOnTimeout (node:internal/timers:605:17)\n    at processTimers (node:internal/timers:541:7)","timestamp":"2026-09-26T12:18:05.021Z"}
{"level":"error","message":"[EMAIL QUEUE] Error during queue processing cycle:","stack":"Error: \n    at AbortSignal.listener (C:\\Users\\LOOK IMMO\\Desktop\\lOOK-IMMO.TN\\Look-Immo-API\\node_modules\\@redis\\client\\lib\\client\\commands-queue.ts:297:19)\n    at AbortSignal.[nodejs.internal.kHybridDispatch] (node:internal/event_target:843:20)\n    at AbortSignal.dispatchEvent (node:internal/event_target:776:26)\n    at runAbort (node:internal/abort_controller:488:10)\n    at abortSignal (node:internal/abort_controller:459:3)\n    at Timeout._onTimeout (node:internal/abort_controller:152:7)\n    at listOnTimeout (node:internal/timers:605:17)\n    at processTimers (node:internal/timers:541:7)","timestamp":"2026-09-26T12:18:10.865Z"}
{"level":"error","message":"[EMAIL QUEUE] Error during queue processing cycle:","stack":"Error: \n    at AbortSignal.listener (C:\\Users\\LOOK IMMO\\Desktop\\lOOK-IMMO.TN\\Look-Immo-API\\node_modules\\@redis\\client\\lib\\client\\commands-queue.ts:297:19)\n    at AbortSignal.[nodejs.internal.kHybridDispatch] (node:internal/event_target:843:20)\n    at AbortSignal.dispatchEvent (node:internal/event_target:776:26)\n    at runAbort (node:internal/abort_controller:488:10)\n    at abortSignal (node:internal/abort_controller:459:3)\n    at Timeout._onTimeout (node:internal/abort_controller:152:7)\n    at listOnTimeout (node:internal/timers:605:17)\n    at processTimers (node:internal/timers:541:7)","timestamp":"2026-09-26T12:18:17.392Z"}
{"level":"error","message":"[EMAIL QUEUE] Error during queue processing cycle:","stack":"Error: \n    at AbortSignal.listener (C:\\Users\\LOOK IMMO\\Desktop\\lOOK-IMMO.TN\\Look-Immo-API\\node_modules\\@redis\\client\\lib\\client\\commands-queue.ts:297:19)\n    at AbortSignal.[nodejs.internal.kHybridDispatch] (node:internal/event_target:843:20)\n    at AbortSignal.dispatchEvent (node:internal/event_target:776:26)\n    at runAbort (node:internal/abort_controller:488:10)\n    at abortSignal (node:internal/abort_controller:459:3)\n    at Timeout._onTimeout (node:internal/abort_controller:152:7)\n    at listOnTimeout (node:internal/timers:605:17)\n    at processTimers (node:internal/timers:541:7)","timestamp":"2026-09-26T12:18:23.910Z"}
{"level":"error","message":"[EMAIL QUEUE] Error during queue processing cycle:","stack":"Error: \n    at AbortSignal.listener (C:\\Users\\LOOK IMMO\\Desktop\\lOOK-IMMO.TN\\Look-Immo-API\\node_modules\\@redis\\client\\lib\\client\\commands-queue.ts:297:19)\n    at AbortSignal.[nodejs.internal.kHybridDispatch] (node:internal/event_target:843:20)\n    at AbortSignal.dispatchEvent (node:internal/event_target:776:26)\n    at runAbort (node:internal/abort_controller:488:10)\n    at abortSignal (node:internal/abort_controller:459:3)\n    at Timeout._onTimeout (node:internal/abort_controller:152:7)\n    at listOnTimeout (node:internal/timers:605:17)\n    at processTimers (node:internal/timers:541:7)","timestamp":"2026-09-26T12:18:30.425Z"}
{"level":"error","message":"[EMAIL QUEUE] Error during queue processing cycle:","stack":"Error: \n    at AbortSignal.listener (C:\\Users\\LOOK IMMO\\Desktop\\lOOK-IMMO.TN\\Look-Immo-API\\node_modules\\@redis\\client\\lib\\client\\commands-queue.ts:297:19)\n    at AbortSignal.[nodejs.internal.kHybridDispatch] (node:internal/event_target:843:20)\n    at AbortSignal.dispatchEvent (node:internal/event_target:776:26)\n    at runAbort (node:internal/abort_controller:488:10)\n    at abortSignal (node:internal/abort_controller:459:3)\n    at Timeout._onTimeout (node:internal/abort_controller:152:7)\n    at listOnTimeout (node:internal/timers:605:17)\n    at processTimers (node:internal/timers:541:7)","timestamp":"2026-09-26T12:18:36.948Z"}
{"level":"error","message":"[EMAIL QUEUE] Error during queue processing cycle:","stack":"Error: \n    at AbortSignal.listener (C:\\Users\\LOOK IMMO\\Desktop\\lOOK-IMMO.TN\\Look-Immo-API\\node_modules\\@redis\\client\\lib\\client\\commands-queue.ts:297:19)\n    at AbortSignal.[nodejs.internal.kHybridDispatch] (node:internal/event_target:843:20)\n    at AbortSignal.dispatchEvent (node:internal/event_target:776:26)\n    at runAbort (node:internal/abort_controller:488:10)\n    at abortSignal (node:internal/abort_controller:459:3)\n    at Timeout._onTimeout (node:internal/abort_controller:152:7)\n    at listOnTimeout (node:internal/timers:605:17)\n    at processTimers (node:internal/timers:541:7)","timestamp":"2026-09-26T12:18:43.466Z"}
{"level":"error","message":"[EMAIL QUEUE] Error during queue processing cycle:","stack":"Error: \n    at AbortSignal.listener (C:\\Users\\LOOK IMMO\\Desktop\\lOOK-IMMO.TN\\Look-Immo-API\\node_modules\\@redis\\client\\lib\\client\\commands-queue.ts:297:19)\n    at AbortSignal.[nodejs.internal.kHybridDispatch] (node:internal/event_target:843:20)\n    at AbortSignal.dispatchEvent (node:internal/event_target:776:26)\n    at runAbort (node:internal/abort_controller:488:10)\n    at abortSignal (node:internal/abort_controller:459:3)\n    at Timeout._onTimeout (node:internal/abort_controller:152:7)\n    at listOnTimeout (node:internal/timers:605:17)\n    at processTimers (node:internal/timers:541:7)","timestamp":"2026-09-26T12:18:49.978Z"}
{"hasAuthHeader":true,"hasCookie":true,"level":"debug","message":"auth check","requestId":"8f7c27ef-fc64-4959-9e40-44672c5bb0f0","timestamp":"2026-09-26T12:18:52.252Z"}
{"level":"http","message":"GET /api/notifications/unread-count 304 -b - 2.650 ms","requestId":"8f7c27ef-fc64-4959-9e40-44672c5bb0f0","timestamp":"2026-09-26T12:18:52.255Z"}
{"level":"error","message":"[EMAIL QUEUE] Error during queue processing cycle:","stack":"Error: \n    at AbortSignal.listener (C:\\Users\\LOOK IMMO\\Desktop\\lOOK-IMMO.TN\\Look-Immo-API\\node_modules\\@redis\\client\\lib\\client\\commands-queue.ts:297:19)\n    at AbortSignal.[nodejs.internal.kHybridDispatch] (node:internal/event_target:843:20)\n    at AbortSignal.dispatchEvent (node:internal/event_target:776:26)\n    at runAbort (node:internal/abort_controller:488:10)\n    at abortSignal (node:internal/abort_controller:459:3)\n    at Timeout._onTimeout (node:internal/abort_controller:152:7)\n    at listOnTimeout (node:internal/timers:605:17)\n    at processTimers (node:internal/timers:541:7)","timestamp":"2026-09-26T12:18:56.510Z"}
{"level":"error","message":"[EMAIL QUEUE] Error during queue processing cycle:","stack":"Error: \n    at AbortSignal.listener (C:\\Users\\LOOK IMMO\\Desktop\\lOOK-IMMO.TN\\Look-Immo-API\\node_modules\\@redis\\client\\lib\\client\\commands-queue.ts:297:19)\n    at AbortSignal.[nodejs.internal.kHybridDispatch] (node:internal/event_target:843:20)\n    at AbortSignal.dispatchEvent (node:internal/event_target:776:26)\n    at runAbort (node:internal/abort_controller:488:10)\n    at abortSignal (node:internal/abort_controller:459:3)\n    at Timeout._onTimeout (node:internal/abort_controller:152:7)\n    at listOnTimeout (node:internal/timers:605:17)\n    at processTimers (node:internal/timers:541:7)","timestamp":"2026-09-26T12:19:03.030Z"}
{"level":"error","message":"[ANALYTICS] Error flushing website visits buffer:","stack":"Error: \n    at AbortSignal.listener (C:\\Users\\LOOK IMMO\\Desktop\\lOOK-IMMO.TN\\Look-Immo-API\\node_modules\\@redis\\client\\lib\\client\\commands-queue.ts:297:19)\n    at AbortSignal.[nodejs.internal.kHybridDispatch] (node:internal/event_target:843:20)\n    at AbortSignal.dispatchEvent (node:internal/event_target:776:26)\n    at runAbort (node:internal/abort_controller:488:10)\n    at abortSignal (node:internal/abort_controller:459:3)\n    at Timeout._onTimeout (node:internal/abort_controller:152:7)\n    at listOnTimeout (node:internal/timers:605:17)\n    at processTimers (node:internal/timers:541:7)","timestamp":"2026-09-26T12:19:05.020Z"}
{"level":"error","message":"[EMAIL QUEUE] Error during queue processing cycle:","stack":"Error: \n    at AbortSignal.listener (C:\\Users\\LOOK IMMO\\Desktop\\lOOK-IMMO.TN\\Look-Immo-API\\node_modules\\@redis\\client\\lib\\client\\commands-queue.ts:297:19)\n    at AbortSignal.[nodejs.internal.kHybridDispatch] (node:internal/event_target:843:20)\n    at AbortSignal.dispatchEvent (node:internal/event_target:776:26)\n    at runAbort (node:internal/abort_controller:488:10)\n    at abortSignal (node:internal/abort_controller:459:3)\n    at Timeout._onTimeout (node:internal/abort_controller:152:7)\n    at listOnTimeout (node:internal/timers:605:17)\n    at processTimers (node:internal/timers:541:7)","timestamp":"2026-09-26T12:19:09.549Z"}
{"level":"error","message":"[EMAIL QUEUE] Error during queue processing cycle:","stack":"Error: \n    at AbortSignal.listener (C:\\Users\\LOOK IMMO\\Desktop\\lOOK-IMMO.TN\\Look-Immo-API\\node_modules\\@redis\\client\\lib\\client\\commands-queue.ts:297:19)\n    at AbortSignal.[nodejs.internal.kHybridDispatch] (node:internal/event_target:843:20)\n    at AbortSignal.dispatchEvent (node:internal/event_target:776:26)\n    at runAbort (node:internal/abort_controller:488:10)\n    at abortSignal (node:internal/abort_controller:459:3)\n    at Timeout._onTimeout (node:internal/abort_controller:152:7)\n    at listOnTimeout (node:internal/timers:605:17)\n    at processTimers (node:internal/timers:541:7)","timestamp":"2026-09-26T12:19:16.063Z"}
{"level":"error","message":"[EMAIL QUEUE] Error during queue processing cycle:","stack":"Error: \n    at AbortSignal.listener (C:\\Users\\LOOK IMMO\\Desktop\\lOOK-IMMO.TN\\Look-Immo-API\\node_modules\\@redis\\client\\lib\\client\\commands-queue.ts:297:19)\n    at AbortSignal.[nodejs.internal.kHybridDispatch] (node:internal/event_target:843:20)\n    at AbortSignal.dispatchEvent (node:internal/event_target:776:26)\n    at runAbort (node:internal/abort_controller:488:10)\n    at abortSignal (node:internal/abort_controller:459:3)\n    at Timeout._onTimeout (node:internal/abort_controller:152:7)\n    at listOnTimeout (node:internal/timers:605:17)\n    at processTimers (node:internal/timers:541:7)","timestamp":"2026-09-26T12:19:22.578Z"}
{"hasAuthHeader":true,"hasCookie":true,"level":"debug","message":"auth check","requestId":"4400b5e5-d8a3-4faf-afc6-0e07ab50d901","timestamp":"2026-09-26T12:19:28.944Z"}
{"hasAuthHeader":true,"hasCookie":true,"level":"debug","message":"auth check","requestId":"797cea27-a3b2-4957-b8f0-978f7d9cc35d","timestamp":"2026-09-26T12:19:28.949Z"}
{"hasAuthHeader":true,"hasCookie":true,"level":"debug","message":"auth check","requestId":"36778bec-ff65-4635-a6f7-c318d0dc2b58","timestamp":"2026-09-26T12:19:28.951Z"}
{"level":"http","message":"GET /api/appointments 304 -b - 11.110 ms","requestId":"4400b5e5-d8a3-4faf-afc6-0e07ab50d901","timestamp":"2026-09-26T12:19:28.955Z"}
{"level":"http","message":"GET /api/messages 304 -b - 6.368 ms","requestId":"36778bec-ff65-4635-a6f7-c318d0dc2b58","timestamp":"2026-09-26T12:19:28.958Z"}
{"level":"http","message":"GET /api/properties?noLimit=true 304 -b - 7.655 ms","requestId":"e0a1defc-c6d2-4c8c-8f77-7b955eaebcaf","timestamp":"2026-09-26T12:19:28.961Z"}
{"level":"http","message":"GET /api/ratings 304 -b - 42.151 ms","requestId":"3ba27a9f-28f2-45cc-94cf-3c474a5d423e","timestamp":"2026-09-26T12:19:28.990Z"}
{"level":"http","message":"GET /api/users 304 -b - 47.402 ms","requestId":"797cea27-a3b2-4957-b8f0-978f7d9cc35d","timestamp":"2026-09-26T12:19:28.996Z"}
{"level":"error","message":"[EMAIL QUEUE] Error during queue processing cycle:","stack":"Error: \n    at AbortSignal.listener (C:\\Users\\LOOK IMMO\\Desktop\\lOOK-IMMO.TN\\Look-Immo-API\\node_modules\\@redis\\client\\lib\\client\\commands-queue.ts:297:19)\n    at AbortSignal.[nodejs.internal.kHybridDispatch] (node:internal/event_target:843:20)\n    at AbortSignal.dispatchEvent (node:internal/event_target:776:26)\n    at runAbort (node:internal/abort_controller:488:10)\n    at abortSignal (node:internal/abort_controller:459:3)\n    at Timeout._onTimeout (node:internal/abort_controller:152:7)\n    at listOnTimeout (node:internal/timers:605:17)\n    at processTimers (node:internal/timers:541:7)","timestamp":"2026-09-26T12:19:29.089Z"}
{"level":"http","message":"GET /api/blog?limit=1000 304 -b - 165.069 ms","requestId":"1437d2bd-de30-43b2-aab2-67cab49e53da","timestamp":"2026-09-26T12:19:29.112Z"}
{"level":"info","message":"[BOOTSTRAP] Uploads root: C:\\Users\\LOOK IMMO\\Desktop\\lOOK-IMMO.TN\\Look-Immo-API\\uploads","timestamp":"2026-09-26T12:19:33.471Z"}
{"level":"info","message":"[BOOTSTRAP] Uploads root: C:\\Users\\LOOK IMMO\\Desktop\\lOOK-IMMO.TN\\Look-Immo-API\\uploads","timestamp":"2026-09-26T12:19:42.358Z"}
{"level":"info","message":"[ExchangeRates] Cron job scheduled (every hour). Initial fetch in progress...","timestamp":"2026-09-26T12:19:42.445Z"}
{"level":"info","message":"[EMAIL QUEUE] Background email queue worker started.","timestamp":"2026-09-26T12:19:42.447Z"}
{"apiBase":"http://localhost:5000/api","env":"development","health":"http://localhost:5000/health","level":"info","message":"Server started","port":"5000","timestamp":"2026-09-26T12:19:42.449Z","websockets":true}
{"level":"warn","message":"[REDIS] Could not reach Redis server. Caching disabled. Error:","timestamp":"2026-09-26T12:19:42.463Z"}
{"level":"info","message":"[ExchangeRates] ✅ Fetched fresh rates — USD: 0.3392, EUR: 0.2970","timestamp":"2026-09-26T12:19:42.656Z"}
{"level":"info","message":"Client connected to socket:","timestamp":"2026-09-26T12:19:43.284Z"}
{"hasAuthHeader":true,"hasCookie":true,"level":"debug","message":"auth check","requestId":"7d846a61-29a4-434d-8fcb-48ecc9c7b83d","timestamp":"2026-09-26T12:19:48.261Z"}
{"level":"http","message":"GET /api/notifications/unread-count 304 -b - 37.151 ms","requestId":"7d846a61-29a4-434d-8fcb-48ecc9c7b83d","timestamp":"2026-09-26T12:19:48.296Z"}
{"level":"error","message":"[EMAIL QUEUE] Error during queue processing cycle:","stack":"Error: \n    at AbortSignal.listener (C:\\Users\\LOOK IMMO\\Desktop\\lOOK-IMMO.TN\\Look-Immo-API\\node_modules\\@redis\\client\\lib\\client\\commands-queue.ts:297:19)\n    at AbortSignal.[nodejs.internal.kHybridDispatch] (node:internal/event_target:843:20)\n    at AbortSignal.dispatchEvent (node:internal/event_target:776:26)\n    at runAbort (node:internal/abort_controller:488:10)\n    at abortSignal (node:internal/abort_controller:459:3)\n    at Timeout._onTimeout (node:internal/abort_controller:152:7)\n    at listOnTimeout (node:internal/timers:605:17)\n    at processTimers (node:internal/timers:541:7)","timestamp":"2026-09-26T12:19:48.974Z"}
{"level":"error","message":"[EMAIL QUEUE] Error during queue processing cycle:","stack":"Error: \n    at AbortSignal.listener (C:\\Users\\LOOK IMMO\\Desktop\\lOOK-IMMO.TN\\Look-Immo-API\\node_modules\\@redis\\client\\lib\\client\\commands-queue.ts:297:19)\n    at AbortSignal.[nodejs.internal.kHybridDispatch] (node:internal/event_target:843:20)\n    at AbortSignal.dispatchEvent (node:internal/event_target:776:26)\n    at runAbort (node:internal/abort_controller:488:10)\n    at abortSignal (node:internal/abort_controller:459:3)\n    at Timeout._onTimeout (node:internal/abort_controller:152:7)\n    at listOnTimeout (node:internal/timers:605:17)\n    at processTimers (node:internal/timers:541:7)","timestamp":"2026-09-26T12:19:55.486Z"}
{"level":"error","message":"[EMAIL QUEUE] Error during queue processing cycle:","stack":"Error: \n    at AbortSignal.listener (C:\\Users\\LOOK IMMO\\Desktop\\lOOK-IMMO.TN\\Look-Immo-API\\node_modules\\@redis\\client\\lib\\client\\commands-queue.ts:297:19)\n    at AbortSignal.[nodejs.internal.kHybridDispatch] (node:internal/event_target:843:20)\n    at AbortSignal.dispatchEvent (node:internal/event_target:776:26)\n    at runAbort (node:internal/abort_controller:488:10)\n    at abortSignal (node:internal/abort_controller:459:3)\n    at Timeout._onTimeout (node:internal/abort_controller:152:7)\n    at listOnTimeout (node:internal/timers:605:17)\n    at processTimers (node:internal/timers:541:7)","timestamp":"2026-09-26T12:20:02.003Z"}
{"level":"debug","message":"[ANALYTICS] Flushed 2 visits to database.","timestamp":"2026-09-26T12:20:04.595Z"}
{"level":"debug","message":"[EMAIL QUEUE] Enqueued job email-1790425204598-a62zqxc for client@example.com","timestamp":"2026-09-26T12:20:04.602Z"}
{"level":"info","message":"[EMAIL QUEUE] Job email-123 delivered to user@example.com (attempt 1/3)","timestamp":"2026-09-26T12:20:04.609Z"}
{"level":"warn","message":"[EMAIL QUEUE] Job email-456 delivery failed (attempt 1/3): SMTP Connection timeout","stack":"Error: SMTP Connection timeout\n    at Object.<anonymous> (C:\\Users\\LOOK IMMO\\Desktop\\lOOK-IMMO.TN\\Look-Immo-API\\src\\core\\email\\emailQueue.test.ts:116:78)\n    at Promise.finally.completed (C:\\Users\\LOOK IMMO\\Desktop\\lOOK-IMMO.TN\\Look-Immo-API\\node_modules\\jest-circus\\build\\jestAdapterInit.js:1561:28)\n    at new Promise (<anonymous>)\n    at callAsyncCircusFn (C:\\Users\\LOOK IMMO\\Desktop\\lOOK-IMMO.TN\\Look-Immo-API\\node_modules\\jest-circus\\build\\jestAdapterInit.js:1501:10)\n    at _callCircusTest (C:\\Users\\LOOK IMMO\\Desktop\\lOOK-IMMO.TN\\Look-Immo-API\\node_modules\\jest-circus\\build\\jestAdapterInit.js:1011:40)\n    at _runTest (C:\\Users\\LOOK IMMO\\Desktop\\lOOK-IMMO.TN\\Look-Immo-API\\node_modules\\jest-circus\\build\\jestAdapterInit.js:951:3)\n    at C:\\Users\\LOOK IMMO\\Desktop\\lOOK-IMMO.TN\\Look-Immo-API\\node_modules\\jest-circus\\build\\jestAdapterInit.js:853:7\n    at _runTestsForDescribeBlock (C:\\Users\\LOOK IMMO\\Desktop\\lOOK-IMMO.TN\\Look-Immo-API\\node_modules\\jest-circus\\build\\jestAdapterInit.js:866:11)\n    at _runTestsForDescribeBlock (C:\\Users\\LOOK IMMO\\Desktop\\lOOK-IMMO.TN\\Look-Immo-API\\node_modules\\jest-circus\\build\\jestAdapterInit.js:861:11)\n    at _runTestsForDescribeBlock (C:\\Users\\LOOK IMMO\\Desktop\\lOOK-IMMO.TN\\Look-Immo-API\\node_modules\\jest-circus\\build\\jestAdapterInit.js:861:11)\n    at run (C:\\Users\\LOOK IMMO\\Desktop\\lOOK-IMMO.TN\\Look-Immo-API\\node_modules\\jest-circus\\build\\jestAdapterInit.js:765:3)\n    at runAndTransformResultsToJestFormat (C:\\Users\\LOOK IMMO\\Desktop\\lOOK-IMMO.TN\\Look-Immo-API\\node_modules\\jest-circus\\build\\jestAdapterInit.js:1993:21)\n    at jestAdapter (C:\\Users\\LOOK IMMO\\Desktop\\lOOK-IMMO.TN\\Look-Immo-API\\node_modules\\jest-circus\\build\\runner.js:111:19)\n    at runTestInternal (C:\\Users\\LOOK IMMO\\Desktop\\lOOK-IMMO.TN\\Look-Immo-API\\node_modules\\jest-runner\\build\\testWorker.js:276:16)\n    at runTest (C:\\Users\\LOOK IMMO\\Desktop\\lOOK-IMMO.TN\\Look-Immo-API\\node_modules\\jest-runner\\build\\testWorker.js:344:7)\n    at Object.worker (C:\\Users\\LOOK IMMO\\Desktop\\lOOK-IMMO.TN\\Look-Immo-API\\node_modules\\jest-runner\\build\\testWorker.js:498:12)","timestamp":"2026-09-26T12:20:04.619Z"}
{"level":"warn","message":"[EMAIL QUEUE] Job email-789 delivery failed (attempt 3/3): 550 User not found","stack":"Error: 550 User not found\n    at Object.<anonymous> (C:\\Users\\LOOK IMMO\\Desktop\\lOOK-IMMO.TN\\Look-Immo-API\\src\\core\\email\\emailQueue.test.ts:142:78)\n    at Promise.finally.completed (C:\\Users\\LOOK IMMO\\Desktop\\lOOK-IMMO.TN\\Look-Immo-API\\node_modules\\jest-circus\\build\\jestAdapterInit.js:1561:28)\n    at new Promise (<anonymous>)\n    at callAsyncCircusFn (C:\\Users\\LOOK IMMO\\Desktop\\lOOK-IMMO.TN\\Look-Immo-API\\node_modules\\jest-circus\\build\\jestAdapterInit.js:1501:10)\n    at _callCircusTest (C:\\Users\\LOOK IMMO\\Desktop\\lOOK-IMMO.TN\\Look-Immo-API\\node_modules\\jest-circus\\build\\jestAdapterInit.js:1011:40)\n    at _runTest (C:\\Users\\LOOK IMMO\\Desktop\\lOOK-IMMO.TN\\Look-Immo-API\\node_modules\\jest-circus\\build\\jestAdapterInit.js:951:3)\n    at C:\\Users\\LOOK IMMO\\Desktop\\lOOK-IMMO.TN\\Look-Immo-API\\node_modules\\jest-circus\\build\\jestAdapterInit.js:853:7\n    at _runTestsForDescribeBlock (C:\\Users\\LOOK IMMO\\Desktop\\lOOK-IMMO.TN\\Look-Immo-API\\node_modules\\jest-circus\\build\\jestAdapterInit.js:866:11)\n    at _runTestsForDescribeBlock (C:\\Users\\LOOK IMMO\\Desktop\\lOOK-IMMO.TN\\Look-Immo-API\\node_modules\\jest-circus\\build\\jestAdapterInit.js:861:11)\n    at _runTestsForDescribeBlock (C:\\Users\\LOOK IMMO\\Desktop\\lOOK-IMMO.TN\\Look-Immo-API\\node_modules\\jest-circus\\build\\jestAdapterInit.js:861:11)\n    at run (C:\\Users\\LOOK IMMO\\Desktop\\lOOK-IMMO.TN\\Look-Immo-API\\node_modules\\jest-circus\\build\\jestAdapterInit.js:765:3)\n    at runAndTransformResultsToJestFormat (C:\\Users\\LOOK IMMO\\Desktop\\lOOK-IMMO.TN\\Look-Immo-API\\node_modules\\jest-circus\\build\\jestAdapterInit.js:1993:21)\n    at jestAdapter (C:\\Users\\LOOK IMMO\\Desktop\\lOOK-IMMO.TN\\Look-Immo-API\\node_modules\\jest-circus\\build\\runner.js:111:19)\n    at runTestInternal (C:\\Users\\LOOK IMMO\\Desktop\\lOOK-IMMO.TN\\Look-Immo-API\\node_modules\\jest-runner\\build\\testWorker.js:276:16)\n    at runTest (C:\\Users\\LOOK IMMO\\Desktop\\lOOK-IMMO.TN\\Look-Immo-API\\node_modules\\jest-runner\\build\\testWorker.js:344:7)\n    at Object.worker (C:\\Users\\LOOK IMMO\\Desktop\\lOOK-IMMO.TN\\Look-Immo-API\\node_modules\\jest-runner\\build\\testWorker.js:498:12)","timestamp":"2026-09-26T12:20:04.621Z"}
{"level":"error","message":"[EMAIL QUEUE] Job email-789 exhausted max retries (3). Moved to dead-letter queue.","timestamp":"2026-09-26T12:20:04.622Z"}
{"level":"info","message":"[BOOTSTRAP] Uploads root: C:\\Users\\LOOK IMMO\\Desktop\\lOOK-IMMO.TN\\Look-Immo-API\\uploads","timestamp":"2026-09-26T12:20:04.879Z"}
{"level":"error","message":"[ANALYTICS] Error flushing website visits buffer:","stack":"Error: \n    at AbortSignal.listener (C:\\Users\\LOOK IMMO\\Desktop\\lOOK-IMMO.TN\\Look-Immo-API\\node_modules\\@redis\\client\\lib\\client\\commands-queue.ts:297:19)\n    at AbortSignal.[nodejs.internal.kHybridDispatch] (node:internal/event_target:843:20)\n    at AbortSignal.dispatchEvent (node:internal/event_target:776:26)\n    at runAbort (node:internal/abort_controller:488:10)\n    at abortSignal (node:internal/abort_controller:459:3)\n    at Timeout._onTimeout (node:internal/abort_controller:152:7)\n    at listOnTimeout (node:internal/timers:605:17)\n    at processTimers (node:internal/timers:541:7)","timestamp":"2026-09-26T12:20:05.025Z"}
{"level":"info","message":"[AUDIT] Password reset successfully for user: test@example.com","timestamp":"2026-09-26T12:20:05.117Z"}
{"level":"error","message":"[EMAIL QUEUE] Error during queue processing cycle:","stack":"Error: \n    at AbortSignal.listener (C:\\Users\\LOOK IMMO\\Desktop\\lOOK-IMMO.TN\\Look-Immo-API\\node_modules\\@redis\\client\\lib\\client\\commands-queue.ts:297:19)\n    at AbortSignal.[nodejs.internal.kHybridDispatch] (node:internal/event_target:843:20)\n    at AbortSignal.dispatchEvent (node:internal/event_target:776:26)\n    at runAbort (node:internal/abort_controller:488:10)\n    at abortSignal (node:internal/abort_controller:459:3)\n    at Timeout._onTimeout (node:internal/abort_controller:152:7)\n    at listOnTimeout (node:internal/timers:605:17)\n    at processTimers (node:internal/timers:541:7)","timestamp":"2026-09-26T12:20:08.513Z"}
{"level":"error","message":"[EMAIL QUEUE] Error during queue processing cycle:","stack":"Error: \n    at AbortSignal.listener (C:\\Users\\LOOK IMMO\\Desktop\\lOOK-IMMO.TN\\Look-Immo-API\\node_modules\\@redis\\client\\lib\\client\\commands-queue.ts:297:19)\n    at AbortSignal.[nodejs.internal.kHybridDispatch] (node:internal/event_target:843:20)\n    at AbortSignal.dispatchEvent (node:internal/event_target:776:26)\n    at runAbort (node:internal/abort_controller:488:10)\n    at abortSignal (node:internal/abort_controller:459:3)\n    at Timeout._onTimeout (node:internal/abort_controller:152:7)\n    at listOnTimeout (node:internal/timers:605:17)\n    at processTimers (node:internal/timers:541:7)","timestamp":"2026-09-26T12:20:15.024Z"}
{"level":"error","message":"[EMAIL QUEUE] Error during queue processing cycle:","stack":"Error: \n    at AbortSignal.listener (C:\\Users\\LOOK IMMO\\Desktop\\lOOK-IMMO.TN\\Look-Immo-API\\node_modules\\@redis\\client\\lib\\client\\commands-queue.ts:297:19)\n    at AbortSignal.[nodejs.internal.kHybridDispatch] (node:internal/event_target:843:20)\n    at AbortSignal.dispatchEvent (node:internal/event_target:776:26)\n    at runAbort (node:internal/abort_controller:488:10)\n    at abortSignal (node:internal/abort_controller:459:3)\n    at Timeout._onTimeout (node:internal/abort_controller:152:7)\n    at listOnTimeout (node:internal/timers:605:17)\n    at processTimers (node:internal/timers:541:7)","timestamp":"2026-09-26T12:20:21.541Z"}
{"level":"error","message":"[EMAIL QUEUE] Error during queue processing cycle:","stack":"Error: \n    at AbortSignal.listener (C:\\Users\\LOOK IMMO\\Desktop\\lOOK-IMMO.TN\\Look-Immo-API\\node_modules\\@redis\\client\\lib\\client\\commands-queue.ts:297:19)\n    at AbortSignal.[nodejs.internal.kHybridDispatch] (node:internal/event_target:843:20)\n    at AbortSignal.dispatchEvent (node:internal/event_target:776:26)\n    at runAbort (node:internal/abort_controller:488:10)\n    at abortSignal (node:internal/abort_controller:459:3)\n    at Timeout._onTimeout (node:internal/abort_controller:152:7)\n    at listOnTimeout (node:internal/timers:605:17)\n    at processTimers (node:internal/timers:541:7)","timestamp":"2026-09-26T12:20:28.065Z"}
{"level":"error","message":"[EMAIL QUEUE] Error during queue processing cycle:","stack":"Error: \n    at AbortSignal.listener (C:\\Users\\LOOK IMMO\\Desktop\\lOOK-IMMO.TN\\Look-Immo-API\\node_modules\\@redis\\client\\lib\\client\\commands-queue.ts:297:19)\n    at AbortSignal.[nodejs.internal.kHybridDispatch] (node:internal/event_target:843:20)\n    at AbortSignal.dispatchEvent (node:internal/event_target:776:26)\n    at runAbort (node:internal/abort_controller:488:10)\n    at abortSignal (node:internal/abort_controller:459:3)\n    at Timeout._onTimeout (node:internal/abort_controller:152:7)\n    at listOnTimeout (node:internal/timers:605:17)\n    at processTimers (node:internal/timers:541:7)","timestamp":"2026-09-26T12:20:34.587Z"}
{"level":"error","message":"[EMAIL QUEUE] Error during queue processing cycle:","stack":"Error: \n    at AbortSignal.listener (C:\\Users\\LOOK IMMO\\Desktop\\lOOK-IMMO.TN\\Look-Immo-API\\node_modules\\@redis\\client\\lib\\client\\commands-queue.ts:297:19)\n    at AbortSignal.[nodejs.internal.kHybridDispatch] (node:internal/event_target:843:20)\n    at AbortSignal.dispatchEvent (node:internal/event_target:776:26)\n    at runAbort (node:internal/abort_controller:488:10)\n    at abortSignal (node:internal/abort_controller:459:3)\n    at Timeout._onTimeout (node:internal/abort_controller:152:7)\n    at listOnTimeout (node:internal/timers:605:17)\n    at processTimers (node:internal/timers:541:7)","timestamp":"2026-09-26T12:20:41.106Z"}
{"level":"error","message":"[EMAIL QUEUE] Error during queue processing cycle:","stack":"Error: \n    at AbortSignal.listener (C:\\Users\\LOOK IMMO\\Desktop\\lOOK-IMMO.TN\\Look-Immo-API\\node_modules\\@redis\\client\\lib\\client\\commands-queue.ts:297:19)\n    at AbortSignal.[nodejs.internal.kHybridDispatch] (node:internal/event_target:843:20)\n    at AbortSignal.dispatchEvent (node:internal/event_target:776:26)\n    at runAbort (node:internal/abort_controller:488:10)\n    at abortSignal (node:internal/abort_controller:459:3)\n    at Timeout._onTimeout (node:internal/abort_controller:152:7)\n    at listOnTimeout (node:internal/timers:605:17)\n    at processTimers (node:internal/timers:541:7)","timestamp":"2026-09-26T12:20:47.624Z"}
{"level":"error","message":"[EMAIL QUEUE] Error during queue processing cycle:","stack":"Error: \n    at AbortSignal.listener (C:\\Users\\LOOK IMMO\\Desktop\\lOOK-IMMO.TN\\Look-Immo-API\\node_modules\\@redis\\client\\lib\\client\\commands-queue.ts:297:19)\n    at AbortSignal.[nodejs.internal.kHybridDispatch] (node:internal/event_target:843:20)\n    at AbortSignal.dispatchEvent (node:internal/event_target:776:26)\n    at runAbort (node:internal/abort_controller:488:10)\n    at abortSignal (node:internal/abort_controller:459:3)\n    at Timeout._onTimeout (node:internal/abort_controller:152:7)\n    at listOnTimeout (node:internal/timers:605:17)\n    at processTimers (node:internal/timers:541:7)","timestamp":"2026-09-26T12:20:54.146Z"}
{"level":"error","message":"[EMAIL QUEUE] Error during queue processing cycle:","stack":"Error: \n    at AbortSignal.listener (C:\\Users\\LOOK IMMO\\Desktop\\lOOK-IMMO.TN\\Look-Immo-API\\node_modules\\@redis\\client\\lib\\client\\commands-queue.ts:297:19)\n    at AbortSignal.[nodejs.internal.kHybridDispatch] (node:internal/event_target:843:20)\n    at AbortSignal.dispatchEvent (node:internal/event_target:776:26)\n    at runAbort (node:internal/abort_controller:488:10)\n    at abortSignal (node:internal/abort_controller:459:3)\n    at Timeout._onTimeout (node:internal/abort_controller:152:7)\n    at listOnTimeout (node:internal/timers:605:17)\n    at processTimers (node:internal/timers:541:7)","timestamp":"2026-09-26T12:21:00.664Z"}
{"level":"error","message":"[ANALYTICS] Error flushing website visits buffer:","stack":"Error: \n    at AbortSignal.listener (C:\\Users\\LOOK IMMO\\Desktop\\lOOK-IMMO.TN\\Look-Immo-API\\node_modules\\@redis\\client\\lib\\client\\commands-queue.ts:297:19)\n    at AbortSignal.[nodejs.internal.kHybridDispatch] (node:internal/event_target:843:20)\n    at AbortSignal.dispatchEvent (node:internal/event_target:776:26)\n    at runAbort (node:internal/abort_controller:488:10)\n    at abortSignal (node:internal/abort_controller:459:3)\n    at Timeout._onTimeout (node:internal/abort_controller:152:7)\n    at listOnTimeout (node:internal/timers:605:17)\n    at processTimers (node:internal/timers:541:7)","timestamp":"2026-09-26T12:21:05.021Z"}
{"level":"error","message":"[EMAIL QUEUE] Error during queue processing cycle:","stack":"Error: \n    at AbortSignal.listener (C:\\Users\\LOOK IMMO\\Desktop\\lOOK-IMMO.TN\\Look-Immo-API\\node_modules\\@redis\\client\\lib\\client\\commands-queue.ts:297:19)\n    at AbortSignal.[nodejs.internal.kHybridDispatch] (node:internal/event_target:843:20)\n    at AbortSignal.dispatchEvent (node:internal/event_target:776:26)\n    at runAbort (node:internal/abort_controller:488:10)\n    at abortSignal (node:internal/abort_controller:459:3)\n    at Timeout._onTimeout (node:internal/abort_controller:152:7)\n    at listOnTimeout (node:internal/timers:605:17)\n    at processTimers (node:internal/timers:541:7)","timestamp":"2026-09-26T12:21:07.192Z"}
{"hasAuthHeader":true,"hasCookie":true,"level":"debug","message":"auth check","requestId":"7a029ff7-09e3-4aaa-b622-2c0e083170e8","timestamp":"2026-09-26T12:21:10.267Z"}
{"level":"http","message":"GET /api/notifications/unread-count 304 -b - 5.316 ms","requestId":"7a029ff7-09e3-4aaa-b622-2c0e083170e8","timestamp":"2026-09-26T12:21:10.271Z"}
{"hasAuthHeader":true,"hasCookie":true,"level":"debug","message":"auth check","requestId":"b7afd034-5d9d-4e6a-af39-83a0577c0ac3","timestamp":"2026-09-26T12:21:13.648Z"}
{"hasAuthHeader":true,"hasCookie":true,"level":"debug","message":"auth check","requestId":"5ee7d7d6-d762-4d3d-b677-fb34b792305f","timestamp":"2026-09-26T12:21:13.651Z"}
{"level":"http","message":"GET /api/settings 304 -b - 11.738 ms","requestId":"c48b879b-c4de-4fea-8702-547db31bbb0a","timestamp":"2026-09-26T12:21:13.655Z"}
{"level":"http","message":"GET /api/appointments 304 -b - 8.358 ms","requestId":"b7afd034-5d9d-4e6a-af39-83a0577c0ac3","timestamp":"2026-09-26T12:21:13.661Z"}
{"level":"http","message":"GET /api/users 304 -b - 14.231 ms","requestId":"5ee7d7d6-d762-4d3d-b677-fb34b792305f","timestamp":"2026-09-26T12:21:13.666Z"}
{"hasAuthHeader":true,"hasCookie":true,"level":"debug","message":"auth check","requestId":"21c5b4da-32d6-42b3-b581-03cbb353224e","timestamp":"2026-09-26T12:21:13.668Z"}
{"level":"http","message":"GET /api/messages 304 -b - 6.668 ms","requestId":"21c5b4da-32d6-42b3-b581-03cbb353224e","timestamp":"2026-09-26T12:21:13.674Z"}
{"level":"http","message":"GET /api/locations 304 -b - 43.976 ms","requestId":"8a92211f-c0b5-4f73-bd53-e72632626938","timestamp":"2026-09-26T12:21:13.688Z"}
{"level":"http","message":"GET /api/ratings 304 -b - 47.530 ms","requestId":"e7c2b279-b2bb-4c43-9a69-d780558ee9a3","timestamp":"2026-09-26T12:21:13.698Z"}
{"level":"http","message":"GET /api/blog?limit=1000 304 -b - 66.782 ms","requestId":"09ff0b5e-76eb-4b07-8c81-55e09a8d8ec5","timestamp":"2026-09-26T12:21:13.714Z"}
{"level":"error","message":"[EMAIL QUEUE] Error during queue processing cycle:","stack":"Error: \n    at AbortSignal.listener (C:\\Users\\LOOK IMMO\\Desktop\\lOOK-IMMO.TN\\Look-Immo-API\\node_modules\\@redis\\client\\lib\\client\\commands-queue.ts:297:19)\n    at AbortSignal.[nodejs.internal.kHybridDispatch] (node:internal/event_target:843:20)\n    at AbortSignal.dispatchEvent (node:internal/event_target:776:26)\n    at runAbort (node:internal/abort_controller:488:10)\n    at abortSignal (node:internal/abort_controller:459:3)\n    at Timeout._onTimeout (node:internal/abort_controller:152:7)\n    at listOnTimeout (node:internal/timers:605:17)\n    at processTimers (node:internal/timers:541:7)","timestamp":"2026-09-26T12:21:13.714Z"}
{"level":"info","message":"Client disconnected from socket:","timestamp":"2026-09-26T12:21:16.246Z"}
{"hasAuthHeader":true,"hasCookie":true,"level":"debug","message":"auth check","requestId":"0dc50607-8f74-4ce7-8dda-8130a3f8a50f","timestamp":"2026-09-26T12:21:16.401Z"}
{"level":"http","message":"GET /api/exchange-rates 200 106b - 0.741 ms","requestId":"c7a68ab4-b0f8-4edd-8e77-893be02d74e0","timestamp":"2026-09-26T12:21:16.403Z"}
{"level":"http","message":"POST /api/stats/track-visit 200 31b - 8.990 ms","requestId":"be9bfda6-0dce-4299-a9fb-2d79f92ac767","timestamp":"2026-09-26T12:21:16.422Z"}
{"level":"http","message":"GET /api/auth/me 304 -b - 22.789 ms","requestId":"0dc50607-8f74-4ce7-8dda-8130a3f8a50f","timestamp":"2026-09-26T12:21:16.424Z"}
{"level":"http","message":"GET /api/settings 304 -b - 15.954 ms","requestId":"b731aad8-22d1-4880-922b-c41e7e91e53a","timestamp":"2026-09-26T12:21:16.425Z"}
{"level":"http","message":"GET /api/properties?page=1&limit=24&excludeSold=true 304 -b - 21.885 ms","requestId":"ec2bed4c-2551-496a-ba0d-1d144586cc49","timestamp":"2026-09-26T12:21:16.426Z"}
{"level":"http","message":"GET /api/locations 304 -b - 5.618 ms","requestId":"d0f70a38-6b70-4cc8-978d-24d37cdc2c45","timestamp":"2026-09-26T12:21:16.428Z"}
{"level":"http","message":"POST /api/stats/track-visit 200 31b - 1.611 ms","requestId":"0acbd910-4d63-4e14-9c23-77c0febcdc0c","timestamp":"2026-09-26T12:21:16.436Z"}
{"level":"http","message":"GET /api/exchange-rates 304 -b - 0.589 ms","requestId":"b7301789-99e3-49e2-81a8-02c6c5f6b8ec","timestamp":"2026-09-26T12:21:16.438Z"}
{"level":"http","message":"GET /api/ratings 304 -b - 6.091 ms","requestId":"ae005491-40e7-4f7c-88ec-1007f8ab67bf","timestamp":"2026-09-26T12:21:16.439Z"}
{"hasAuthHeader":true,"hasCookie":true,"level":"debug","message":"auth check","requestId":"4458a2d8-277b-4010-b35f-996e4828c654","timestamp":"2026-09-26T12:21:16.440Z"}
{"level":"http","message":"GET /api/blog?limit=1000 304 -b - 24.438 ms","requestId":"216b3013-ddcc-4cde-9914-72352bced1ba","timestamp":"2026-09-26T12:21:16.452Z"}
{"level":"http","message":"GET /api/auth/me 304 -b - 13.634 ms","requestId":"4458a2d8-277b-4010-b35f-996e4828c654","timestamp":"2026-09-26T12:21:16.454Z"}
{"hasAuthHeader":true,"hasCookie":true,"level":"debug","message":"auth check","requestId":"4594a3e6-4773-4743-903f-5a06f494cbce","timestamp":"2026-09-26T12:21:16.456Z"}
{"hasAuthHeader":true,"hasCookie":true,"level":"debug","message":"auth check","requestId":"301c8eb8-b385-438e-80b5-ae6a0ed89afa","timestamp":"2026-09-26T12:21:16.459Z"}
{"hasAuthHeader":true,"hasCookie":true,"level":"debug","message":"auth check","requestId":"c6e451cb-ff56-46f8-8e49-48a57b19026d","timestamp":"2026-09-26T12:21:16.461Z"}
{"level":"http","message":"GET /api/properties?noLimit=true 304 -b - 10.462 ms","requestId":"aa5b1389-950d-4dd8-8bdc-57b17c7e5b37","timestamp":"2026-09-26T12:21:16.463Z"}
{"level":"http","message":"GET /api/appointments 304 -b - 8.972 ms","requestId":"4594a3e6-4773-4743-903f-5a06f494cbce","timestamp":"2026-09-26T12:21:16.466Z"}
{"level":"http","message":"GET /api/messages 304 -b - 13.057 ms","requestId":"301c8eb8-b385-438e-80b5-ae6a0ed89afa","timestamp":"2026-09-26T12:21:16.472Z"}
{"level":"http","message":"GET /api/users 304 -b - 12.451 ms","requestId":"c6e451cb-ff56-46f8-8e49-48a57b19026d","timestamp":"2026-09-26T12:21:16.474Z"}
{"hasAuthHeader":true,"hasCookie":true,"level":"debug","message":"auth check","requestId":"b9c6d11d-8c8f-4d6b-867f-73006c4190e7","timestamp":"2026-09-26T12:21:16.502Z"}
{"level":"http","message":"GET /api/notifications/unread-count 304 -b - 3.730 ms","requestId":"b9c6d11d-8c8f-4d6b-867f-73006c4190e7","timestamp":"2026-09-26T12:21:16.506Z"}
{"hasAuthHeader":true,"hasCookie":true,"level":"debug","message":"auth check","requestId":"5c342f77-66c8-4b2b-877a-cc17392707f9","timestamp":"2026-09-26T12:21:16.512Z"}
{"level":"http","message":"GET /api/notifications/unread-count 304 -b - 3.585 ms","requestId":"5c342f77-66c8-4b2b-877a-cc17392707f9","timestamp":"2026-09-26T12:21:16.515Z"}
{"level":"info","message":"Client connected to socket:","timestamp":"2026-09-26T12:21:16.540Z"}
{"hasAuthHeader":true,"hasCookie":true,"level":"debug","message":"auth check","requestId":"7651a6c6-8fff-4930-93c5-ed84888fb6f8","timestamp":"2026-09-26T12:21:16.807Z"}
{"level":"http","message":"GET /api/demands 304 -b - 4.489 ms","requestId":"7651a6c6-8fff-4930-93c5-ed84888fb6f8","timestamp":"2026-09-26T12:21:16.812Z"}
{"hasAuthHeader":true,"hasCookie":true,"level":"debug","message":"auth check","requestId":"9b39f166-fa02-4628-9298-42ad10678553","timestamp":"2026-09-26T12:21:16.819Z"}
{"level":"http","message":"GET /api/demands 304 -b - 2.752 ms","requestId":"9b39f166-fa02-4628-9298-42ad10678553","timestamp":"2026-09-26T12:21:16.822Z"}
{"level":"error","message":"[EMAIL QUEUE] Error during queue processing cycle:","stack":"Error: \n    at AbortSignal.listener (C:\\Users\\LOOK IMMO\\Desktop\\lOOK-IMMO.TN\\Look-Immo-API\\node_modules\\@redis\\client\\lib\\client\\commands-queue.ts:297:19)\n    at AbortSignal.[nodejs.internal.kHybridDispatch] (node:internal/event_target:843:20)\n    at AbortSignal.dispatchEvent (node:internal/event_target:776:26)\n    at runAbort (node:internal/abort_controller:488:10)\n    at abortSignal (node:internal/abort_controller:459:3)\n    at Timeout._onTimeout (node:internal/abort_controller:152:7)\n    at listOnTimeout (node:internal/timers:605:17)\n    at processTimers (node:internal/timers:541:7)","timestamp":"2026-09-26T12:21:20.245Z"}
{"level":"info","message":"[BOOTSTRAP] Uploads root: C:\\Users\\LOOK IMMO\\Desktop\\lOOK-IMMO.TN\\Look-Immo-API\\uploads","timestamp":"2026-09-26T12:21:25.001Z"}
{"level":"info","message":"[ExchangeRates] Cron job scheduled (every hour). Initial fetch in progress...","timestamp":"2026-09-26T12:21:25.062Z"}
{"level":"info","message":"[EMAIL QUEUE] Background email queue worker started.","timestamp":"2026-09-26T12:21:25.064Z"}
{"apiBase":"http://localhost:5000/api","env":"development","health":"http://localhost:5000/health","level":"info","message":"Server started","port":"5000","timestamp":"2026-09-26T12:21:25.066Z","websockets":true}
{"level":"warn","message":"[REDIS] Could not reach Redis server. Caching disabled. Error:","timestamp":"2026-09-26T12:21:25.080Z"}
{"level":"info","message":"Client connected to socket:","timestamp":"2026-09-26T12:21:25.186Z"}
{"level":"info","message":"[ExchangeRates] ✅ Fetched fresh rates — USD: 0.3392, EUR: 0.2970","timestamp":"2026-09-26T12:21:25.249Z"}
{"level":"info","message":"Client disconnected from socket:","timestamp":"2026-09-26T12:21:25.471Z"}
{"hasAuthHeader":true,"hasCookie":true,"level":"debug","message":"auth check","requestId":"aee81f05-6697-490a-a238-00316a033c74","timestamp":"2026-09-26T12:21:25.485Z"}
{"hasAuthHeader":true,"hasCookie":true,"level":"debug","message":"auth check","requestId":"fcd5d98b-65b7-4441-b5d7-7a692e3812a5","timestamp":"2026-09-26T12:21:25.489Z"}
{"hasAuthHeader":true,"hasCookie":true,"level":"debug","message":"auth check","requestId":"ba29fa27-6fd9-4b3d-a4d9-053111daf48d","timestamp":"2026-09-26T12:21:25.491Z"}
{"level":"http","message":"GET /api/ratings 200 2b - 34.793 ms","requestId":"5c22035b-874c-4c44-ae8e-5ee8856920fe","timestamp":"2026-09-26T12:21:25.531Z"}
{"level":"http","message":"GET /api/appointments 200 -b - 46.294 ms","requestId":"ba29fa27-6fd9-4b3d-a4d9-053111daf48d","timestamp":"2026-09-26T12:21:25.539Z"}
{"level":"http","message":"GET /api/settings 200 750b - 3.944 ms","requestId":"d617f9cc-fb8d-4cb8-99d0-d12cf226db9d","timestamp":"2026-09-26T12:21:25.544Z"}
{"hasAuthHeader":true,"hasCookie":true,"level":"debug","message":"auth check","requestId":"3b186b57-20f1-41ef-832d-53724859ee23","timestamp":"2026-09-26T12:21:25.547Z"}
{"hasAuthHeader":true,"hasCookie":true,"level":"debug","message":"auth check","requestId":"fcd9b411-9a68-46ff-997d-9701bd1a1206","timestamp":"2026-09-26T12:21:25.556Z"}
{"level":"http","message":"GET /api/demands 200 -b - 4.800 ms","requestId":"fcd9b411-9a68-46ff-997d-9701bd1a1206","timestamp":"2026-09-26T12:21:25.561Z"}
{"level":"http","message":"GET /api/messages 200 247b - 77.048 ms","requestId":"fcd5d98b-65b7-4441-b5d7-7a692e3812a5","timestamp":"2026-09-26T12:21:25.566Z"}
{"hasAuthHeader":true,"hasCookie":true,"level":"debug","message":"auth check","requestId":"8c9efd28-305a-469e-819a-8810d9927d78","timestamp":"2026-09-26T12:21:25.585Z"}
{"hasAuthHeader":true,"hasCookie":true,"level":"debug","message":"auth check","requestId":"2bcfc491-99bd-42e5-baca-9b6a7e5d1c5c","timestamp":"2026-09-26T12:21:25.588Z"}
{"level":"http","message":"GET /api/properties?noLimit=true 200 -b - 93.744 ms","requestId":"08eab8f1-2ac2-40b1-8d22-bb1c9c7f418e","timestamp":"2026-09-26T12:21:25.590Z"}
{"level":"http","message":"GET /api/users 200 -b - 105.801 ms","requestId":"aee81f05-6697-490a-a238-00316a033c74","timestamp":"2026-09-26T12:21:25.591Z"}
{"level":"http","message":"GET /api/users 200 -b - 5.172 ms","requestId":"8c9efd28-305a-469e-819a-8810d9927d78","timestamp":"2026-09-26T12:21:25.593Z"}
{"level":"http","message":"GET /api/messages 200 247b - 6.217 ms","requestId":"2bcfc491-99bd-42e5-baca-9b6a7e5d1c5c","timestamp":"2026-09-26T12:21:25.594Z"}
{"hasAuthHeader":true,"hasCookie":true,"level":"debug","message":"auth check","requestId":"d4822bf3-98c7-414c-8463-eceb673e7b12","timestamp":"2026-09-26T12:21:25.600Z"}
{"level":"http","message":"GET /api/ratings 200 2b - 2.499 ms","requestId":"45c2de9b-4fb9-4ba9-8e87-f7cced8edbb4","timestamp":"2026-09-26T12:21:25.609Z"}
{"level":"http","message":"GET /api/appointments 200 -b - 8.213 ms","requestId":"d4822bf3-98c7-414c-8463-eceb673e7b12","timestamp":"2026-09-26T12:21:25.611Z"}
{"level":"http","message":"GET /api/properties?noLimit=true 200 -b - 5.396 ms","requestId":"6a0a8be5-b09c-44b8-ac53-cb85d99b5c7b","timestamp":"2026-09-26T12:21:25.613Z"}
{"hasAuthHeader":true,"hasCookie":true,"level":"debug","message":"auth check","requestId":"a7cde5c3-daaf-416f-bbac-4db770abce67","timestamp":"2026-09-26T12:21:25.631Z"}
{"hasAuthHeader":true,"hasCookie":true,"level":"debug","message":"auth check","requestId":"e53b4e92-b391-4ed9-877c-14ad895f59bb","timestamp":"2026-09-26T12:21:25.632Z"}
{"level":"http","message":"GET /api/settings 200 750b - 4.149 ms","requestId":"fe6cc5bd-f78f-40aa-a094-91144a8fc1cc","timestamp":"2026-09-26T12:21:25.634Z"}
{"level":"http","message":"GET /api/demands 200 -b - 4.131 ms","requestId":"e53b4e92-b391-4ed9-877c-14ad895f59bb","timestamp":"2026-09-26T12:21:25.637Z"}
{"hasAuthHeader":true,"hasCookie":true,"level":"debug","message":"auth check","requestId":"58c20f72-d7d4-41f2-8580-7c53007c20ba","timestamp":"2026-09-26T12:21:25.644Z"}
{"hasAuthHeader":true,"hasCookie":true,"level":"debug","message":"auth check","requestId":"9a070d40-3a41-4f00-9f5c-1dc2661d8f6e","timestamp":"2026-09-26T12:21:25.648Z"}
{"level":"http","message":"GET /api/messages 200 247b - 3.264 ms","requestId":"9a070d40-3a41-4f00-9f5c-1dc2661d8f6e","timestamp":"2026-09-26T12:21:25.651Z"}
{"level":"http","message":"GET /api/users 200 -b - 9.922 ms","requestId":"58c20f72-d7d4-41f2-8580-7c53007c20ba","timestamp":"2026-09-26T12:21:25.655Z"}
{"level":"http","message":"GET /api/blog?limit=1000 200 -b - 88.557 ms","requestId":"f2452dc0-2eee-4a5d-9988-7f2372f80c5a","timestamp":"2026-09-26T12:21:25.666Z"}
{"hasAuthHeader":true,"hasCookie":true,"level":"debug","message":"auth check","requestId":"a0920939-1784-43b8-b687-eaeda750dbb2","timestamp":"2026-09-26T12:21:25.671Z"}
{"level":"http","message":"GET /api/appointments 200 -b - 4.736 ms","requestId":"a0920939-1784-43b8-b687-eaeda750dbb2","timestamp":"2026-09-26T12:21:25.676Z"}
{"level":"http","message":"GET /api/ratings 200 2b - 3.430 ms","requestId":"c271ba8b-01a4-47e3-9537-f360eb7dc351","timestamp":"2026-09-26T12:21:25.677Z"}
{"level":"http","message":"GET /api/properties?noLimit=true 200 -b - 6.050 ms","requestId":"534b7b0b-8010-4656-b972-8a9ed1b1668a","timestamp":"2026-09-26T12:21:25.680Z"}
{"level":"http","message":"GET /api/blog?limit=1000 200 -b - 24.077 ms","requestId":"39eca4af-1e16-4511-a65a-7f06e2540fef","timestamp":"2026-09-26T12:21:25.688Z"}
{"hasAuthHeader":true,"hasCookie":true,"level":"debug","message":"auth check","requestId":"86a1d97a-1082-4287-99da-35d60a8bed6f","timestamp":"2026-09-26T12:21:25.701Z"}
{"level":"http","message":"GET /api/settings 200 750b - 4.891 ms","requestId":"f241c2ee-9b43-4afd-92d5-565e1cd9a14e","timestamp":"2026-09-26T12:21:25.704Z"}
{"level":"info","message":"Client connected to socket:","timestamp":"2026-09-26T12:21:25.730Z"}
{"level":"http","message":"GET /api/blog?limit=1000 200 -b - 26.197 ms","requestId":"4ebf7b5b-dce5-4274-9d18-04e6b4722287","timestamp":"2026-09-26T12:21:25.761Z"}
{"level":"error","message":"[ANALYTICS] Error flushing website visits buffer:","requestId":"3b186b57-20f1-41ef-832d-53724859ee23","stack":"Error: \n    at AbortSignal.listener (C:\\Users\\LOOK IMMO\\Desktop\\lOOK-IMMO.TN\\Look-Immo-API\\node_modules\\@redis\\client\\lib\\client\\commands-queue.ts:297:19)\n    at AbortSignal.[nodejs.internal.kHybridDispatch] (node:internal/event_target:843:20)\n    at AbortSignal.dispatchEvent (node:internal/event_target:776:26)\n    at runAbort (node:internal/abort_controller:488:10)\n    at abortSignal (node:internal/abort_controller:459:3)\n    at Timeout._onTimeout (node:internal/abort_controller:152:7)\n    at listOnTimeout (node:internal/timers:605:17)\n    at processTimers (node:internal/timers:541:7)","timestamp":"2026-09-26T12:21:30.569Z"}
{"level":"http","message":"GET /api/stats/dashboard 200 -b - 5034.409 ms","requestId":"3b186b57-20f1-41ef-832d-53724859ee23","timestamp":"2026-09-26T12:21:30.582Z"}
{"level":"error","message":"[ANALYTICS] Error flushing website visits buffer:","requestId":"a7cde5c3-daaf-416f-bbac-4db770abce67","stack":"Error: \n    at AbortSignal.listener (C:\\Users\\LOOK IMMO\\Desktop\\lOOK-IMMO.TN\\Look-Immo-API\\node_modules\\@redis\\client\\lib\\client\\commands-queue.ts:297:19)\n    at AbortSignal.[nodejs.internal.kHybridDispatch] (node:internal/event_target:843:20)\n    at AbortSignal.dispatchEvent (node:internal/event_target:776:26)\n    at runAbort (node:internal/abort_controller:488:10)\n    at abortSignal (node:internal/abort_controller:459:3)\n    at Timeout._onTimeout (node:internal/abort_controller:152:7)\n    at listOnTimeout (node:internal/timers:605:17)\n    at processTimers (node:internal/timers:541:7)","timestamp":"2026-09-26T12:21:30.642Z"}
{"level":"http","message":"GET /api/stats/dashboard 200 -b - 5019.160 ms","requestId":"a7cde5c3-daaf-416f-bbac-4db770abce67","timestamp":"2026-09-26T12:21:30.650Z"}
{"level":"error","message":"[ANALYTICS] Error flushing website visits buffer:","requestId":"86a1d97a-1082-4287-99da-35d60a8bed6f","stack":"Error: \n    at AbortSignal.listener (C:\\Users\\LOOK IMMO\\Desktop\\lOOK-IMMO.TN\\Look-Immo-API\\node_modules\\@redis\\client\\lib\\client\\commands-queue.ts:297:19)\n    at AbortSignal.[nodejs.internal.kHybridDispatch] (node:internal/event_target:843:20)\n    at AbortSignal.dispatchEvent (node:internal/event_target:776:26)\n    at runAbort (node:internal/abort_controller:488:10)\n    at abortSignal (node:internal/abort_controller:459:3)\n    at Timeout._onTimeout (node:internal/abort_controller:152:7)\n    at listOnTimeout (node:internal/timers:605:17)\n    at processTimers (node:internal/timers:541:7)","timestamp":"2026-09-26T12:21:30.704Z"}
{"level":"http","message":"GET /api/stats/dashboard 200 -b - 5011.775 ms","requestId":"86a1d97a-1082-4287-99da-35d60a8bed6f","timestamp":"2026-09-26T12:21:30.714Z"}
{"level":"error","message":"[EMAIL QUEUE] Error during queue processing cycle:","stack":"Error: \n    at AbortSignal.listener (C:\\Users\\LOOK IMMO\\Desktop\\lOOK-IMMO.TN\\Look-Immo-API\\node_modules\\@redis\\client\\lib\\client\\commands-queue.ts:297:19)\n    at AbortSignal.[nodejs.internal.kHybridDispatch] (node:internal/event_target:843:20)\n    at AbortSignal.dispatchEvent (node:internal/event_target:776:26)\n    at runAbort (node:internal/abort_controller:488:10)\n    at abortSignal (node:internal/abort_controller:459:3)\n    at Timeout._onTimeout (node:internal/abort_controller:152:7)\n    at listOnTimeout (node:internal/timers:605:17)\n    at processTimers (node:internal/timers:541:7)","timestamp":"2026-09-26T12:21:31.587Z"}
{"level":"info","message":"[BOOTSTRAP] Uploads root: C:\\Users\\LOOK IMMO\\Desktop\\lOOK-IMMO.TN\\Look-Immo-API\\uploads","timestamp":"2026-09-26T12:21:38.050Z"}
{"level":"info","message":"[ExchangeRates] Cron job scheduled (every hour). Initial fetch in progress...","timestamp":"2026-09-26T12:21:38.107Z"}
{"level":"info","message":"[EMAIL QUEUE] Background email queue worker started.","timestamp":"2026-09-26T12:21:38.109Z"}
{"apiBase":"http://localhost:5000/api","env":"development","health":"http://localhost:5000/health","level":"info","message":"Server started","port":"5000","timestamp":"2026-09-26T12:21:38.111Z","websockets":true}
{"level":"warn","message":"[REDIS] Could not reach Redis server. Caching disabled. Error:","timestamp":"2026-09-26T12:21:38.124Z"}
{"level":"info","message":"[ExchangeRates] ✅ Fetched fresh rates — USD: 0.3392, EUR: 0.2970","timestamp":"2026-09-26T12:21:38.293Z"}
{"level":"info","message":"Client connected to socket:","timestamp":"2026-09-26T12:21:39.276Z"}
{"level":"error","message":"[EMAIL QUEUE] Error during queue processing cycle:","stack":"Error: \n    at AbortSignal.listener (C:\\Users\\LOOK IMMO\\Desktop\\lOOK-IMMO.TN\\Look-Immo-API\\node_modules\\@redis\\client\\lib\\client\\commands-queue.ts:297:19)\n    at AbortSignal.[nodejs.internal.kHybridDispatch] (node:internal/event_target:843:20)\n    at AbortSignal.dispatchEvent (node:internal/event_target:776:26)\n    at runAbort (node:internal/abort_controller:488:10)\n    at abortSignal (node:internal/abort_controller:459:3)\n    at Timeout._onTimeout (node:internal/abort_controller:152:7)\n    at listOnTimeout (node:internal/timers:605:17)\n    at processTimers (node:internal/timers:541:7)","timestamp":"2026-09-26T12:21:44.647Z"}
{"level":"info","message":"[BOOTSTRAP] Uploads root: C:\\Users\\LOOK IMMO\\Desktop\\lOOK-IMMO.TN\\Look-Immo-API\\uploads","timestamp":"2026-09-26T12:21:46.627Z"}
{"level":"info","message":"[ExchangeRates] Cron job scheduled (every hour). Initial fetch in progress...","timestamp":"2026-09-26T12:21:46.689Z"}
{"level":"info","message":"[EMAIL QUEUE] Background email queue worker started.","timestamp":"2026-09-26T12:21:46.691Z"}
{"apiBase":"http://localhost:5000/api","env":"development","health":"http://localhost:5000/health","level":"info","message":"Server started","port":"5000","timestamp":"2026-09-26T12:21:46.693Z","websockets":true}
{"level":"warn","message":"[REDIS] Could not reach Redis server. Caching disabled. Error:","timestamp":"2026-09-26T12:21:46.706Z"}
{"level":"info","message":"[ExchangeRates] ✅ Fetched fresh rates — USD: 0.3392, EUR: 0.2970","timestamp":"2026-09-26T12:21:46.928Z"}
{"level":"info","message":"Client connected to socket:","timestamp":"2026-09-26T12:21:47.277Z"}
{"level":"info","message":"[BOOTSTRAP] Uploads root: C:\\Users\\LOOK IMMO\\Desktop\\lOOK-IMMO.TN\\Look-Immo-API\\uploads","timestamp":"2026-09-26T12:21:52.954Z"}
{"level":"info","message":"[ExchangeRates] Cron job scheduled (every hour). Initial fetch in progress...","timestamp":"2026-09-26T12:21:53.011Z"}
{"level":"info","message":"[EMAIL QUEUE] Background email queue worker started.","timestamp":"2026-09-26T12:21:53.012Z"}
{"apiBase":"http://localhost:5000/api","env":"development","health":"http://localhost:5000/health","level":"info","message":"Server started","port":"5000","timestamp":"2026-09-26T12:21:53.015Z","websockets":true}
{"level":"warn","message":"[REDIS] Could not reach Redis server. Caching disabled. Error:","timestamp":"2026-09-26T12:21:53.027Z"}
{"level":"info","message":"[ExchangeRates] ✅ Fetched fresh rates — USD: 0.3392, EUR: 0.2970","timestamp":"2026-09-26T12:21:53.196Z"}
{"level":"info","message":"Client connected to socket:","timestamp":"2026-09-26T12:21:55.272Z"}
{"level":"info","message":"[BOOTSTRAP] Uploads root: C:\\Users\\LOOK IMMO\\Desktop\\lOOK-IMMO.TN\\Look-Immo-API\\uploads","timestamp":"2026-09-26T12:21:59.414Z"}
{"level":"info","message":"[ExchangeRates] Cron job scheduled (every hour). Initial fetch in progress...","timestamp":"2026-09-26T12:21:59.472Z"}
{"level":"info","message":"[EMAIL QUEUE] Background email queue worker started.","timestamp":"2026-09-26T12:21:59.473Z"}
{"apiBase":"http://localhost:5000/api","env":"development","health":"http://localhost:5000/health","level":"info","message":"Server started","port":"5000","timestamp":"2026-09-26T12:21:59.476Z","websockets":true}
{"level":"warn","message":"[REDIS] Could not reach Redis server. Caching disabled. Error:","timestamp":"2026-09-26T12:21:59.489Z"}
{"level":"info","message":"[ExchangeRates] ✅ Fetched fresh rates — USD: 0.3392, EUR: 0.2970","timestamp":"2026-09-26T12:21:59.698Z"}
{"level":"info","message":"Client connected to socket:","timestamp":"2026-09-26T12:22:02.275Z"}
{"level":"error","message":"[ANALYTICS] Error flushing website visits buffer:","stack":"Error: \n    at AbortSignal.listener (C:\\Users\\LOOK IMMO\\Desktop\\lOOK-IMMO.TN\\Look-Immo-API\\node_modules\\@redis\\client\\lib\\client\\commands-queue.ts:297:19)\n    at AbortSignal.[nodejs.internal.kHybridDispatch] (node:internal/event_target:843:20)\n    at AbortSignal.dispatchEvent (node:internal/event_target:776:26)\n    at runAbort (node:internal/abort_controller:488:10)\n    at abortSignal (node:internal/abort_controller:459:3)\n    at Timeout._onTimeout (node:internal/abort_controller:152:7)\n    at listOnTimeout (node:internal/timers:605:17)\n    at processTimers (node:internal/timers:541:7)","timestamp":"2026-09-26T12:22:05.036Z"}
{"level":"error","message":"[EMAIL QUEUE] Error during queue processing cycle:","stack":"Error: \n    at AbortSignal.listener (C:\\Users\\LOOK IMMO\\Desktop\\lOOK-IMMO.TN\\Look-Immo-API\\node_modules\\@redis\\client\\lib\\client\\commands-queue.ts:297:19)\n    at AbortSignal.[nodejs.internal.kHybridDispatch] (node:internal/event_target:843:20)\n    at AbortSignal.dispatchEvent (node:internal/event_target:776:26)\n    at runAbort (node:internal/abort_controller:488:10)\n    at abortSignal (node:internal/abort_controller:459:3)\n    at Timeout._onTimeout (node:internal/abort_controller:152:7)\n    at listOnTimeout (node:internal/timers:605:17)\n    at processTimers (node:internal/timers:541:7)","timestamp":"2026-09-26T12:22:05.989Z"}
{"level":"info","message":"[BOOTSTRAP] Uploads root: C:\\Users\\LOOK IMMO\\Desktop\\lOOK-IMMO.TN\\Look-Immo-API\\uploads","timestamp":"2026-09-26T12:22:11.865Z"}
{"level":"info","message":"[ExchangeRates] Cron job scheduled (every hour). Initial fetch in progress...","timestamp":"2026-09-26T12:22:11.921Z"}
{"level":"info","message":"[EMAIL QUEUE] Background email queue worker started.","timestamp":"2026-09-26T12:22:11.923Z"}
{"apiBase":"http://localhost:5000/api","env":"development","health":"http://localhost:5000/health","level":"info","message":"Server started","port":"5000","timestamp":"2026-09-26T12:22:11.925Z","websockets":true}
{"level":"warn","message":"[REDIS] Could not reach Redis server. Caching disabled. Error:","timestamp":"2026-09-26T12:22:11.938Z"}
{"level":"info","message":"[ExchangeRates] ✅ Fetched fresh rates — USD: 0.3392, EUR: 0.2970","timestamp":"2026-09-26T12:22:12.206Z"}
{"level":"info","message":"Client connected to socket:","timestamp":"2026-09-26T12:22:12.275Z"}
{"level":"info","message":"[BOOTSTRAP] Uploads root: C:\\Users\\LOOK IMMO\\Desktop\\lOOK-IMMO.TN\\Look-Immo-API\\uploads","timestamp":"2026-09-26T12:22:18.681Z"}
{"level":"info","message":"[ExchangeRates] Cron job scheduled (every hour). Initial fetch in progress...","timestamp":"2026-09-26T12:22:18.739Z"}
{"level":"info","message":"[EMAIL QUEUE] Background email queue worker started.","timestamp":"2026-09-26T12:22:18.740Z"}
{"apiBase":"http://localhost:5000/api","env":"development","health":"http://localhost:5000/health","level":"info","message":"Server started","port":"5000","timestamp":"2026-09-26T12:22:18.743Z","websockets":true}
{"level":"warn","message":"[REDIS] Could not reach Redis server. Caching disabled. Error:","timestamp":"2026-09-26T12:22:18.756Z"}
{"level":"info","message":"[ExchangeRates] ✅ Fetched fresh rates — USD: 0.3392, EUR: 0.2970","timestamp":"2026-09-26T12:22:18.925Z"}
{"level":"info","message":"Client connected to socket:","timestamp":"2026-09-26T12:22:20.275Z"}
{"level":"error","message":"[EMAIL QUEUE] Error during queue processing cycle:","stack":"Error: \n    at AbortSignal.listener (C:\\Users\\LOOK IMMO\\Desktop\\lOOK-IMMO.TN\\Look-Immo-API\\node_modules\\@redis\\client\\lib\\client\\commands-queue.ts:297:19)\n    at AbortSignal.[nodejs.internal.kHybridDispatch] (node:internal/event_target:843:20)\n    at AbortSignal.dispatchEvent (node:internal/event_target:776:26)\n    at runAbort (node:internal/abort_controller:488:10)\n    at abortSignal (node:internal/abort_controller:459:3)\n    at Timeout._onTimeout (node:internal/abort_controller:152:7)\n    at listOnTimeout (node:internal/timers:605:17)\n    at processTimers (node:internal/timers:541:7)","timestamp":"2026-09-26T12:22:25.256Z"}
{"level":"error","message":"[EMAIL QUEUE] Error during queue processing cycle:","stack":"Error: \n    at AbortSignal.listener (C:\\Users\\LOOK IMMO\\Desktop\\lOOK-IMMO.TN\\Look-Immo-API\\node_modules\\@redis\\client\\lib\\client\\commands-queue.ts:297:19)\n    at AbortSignal.[nodejs.internal.kHybridDispatch] (node:internal/event_target:843:20)\n    at AbortSignal.dispatchEvent (node:internal/event_target:776:26)\n    at runAbort (node:internal/abort_controller:488:10)\n    at abortSignal (node:internal/abort_controller:459:3)\n    at Timeout._onTimeout (node:internal/abort_controller:152:7)\n    at listOnTimeout (node:internal/timers:605:17)\n    at processTimers (node:internal/timers:541:7)","timestamp":"2026-09-26T12:22:31.764Z"}
{"level":"info","message":"[BOOTSTRAP] Uploads root: C:\\Users\\LOOK IMMO\\Desktop\\lOOK-IMMO.TN\\Look-Immo-API\\uploads","timestamp":"2026-09-26T12:22:33.945Z"}
{"level":"info","message":"[ExchangeRates] Cron job scheduled (every hour). Initial fetch in progress...","timestamp":"2026-09-26T12:22:34.001Z"}
{"level":"info","message":"[EMAIL QUEUE] Background email queue worker started.","timestamp":"2026-09-26T12:22:34.002Z"}
{"apiBase":"http://localhost:5000/api","env":"development","health":"http://localhost:5000/health","level":"info","message":"Server started","port":"5000","timestamp":"2026-09-26T12:22:34.004Z","websockets":true}
{"level":"warn","message":"[REDIS] Could not reach Redis server. Caching disabled. Error:","timestamp":"2026-09-26T12:22:34.017Z"}
{"level":"info","message":"[ExchangeRates] ✅ Fetched fresh rates — USD: 0.3392, EUR: 0.2970","timestamp":"2026-09-26T12:22:34.197Z"}
{"level":"info","message":"Client connected to socket:","timestamp":"2026-09-26T12:22:35.274Z"}
{"level":"info","message":"[BOOTSTRAP] Uploads root: C:\\Users\\LOOK IMMO\\Desktop\\lOOK-IMMO.TN\\Look-Immo-API\\uploads","timestamp":"2026-09-26T12:22:40.356Z"}
{"level":"info","message":"[ExchangeRates] Cron job scheduled (every hour). Initial fetch in progress...","timestamp":"2026-09-26T12:22:40.415Z"}
{"level":"info","message":"[EMAIL QUEUE] Background email queue worker started.","timestamp":"2026-09-26T12:22:40.417Z"}
{"apiBase":"http://localhost:5000/api","env":"development","health":"http://localhost:5000/health","level":"info","message":"Server started","port":"5000","timestamp":"2026-09-26T12:22:40.419Z","websockets":true}
{"level":"warn","message":"[REDIS] Could not reach Redis server. Caching disabled. Error:","timestamp":"2026-09-26T12:22:40.434Z"}
{"level":"info","message":"[ExchangeRates] ✅ Fetched fresh rates — USD: 0.3392, EUR: 0.2970","timestamp":"2026-09-26T12:22:40.608Z"}
{"level":"info","message":"Client connected to socket:","timestamp":"2026-09-26T12:22:42.267Z"}
{"level":"error","message":"[EMAIL QUEUE] Error during queue processing cycle:","stack":"Error: \n    at AbortSignal.listener (C:\\Users\\LOOK IMMO\\Desktop\\lOOK-IMMO.TN\\Look-Immo-API\\node_modules\\@redis\\client\\lib\\client\\commands-queue.ts:297:19)\n    at AbortSignal.[nodejs.internal.kHybridDispatch] (node:internal/event_target:843:20)\n    at AbortSignal.dispatchEvent (node:internal/event_target:776:26)\n    at runAbort (node:internal/abort_controller:488:10)\n    at abortSignal (node:internal/abort_controller:459:3)\n    at Timeout._onTimeout (node:internal/abort_controller:152:7)\n    at listOnTimeout (node:internal/timers:605:17)\n    at processTimers (node:internal/timers:541:7)","timestamp":"2026-09-26T12:22:46.941Z"}
{"level":"info","message":"[BOOTSTRAP] Uploads root: C:\\Users\\LOOK IMMO\\Desktop\\lOOK-IMMO.TN\\Look-Immo-API\\uploads","timestamp":"2026-09-26T12:22:54.314Z"}
{"level":"info","message":"[ExchangeRates] Cron job scheduled (every hour). Initial fetch in progress...","timestamp":"2026-09-26T12:22:54.373Z"}
{"level":"info","message":"[EMAIL QUEUE] Background email queue worker started.","timestamp":"2026-09-26T12:22:54.375Z"}
{"apiBase":"http://localhost:5000/api","env":"development","health":"http://localhost:5000/health","level":"info","message":"Server started","port":"5000","timestamp":"2026-09-26T12:22:54.377Z","websockets":true}
{"level":"warn","message":"[REDIS] Could not reach Redis server. Caching disabled. Error:","timestamp":"2026-09-26T12:22:54.391Z"}
{"level":"info","message":"[ExchangeRates] ✅ Fetched fresh rates — USD: 0.3392, EUR: 0.2970","timestamp":"2026-09-26T12:22:54.539Z"}
{"hasAuthHeader":true,"hasCookie":true,"level":"debug","message":"auth check","requestId":"33e7e969-f91b-4524-a8d5-a5f7cbbdaa7a","timestamp":"2026-09-26T12:22:54.725Z"}
{"hasAuthHeader":true,"hasCookie":true,"level":"debug","message":"auth check","requestId":"41315f1e-f430-42e5-9a6b-16b58f652be9","timestamp":"2026-09-26T12:22:54.729Z"}
{"hasAuthHeader":true,"hasCookie":true,"level":"debug","message":"auth check","requestId":"60fc5716-ebe7-4720-a91e-48fb66d7e3a5","timestamp":"2026-09-26T12:22:54.730Z"}
{"level":"http","message":"GET /api/blog?limit=1000 304 -b - 61.466 ms","requestId":"52ba7cbd-39ae-449e-b9cd-a7be3dcacef1","timestamp":"2026-09-26T12:22:54.780Z"}
{"level":"http","message":"GET /api/users 304 -b - 53.223 ms","requestId":"41315f1e-f430-42e5-9a6b-16b58f652be9","timestamp":"2026-09-26T12:22:54.782Z"}
{"level":"http","message":"GET /api/ratings 304 -b - 71.456 ms","requestId":"f388e19a-378f-4167-979a-66b66b35d64b","timestamp":"2026-09-26T12:22:54.800Z"}
{"level":"http","message":"GET /api/messages 304 -b - 70.758 ms","requestId":"60fc5716-ebe7-4720-a91e-48fb66d7e3a5","timestamp":"2026-09-26T12:22:54.801Z"}
{"level":"http","message":"GET /api/appointments 304 -b - 80.301 ms","requestId":"33e7e969-f91b-4524-a8d5-a5f7cbbdaa7a","timestamp":"2026-09-26T12:22:54.805Z"}
{"hasAuthHeader":true,"hasCookie":true,"level":"debug","message":"auth check","requestId":"3ce154f0-fb96-4fa6-adad-5c8c35cf7fc3","timestamp":"2026-09-26T12:22:57.070Z"}
{"level":"http","message":"GET /api/auth/me 304 -b - 7.695 ms","requestId":"3ce154f0-fb96-4fa6-adad-5c8c35cf7fc3","timestamp":"2026-09-26T12:22:57.078Z"}
{"level":"http","message":"POST /api/stats/track-visit 200 31b - 10.029 ms","requestId":"2121565f-41bf-40f1-89c3-c418d427282b","timestamp":"2026-09-26T12:22:57.099Z"}
{"level":"http","message":"GET /api/settings 304 -b - 23.704 ms","requestId":"4ba61b75-694a-41b2-9c2c-b0c2e327aa21","timestamp":"2026-09-26T12:22:57.100Z"}
{"level":"http","message":"GET /api/properties?page=1&limit=24&excludeSold=true 304 -b - 26.483 ms","requestId":"9324bdff-f84e-4dff-828c-30a7e5d9e8dc","timestamp":"2026-09-26T12:22:57.101Z"}
{"level":"http","message":"GET /api/locations 304 -b - 22.572 ms","requestId":"d41a5eed-745a-4153-a81a-c3de568ada40","timestamp":"2026-09-26T12:22:57.102Z"}
{"level":"http","message":"GET /api/blog?limit=1000 304 -b - 25.920 ms","requestId":"8a542223-6f57-40b5-98c5-3a4f0eae46c0","timestamp":"2026-09-26T12:22:57.112Z"}
{"level":"http","message":"POST /api/stats/track-visit 200 31b - 1.359 ms","requestId":"0b3c3ac9-d227-49e3-ab39-ef78cf5d5102","timestamp":"2026-09-26T12:22:57.116Z"}
{"hasAuthHeader":true,"hasCookie":true,"level":"debug","message":"auth check","requestId":"61b6ee85-636d-4468-9e09-1cc488b1de82","timestamp":"2026-09-26T12:22:57.117Z"}
{"hasAuthHeader":true,"hasCookie":true,"level":"debug","message":"auth check","requestId":"72fce523-28ac-41eb-a132-5a8974bf9cb4","timestamp":"2026-09-26T12:22:57.120Z"}
{"level":"http","message":"GET /api/ratings 304 -b - 9.088 ms","requestId":"e08df587-525a-481c-8d34-7e93cd0deaf1","timestamp":"2026-09-26T12:22:57.122Z"}
{"level":"http","message":"GET /api/auth/me 304 -b - 6.049 ms","requestId":"61b6ee85-636d-4468-9e09-1cc488b1de82","timestamp":"2026-09-26T12:22:57.124Z"}
{"hasAuthHeader":true,"hasCookie":true,"level":"debug","message":"auth check","requestId":"44534bc2-4b4b-4b74-8d46-37d81de28782","timestamp":"2026-09-26T12:22:57.125Z"}
{"level":"http","message":"GET /api/properties?noLimit=true 304 -b - 7.758 ms","requestId":"01f38d76-55b2-4680-ade6-32ac273330d7","timestamp":"2026-09-26T12:22:57.127Z"}
{"level":"http","message":"GET /api/appointments 304 -b - 7.840 ms","requestId":"72fce523-28ac-41eb-a132-5a8974bf9cb4","timestamp":"2026-09-26T12:22:57.128Z"}
{"hasAuthHeader":true,"hasCookie":true,"level":"debug","message":"auth check","requestId":"d2a435cf-3157-4778-b2b6-2b3e4a8ba8e8","timestamp":"2026-09-26T12:22:57.130Z"}
{"level":"http","message":"GET /api/users 304 -b - 7.457 ms","requestId":"44534bc2-4b4b-4b74-8d46-37d81de28782","timestamp":"2026-09-26T12:22:57.133Z"}
{"level":"http","message":"GET /api/messages 304 -b - 8.820 ms","requestId":"d2a435cf-3157-4778-b2b6-2b3e4a8ba8e8","timestamp":"2026-09-26T12:22:57.138Z"}
{"hasAuthHeader":true,"hasCookie":true,"level":"debug","message":"auth check","requestId":"bf11d2ca-a699-4858-a722-8c0ab7a7d568","timestamp":"2026-09-26T12:22:57.154Z"}
{"level":"http","message":"GET /api/notifications/unread-count 200 11b - 3.022 ms","requestId":"bf11d2ca-a699-4858-a722-8c0ab7a7d568","timestamp":"2026-09-26T12:22:57.156Z"}
{"hasAuthHeader":true,"hasCookie":true,"level":"debug","message":"auth check","requestId":"225f9496-6507-42f3-a371-6fbea51950f9","timestamp":"2026-09-26T12:22:57.162Z"}
{"level":"http","message":"GET /api/notifications/unread-count 304 -b - 2.816 ms","requestId":"225f9496-6507-42f3-a371-6fbea51950f9","timestamp":"2026-09-26T12:22:57.164Z"}
{"level":"info","message":"Client connected to socket:","timestamp":"2026-09-26T12:22:57.184Z"}
{"hasAuthHeader":true,"hasCookie":true,"level":"debug","message":"auth check","requestId":"41d62544-8f68-44b8-a174-d53b371f53a8","timestamp":"2026-09-26T12:22:57.466Z"}
{"level":"http","message":"GET /api/users 304 -b - 5.391 ms","requestId":"41d62544-8f68-44b8-a174-d53b371f53a8","timestamp":"2026-09-26T12:22:57.471Z"}
{"hasAuthHeader":true,"hasCookie":true,"level":"debug","message":"auth check","requestId":"69f7ead2-b4ff-4382-9f34-055a8e5ec02c","timestamp":"2026-09-26T12:22:57.473Z"}
{"hasAuthHeader":true,"hasCookie":true,"level":"debug","message":"auth check","requestId":"9b4fd3a9-1d6d-4c79-ba4f-c40d244cb63c","timestamp":"2026-09-26T12:22:57.475Z"}
{"level":"http","message":"GET /api/messages 304 -b - 5.777 ms","requestId":"69f7ead2-b4ff-4382-9f34-055a8e5ec02c","timestamp":"2026-09-26T12:22:57.478Z"}
{"level":"http","message":"GET /api/appointments 304 -b - 5.329 ms","requestId":"9b4fd3a9-1d6d-4c79-ba4f-c40d244cb63c","timestamp":"2026-09-26T12:22:57.480Z"}
{"level":"http","message":"GET /api/properties?noLimit=true 304 -b - 6.899 ms","requestId":"f370d960-ee82-47e0-8398-99b2582147c4","timestamp":"2026-09-26T12:22:57.483Z"}
{"level":"http","message":"GET /api/ratings 304 -b - 7.516 ms","requestId":"f1e67dcd-0572-4cdb-b903-cbe44ccdff9b","timestamp":"2026-09-26T12:22:57.484Z"}
{"level":"http","message":"GET /api/settings 304 -b - 4.921 ms","requestId":"f1a36d19-6774-4093-a841-126dafc7093c","timestamp":"2026-09-26T12:22:57.486Z"}
{"hasAuthHeader":true,"hasCookie":true,"level":"debug","message":"auth check","requestId":"239efc1d-fe57-4815-9528-dc115ea3f800","timestamp":"2026-09-26T12:22:57.488Z"}
{"level":"http","message":"GET /api/blog?limit=1000 304 -b - 20.904 ms","requestId":"8b7acbe0-2b14-443e-bac6-023f62d1951f","timestamp":"2026-09-26T12:22:57.499Z"}
{"hasAuthHeader":true,"hasCookie":true,"level":"debug","message":"auth check","requestId":"848e245a-7439-4769-ba09-0dd372b0e9af","timestamp":"2026-09-26T12:22:57.499Z"}
{"hasAuthHeader":true,"hasCookie":true,"level":"debug","message":"auth check","requestId":"382a7540-d15d-4458-90a1-663deda8dcee","timestamp":"2026-09-26T12:22:57.501Z"}
{"hasAuthHeader":true,"hasCookie":true,"level":"debug","message":"auth check","requestId":"66595cd2-27e6-4e88-b590-e26bf811aaee","timestamp":"2026-09-26T12:22:57.503Z"}
{"hasAuthHeader":true,"hasCookie":true,"level":"debug","message":"auth check","requestId":"4448a5c5-54e2-43ca-aaa3-c8a943438583","timestamp":"2026-09-26T12:22:57.504Z"}
{"level":"http","message":"GET /api/demands 304 -b - 5.715 ms","requestId":"848e245a-7439-4769-ba09-0dd372b0e9af","timestamp":"2026-09-26T12:22:57.505Z"}
{"level":"http","message":"GET /api/messages 304 -b - 4.838 ms","requestId":"382a7540-d15d-4458-90a1-663deda8dcee","timestamp":"2026-09-26T12:22:57.506Z"}
{"level":"http","message":"GET /api/appointments 304 -b - 3.693 ms","requestId":"4448a5c5-54e2-43ca-aaa3-c8a943438583","timestamp":"2026-09-26T12:22:57.508Z"}
{"level":"http","message":"GET /api/properties?noLimit=true 304 -b - 3.621 ms","requestId":"b98a337b-2eec-41da-930d-5be611384e05","timestamp":"2026-09-26T12:22:57.511Z"}
{"level":"http","message":"GET /api/users 304 -b - 8.732 ms","requestId":"66595cd2-27e6-4e88-b590-e26bf811aaee","timestamp":"2026-09-26T12:22:57.512Z"}
{"level":"http","message":"GET /api/ratings 304 -b - 2.687 ms","requestId":"0fdc4957-c1d6-449f-91c8-c5df47b411a8","timestamp":"2026-09-26T12:22:57.516Z"}
{"level":"http","message":"GET /api/settings 304 -b - 2.392 ms","requestId":"4428f31f-6d42-4296-ba5c-a27d495de9a3","timestamp":"2026-09-26T12:22:57.517Z"}
{"hasAuthHeader":true,"hasCookie":true,"level":"debug","message":"auth check","requestId":"c723efbc-4ffa-4649-bbc0-b51dbeed328c","timestamp":"2026-09-26T12:22:57.518Z"}
{"level":"http","message":"GET /api/blog?limit=1000 304 -b - 17.119 ms","requestId":"406b0f2f-f301-4306-9312-5e11c74686b5","timestamp":"2026-09-26T12:22:57.533Z"}
{"level":"http","message":"GET /api/demands 304 -b - 15.691 ms","requestId":"c723efbc-4ffa-4649-bbc0-b51dbeed328c","timestamp":"2026-09-26T12:22:57.534Z"}
{"level":"info","message":"[BOOTSTRAP] Uploads root: C:\\Users\\LOOK IMMO\\Desktop\\lOOK-IMMO.TN\\Look-Immo-API\\uploads","timestamp":"2026-09-26T12:23:00.257Z"}
{"level":"info","message":"[ExchangeRates] Cron job scheduled (every hour). Initial fetch in progress...","timestamp":"2026-09-26T12:23:00.308Z"}
{"level":"info","message":"[EMAIL QUEUE] Background email queue worker started.","timestamp":"2026-09-26T12:23:00.309Z"}
{"apiBase":"http://localhost:5000/api","env":"development","health":"http://localhost:5000/health","level":"info","message":"Server started","port":"5000","timestamp":"2026-09-26T12:23:00.311Z","websockets":true}
{"level":"warn","message":"[REDIS] Could not reach Redis server. Caching disabled. Error:","timestamp":"2026-09-26T12:23:00.325Z"}
{"level":"info","message":"[ExchangeRates] ✅ Fetched fresh rates — USD: 0.3392, EUR: 0.2970","timestamp":"2026-09-26T12:23:00.489Z"}
{"hasAuthHeader":true,"hasCookie":true,"level":"debug","message":"auth check","requestId":"839e3bd3-2f69-4971-953d-ed472ae35ca5","timestamp":"2026-09-26T12:23:01.653Z"}
{"hasAuthHeader":true,"hasCookie":true,"level":"debug","message":"auth check","requestId":"2da15e74-a6cc-4fd8-87a5-15daad807261","timestamp":"2026-09-26T12:23:01.659Z"}
{"hasAuthHeader":true,"hasCookie":true,"level":"debug","message":"auth check","requestId":"dded0a7e-7012-4085-bbb6-dc42f1f02337","timestamp":"2026-09-26T12:23:01.661Z"}
{"level":"http","message":"GET /api/users 200 -b - 37.998 ms","requestId":"dded0a7e-7012-4085-bbb6-dc42f1f02337","timestamp":"2026-09-26T12:23:01.702Z"}
{"level":"http","message":"GET /api/properties?noLimit=true 200 -b - 38.650 ms","requestId":"1eae1ff6-cbb1-4d4b-900c-86623043ec42","timestamp":"2026-09-26T12:23:01.705Z"}
{"level":"http","message":"GET /api/settings 200 750b - 7.898 ms","requestId":"1bbd8d56-5566-4154-af5a-141c9e80b1ed","timestamp":"2026-09-26T12:23:01.716Z"}
{"level":"http","message":"GET /api/messages 200 247b - 73.047 ms","requestId":"839e3bd3-2f69-4971-953d-ed472ae35ca5","timestamp":"2026-09-26T12:23:01.723Z"}
{"level":"http","message":"GET /api/ratings 200 2b - 70.423 ms","requestId":"f25a438a-735f-4030-af6a-cc45bcaebd43","timestamp":"2026-09-26T12:23:01.728Z"}
{"level":"http","message":"GET /api/appointments 200 -b - 72.227 ms","requestId":"2da15e74-a6cc-4fd8-87a5-15daad807261","timestamp":"2026-09-26T12:23:01.731Z"}
{"level":"http","message":"GET /api/blog?limit=1000 200 -b - 98.325 ms","requestId":"623eaea2-b985-4de0-bd2b-93f7a8ec96f9","timestamp":"2026-09-26T12:23:01.793Z"}
{"level":"info","message":"Client connected to socket:","timestamp":"2026-09-26T12:23:03.264Z"}
{"level":"info","message":"[BOOTSTRAP] Uploads root: C:\\Users\\LOOK IMMO\\Desktop\\lOOK-IMMO.TN\\Look-Immo-API\\uploads","timestamp":"2026-09-26T12:23:07.577Z"}
{"level":"info","message":"[ExchangeRates] Cron job scheduled (every hour). Initial fetch in progress...","timestamp":"2026-09-26T12:23:07.636Z"}
{"level":"info","message":"[EMAIL QUEUE] Background email queue worker started.","timestamp":"2026-09-26T12:23:07.637Z"}
{"apiBase":"http://localhost:5000/api","env":"development","health":"http://localhost:5000/health","level":"info","message":"Server started","port":"5000","timestamp":"2026-09-26T12:23:07.640Z","websockets":true}
{"level":"warn","message":"[REDIS] Could not reach Redis server. Caching disabled. Error:","timestamp":"2026-09-26T12:23:07.653Z"}
{"level":"info","message":"[ExchangeRates] ✅ Fetched fresh rates — USD: 0.3392, EUR: 0.2970","timestamp":"2026-09-26T12:23:07.817Z"}
{"level":"info","message":"Client connected to socket:","timestamp":"2026-09-26T12:23:08.279Z"}
{"level":"error","message":"[EMAIL QUEUE] Error during queue processing cycle:","stack":"Error: \n    at AbortSignal.listener (C:\\Users\\LOOK IMMO\\Desktop\\lOOK-IMMO.TN\\Look-Immo-API\\node_modules\\@redis\\client\\lib\\client\\commands-queue.ts:297:19)\n    at AbortSignal.[nodejs.internal.kHybridDispatch] (node:internal/event_target:843:20)\n    at AbortSignal.dispatchEvent (node:internal/event_target:776:26)\n    at runAbort (node:internal/abort_controller:488:10)\n    at abortSignal (node:internal/abort_controller:459:3)\n    at Timeout._onTimeout (node:internal/abort_controller:152:7)\n    at listOnTimeout (node:internal/timers:605:17)\n    at processTimers (node:internal/timers:541:7)","timestamp":"2026-09-26T12:23:14.153Z"}
{"level":"error","message":"[EMAIL QUEUE] Error during queue processing cycle:","stack":"Error: \n    at AbortSignal.listener (C:\\Users\\LOOK IMMO\\Desktop\\lOOK-IMMO.TN\\Look-Immo-API\\node_modules\\@redis\\client\\lib\\client\\commands-queue.ts:297:19)\n    at AbortSignal.[nodejs.internal.kHybridDispatch] (node:internal/event_target:843:20)\n    at AbortSignal.dispatchEvent (node:internal/event_target:776:26)\n    at runAbort (node:internal/abort_controller:488:10)\n    at abortSignal (node:internal/abort_controller:459:3)\n    at Timeout._onTimeout (node:internal/abort_controller:152:7)\n    at listOnTimeout (node:internal/timers:605:17)\n    at processTimers (node:internal/timers:541:7)","timestamp":"2026-09-26T12:23:20.674Z"}
{"level":"info","message":"[BOOTSTRAP] Uploads root: C:\\Users\\LOOK IMMO\\Desktop\\lOOK-IMMO.TN\\Look-Immo-API\\uploads","timestamp":"2026-09-26T12:23:24.486Z"}
{"level":"info","message":"[ExchangeRates] Cron job scheduled (every hour). Initial fetch in progress...","timestamp":"2026-09-26T12:23:24.548Z"}
{"level":"info","message":"[EMAIL QUEUE] Background email queue worker started.","timestamp":"2026-09-26T12:23:24.550Z"}
{"apiBase":"http://localhost:5000/api","env":"development","health":"http://localhost:5000/health","level":"info","message":"Server started","port":"5000","timestamp":"2026-09-26T12:23:24.552Z","websockets":true}
{"level":"warn","message":"[REDIS] Could not reach Redis server. Caching disabled. Error:","timestamp":"2026-09-26T12:23:24.566Z"}
{"level":"info","message":"[ExchangeRates] ✅ Fetched fresh rates — USD: 0.3392, EUR: 0.2970","timestamp":"2026-09-26T12:23:24.748Z"}
{"level":"info","message":"Client connected to socket:","timestamp":"2026-09-26T12:23:26.280Z"}
{"level":"info","message":"[BOOTSTRAP] Uploads root: C:\\Users\\LOOK IMMO\\Desktop\\lOOK-IMMO.TN\\Look-Immo-API\\uploads","timestamp":"2026-09-26T12:23:28.832Z"}
{"level":"info","message":"[ExchangeRates] Cron job scheduled (every hour). Initial fetch in progress...","timestamp":"2026-09-26T12:23:28.893Z"}
{"level":"info","message":"[EMAIL QUEUE] Background email queue worker started.","timestamp":"2026-09-26T12:23:28.894Z"}
{"apiBase":"http://localhost:5000/api","env":"development","health":"http://localhost:5000/health","level":"info","message":"Server started","port":"5000","timestamp":"2026-09-26T12:23:28.896Z","websockets":true}
{"level":"warn","message":"[REDIS] Could not reach Redis server. Caching disabled. Error:","timestamp":"2026-09-26T12:23:28.910Z"}
{"level":"info","message":"[ExchangeRates] ✅ Fetched fresh rates — USD: 0.3392, EUR: 0.2970","timestamp":"2026-09-26T12:23:29.097Z"}
{"level":"info","message":"Client connected to socket:","timestamp":"2026-09-26T12:23:30.278Z"}
{"level":"info","message":"[BOOTSTRAP] Uploads root: C:\\Users\\LOOK IMMO\\Desktop\\lOOK-IMMO.TN\\Look-Immo-API\\uploads","timestamp":"2026-09-26T12:23:33.286Z"}
{"level":"info","message":"[ExchangeRates] Cron job scheduled (every hour). Initial fetch in progress...","timestamp":"2026-09-26T12:23:33.342Z"}
{"level":"info","message":"[EMAIL QUEUE] Background email queue worker started.","timestamp":"2026-09-26T12:23:33.343Z"}
{"apiBase":"http://localhost:5000/api","env":"development","health":"http://localhost:5000/health","level":"info","message":"Server started","port":"5000","timestamp":"2026-09-26T12:23:33.346Z","websockets":true}
{"level":"warn","message":"[REDIS] Could not reach Redis server. Caching disabled. Error:","timestamp":"2026-09-26T12:23:33.359Z"}
{"level":"info","message":"[ExchangeRates] ✅ Fetched fresh rates — USD: 0.3392, EUR: 0.2970","timestamp":"2026-09-26T12:23:33.555Z"}
{"level":"info","message":"Client connected to socket:","timestamp":"2026-09-26T12:23:35.269Z"}
{"level":"error","message":"[EMAIL QUEUE] Error during queue processing cycle:","stack":"Error: \n    at AbortSignal.listener (C:\\Users\\LOOK IMMO\\Desktop\\lOOK-IMMO.TN\\Look-Immo-API\\node_modules\\@redis\\client\\lib\\client\\commands-queue.ts:297:19)\n    at AbortSignal.[nodejs.internal.kHybridDispatch] (node:internal/event_target:843:20)\n    at AbortSignal.dispatchEvent (node:internal/event_target:776:26)\n    at runAbort (node:internal/abort_controller:488:10)\n    at abortSignal (node:internal/abort_controller:459:3)\n    at Timeout._onTimeout (node:internal/abort_controller:152:7)\n    at listOnTimeout (node:internal/timers:605:17)\n    at processTimers (node:internal/timers:541:7)","timestamp":"2026-09-26T12:23:39.866Z"}
{"level":"info","message":"[BOOTSTRAP] Uploads root: C:\\Users\\LOOK IMMO\\Desktop\\lOOK-IMMO.TN\\Look-Immo-API\\uploads","timestamp":"2026-09-26T12:23:42.195Z"}
{"level":"info","message":"[ExchangeRates] Cron job scheduled (every hour). Initial fetch in progress...","timestamp":"2026-09-26T12:23:42.256Z"}
{"level":"info","message":"[EMAIL QUEUE] Background email queue worker started.","timestamp":"2026-09-26T12:23:42.258Z"}
{"apiBase":"http://localhost:5000/api","env":"development","health":"http://localhost:5000/health","level":"info","message":"Server started","port":"5000","timestamp":"2026-09-26T12:23:42.260Z","websockets":true}
{"level":"warn","message":"[REDIS] Could not reach Redis server. Caching disabled. Error:","timestamp":"2026-09-26T12:23:42.273Z"}
{"level":"info","message":"[ExchangeRates] ✅ Fetched fresh rates — USD: 0.3392, EUR: 0.2970","timestamp":"2026-09-26T12:23:42.480Z"}
{"level":"info","message":"Client connected to socket:","timestamp":"2026-09-26T12:23:47.296Z"}
{"level":"error","message":"[EMAIL QUEUE] Error during queue processing cycle:","stack":"Error: \n    at AbortSignal.listener (C:\\Users\\LOOK IMMO\\Desktop\\lOOK-IMMO.TN\\Look-Immo-API\\node_modules\\@redis\\client\\lib\\client\\commands-queue.ts:297:19)\n    at AbortSignal.[nodejs.internal.kHybridDispatch] (node:internal/event_target:843:20)\n    at AbortSignal.dispatchEvent (node:internal/event_target:776:26)\n    at runAbort (node:internal/abort_controller:488:10)\n    at abortSignal (node:internal/abort_controller:459:3)\n    at Timeout._onTimeout (node:internal/abort_controller:152:7)\n    at listOnTimeout (node:internal/timers:605:17)\n    at processTimers (node:internal/timers:541:7)","timestamp":"2026-09-26T12:23:48.785Z"}
{"level":"info","message":"[BOOTSTRAP] Uploads root: C:\\Users\\LOOK IMMO\\Desktop\\lOOK-IMMO.TN\\Look-Immo-API\\uploads","timestamp":"2026-09-26T12:23:51.594Z"}
{"level":"info","message":"[ExchangeRates] Cron job scheduled (every hour). Initial fetch in progress...","timestamp":"2026-09-26T12:23:51.656Z"}
{"level":"info","message":"[EMAIL QUEUE] Background email queue worker started.","timestamp":"2026-09-26T12:23:51.657Z"}
{"apiBase":"http://localhost:5000/api","env":"development","health":"http://localhost:5000/health","level":"info","message":"Server started","port":"5000","timestamp":"2026-09-26T12:23:51.660Z","websockets":true}
{"level":"warn","message":"[REDIS] Could not reach Redis server. Caching disabled. Error:","timestamp":"2026-09-26T12:23:51.673Z"}
{"level":"info","message":"[ExchangeRates] ✅ Fetched fresh rates — USD: 0.3392, EUR: 0.2970","timestamp":"2026-09-26T12:23:51.853Z"}
{"level":"info","message":"Client connected to socket:","timestamp":"2026-09-26T12:23:52.281Z"}
{"level":"info","message":"[BOOTSTRAP] Uploads root: C:\\Users\\LOOK IMMO\\Desktop\\lOOK-IMMO.TN\\Look-Immo-API\\uploads","timestamp":"2026-09-26T12:23:56.717Z"}
{"level":"info","message":"[ExchangeRates] Cron job scheduled (every hour). Initial fetch in progress...","timestamp":"2026-09-26T12:23:56.774Z"}
{"level":"info","message":"[EMAIL QUEUE] Background email queue worker started.","timestamp":"2026-09-26T12:23:56.775Z"}
{"apiBase":"http://localhost:5000/api","env":"development","health":"http://localhost:5000/health","level":"info","message":"Server started","port":"5000","timestamp":"2026-09-26T12:23:56.778Z","websockets":true}
{"level":"warn","message":"[REDIS] Could not reach Redis server. Caching disabled. Error:","timestamp":"2026-09-26T12:23:56.791Z"}
{"level":"info","message":"[ExchangeRates] ✅ Fetched fresh rates — USD: 0.3392, EUR: 0.2970","timestamp":"2026-09-26T12:23:56.970Z"}
{"hasAuthHeader":true,"hasCookie":true,"level":"debug","message":"auth check","requestId":"7cbc5c31-8775-4571-8b6f-4ea7a442c381","timestamp":"2026-09-26T12:23:57.263Z"}
{"level":"info","message":"Client connected to socket:","timestamp":"2026-09-26T12:23:57.272Z"}
{"level":"http","message":"GET /api/notifications/unread-count 304 -b - 40.563 ms","requestId":"7cbc5c31-8775-4571-8b6f-4ea7a442c381","timestamp":"2026-09-26T12:23:57.300Z"}
{"level":"error","message":"[EMAIL QUEUE] Error during queue processing cycle:","stack":"Error: \n    at AbortSignal.listener (C:\\Users\\LOOK IMMO\\Desktop\\lOOK-IMMO.TN\\Look-Immo-API\\node_modules\\@redis\\client\\lib\\client\\commands-queue.ts:297:19)\n    at AbortSignal.[nodejs.internal.kHybridDispatch] (node:internal/event_target:843:20)\n    at AbortSignal.dispatchEvent (node:internal/event_target:776:26)\n    at runAbort (node:internal/abort_controller:488:10)\n    at abortSignal (node:internal/abort_controller:459:3)\n    at Timeout._onTimeout (node:internal/abort_controller:152:7)\n    at listOnTimeout (node:internal/timers:605:17)\n    at processTimers (node:internal/timers:541:7)","timestamp":"2026-09-26T12:24:03.299Z"}
{"level":"error","message":"[ANALYTICS] Error flushing website visits buffer:","stack":"Error: \n    at AbortSignal.listener (C:\\Users\\LOOK IMMO\\Desktop\\lOOK-IMMO.TN\\Look-Immo-API\\node_modules\\@redis\\client\\lib\\client\\commands-queue.ts:297:19)\n    at AbortSignal.[nodejs.internal.kHybridDispatch] (node:internal/event_target:843:20)\n    at AbortSignal.dispatchEvent (node:internal/event_target:776:26)\n    at runAbort (node:internal/abort_controller:488:10)\n    at abortSignal (node:internal/abort_controller:459:3)\n    at Timeout._onTimeout (node:internal/abort_controller:152:7)\n    at listOnTimeout (node:internal/timers:605:17)\n    at processTimers (node:internal/timers:541:7)","timestamp":"2026-09-26T12:24:05.031Z"}
{"level":"error","message":"[EMAIL QUEUE] Error during queue processing cycle:","stack":"Error: \n    at AbortSignal.listener (C:\\Users\\LOOK IMMO\\Desktop\\lOOK-IMMO.TN\\Look-Immo-API\\node_modules\\@redis\\client\\lib\\client\\commands-queue.ts:297:19)\n    at AbortSignal.[nodejs.internal.kHybridDispatch] (node:internal/event_target:843:20)\n    at AbortSignal.dispatchEvent (node:internal/event_target:776:26)\n    at runAbort (node:internal/abort_controller:488:10)\n    at abortSignal (node:internal/abort_controller:459:3)\n    at Timeout._onTimeout (node:internal/abort_controller:152:7)\n    at listOnTimeout (node:internal/timers:605:17)\n    at processTimers (node:internal/timers:541:7)","timestamp":"2026-09-26T12:24:09.826Z"}
{"level":"error","message":"[EMAIL QUEUE] Error during queue processing cycle:","stack":"Error: \n    at AbortSignal.listener (C:\\Users\\LOOK IMMO\\Desktop\\lOOK-IMMO.TN\\Look-Immo-API\\node_modules\\@redis\\client\\lib\\client\\commands-queue.ts:297:19)\n    at AbortSignal.[nodejs.internal.kHybridDispatch] (node:internal/event_target:843:20)\n    at AbortSignal.dispatchEvent (node:internal/event_target:776:26)\n    at runAbort (node:internal/abort_controller:488:10)\n    at abortSignal (node:internal/abort_controller:459:3)\n    at Timeout._onTimeout (node:internal/abort_controller:152:7)\n    at listOnTimeout (node:internal/timers:605:17)\n    at processTimers (node:internal/timers:541:7)","timestamp":"2026-09-26T12:24:16.340Z"}
{"level":"error","message":"[EMAIL QUEUE] Error during queue processing cycle:","stack":"Error: \n    at AbortSignal.listener (C:\\Users\\LOOK IMMO\\Desktop\\lOOK-IMMO.TN\\Look-Immo-API\\node_modules\\@redis\\client\\lib\\client\\commands-queue.ts:297:19)\n    at AbortSignal.[nodejs.internal.kHybridDispatch] (node:internal/event_target:843:20)\n    at AbortSignal.dispatchEvent (node:internal/event_target:776:26)\n    at runAbort (node:internal/abort_controller:488:10)\n    at abortSignal (node:internal/abort_controller:459:3)\n    at Timeout._onTimeout (node:internal/abort_controller:152:7)\n    at listOnTimeout (node:internal/timers:605:17)\n    at processTimers (node:internal/timers:541:7)","timestamp":"2026-09-26T12:24:22.866Z"}
{"level":"error","message":"[EMAIL QUEUE] Error during queue processing cycle:","stack":"Error: \n    at AbortSignal.listener (C:\\Users\\LOOK IMMO\\Desktop\\lOOK-IMMO.TN\\Look-Immo-API\\node_modules\\@redis\\client\\lib\\client\\commands-queue.ts:297:19)\n    at AbortSignal.[nodejs.internal.kHybridDispatch] (node:internal/event_target:843:20)\n    at AbortSignal.dispatchEvent (node:internal/event_target:776:26)\n    at runAbort (node:internal/abort_controller:488:10)\n    at abortSignal (node:internal/abort_controller:459:3)\n    at Timeout._onTimeout (node:internal/abort_controller:152:7)\n    at listOnTimeout (node:internal/timers:605:17)\n    at processTimers (node:internal/timers:541:7)","timestamp":"2026-09-26T12:24:29.382Z"}
{"level":"info","message":"[BOOTSTRAP] Uploads root: C:\\Users\\LOOK IMMO\\Desktop\\lOOK-IMMO.TN\\Look-Immo-API\\uploads","timestamp":"2026-09-26T12:24:32.187Z"}
{"level":"info","message":"[ExchangeRates] Cron job scheduled (every hour). Initial fetch in progress...","timestamp":"2026-09-26T12:24:32.246Z"}
{"level":"info","message":"[EMAIL QUEUE] Background email queue worker started.","timestamp":"2026-09-26T12:24:32.248Z"}
{"apiBase":"http://localhost:5000/api","env":"development","health":"http://localhost:5000/health","level":"info","message":"Server started","port":"5000","timestamp":"2026-09-26T12:24:32.250Z","websockets":true}
{"level":"warn","message":"[REDIS] Could not reach Redis server. Caching disabled. Error:","timestamp":"2026-09-26T12:24:32.264Z"}
{"level":"info","message":"[ExchangeRates] ✅ Fetched fresh rates — USD: 0.3392, EUR: 0.2970","timestamp":"2026-09-26T12:24:32.449Z"}
{"level":"info","message":"Client connected to socket:","timestamp":"2026-09-26T12:24:33.277Z"}
{"level":"info","message":"[BOOTSTRAP] Uploads root: C:\\Users\\LOOK IMMO\\Desktop\\lOOK-IMMO.TN\\Look-Immo-API\\uploads","timestamp":"2026-09-26T12:24:38.796Z"}
{"level":"info","message":"[ExchangeRates] Cron job scheduled (every hour). Initial fetch in progress...","timestamp":"2026-09-26T12:24:38.855Z"}
{"level":"info","message":"[EMAIL QUEUE] Background email queue worker started.","timestamp":"2026-09-26T12:24:38.857Z"}
{"apiBase":"http://localhost:5000/api","env":"development","health":"http://localhost:5000/health","level":"info","message":"Server started","port":"5000","timestamp":"2026-09-26T12:24:38.859Z","websockets":true}
{"level":"warn","message":"[REDIS] Could not reach Redis server. Caching disabled. Error:","timestamp":"2026-09-26T12:24:38.872Z"}
{"level":"info","message":"[ExchangeRates] ✅ Fetched fresh rates — USD: 0.3392, EUR: 0.2970","timestamp":"2026-09-26T12:24:39.099Z"}
{"level":"info","message":"Client connected to socket:","timestamp":"2026-09-26T12:24:39.281Z"}
{"level":"error","message":"[EMAIL QUEUE] Error during queue processing cycle:","stack":"Error: \n    at AbortSignal.listener (C:\\Users\\LOOK IMMO\\Desktop\\lOOK-IMMO.TN\\Look-Immo-API\\node_modules\\@redis\\client\\lib\\client\\commands-queue.ts:297:19)\n    at AbortSignal.[nodejs.internal.kHybridDispatch] (node:internal/event_target:843:20)\n    at AbortSignal.dispatchEvent (node:internal/event_target:776:26)\n    at runAbort (node:internal/abort_controller:488:10)\n    at abortSignal (node:internal/abort_controller:459:3)\n    at Timeout._onTimeout (node:internal/abort_controller:152:7)\n    at listOnTimeout (node:internal/timers:605:17)\n    at processTimers (node:internal/timers:541:7)","timestamp":"2026-09-26T12:24:45.378Z"}
{"level":"error","message":"[EMAIL QUEUE] Error during queue processing cycle:","stack":"Error: \n    at AbortSignal.listener (C:\\Users\\LOOK IMMO\\Desktop\\lOOK-IMMO.TN\\Look-Immo-API\\node_modules\\@redis\\client\\lib\\client\\commands-queue.ts:297:19)\n    at AbortSignal.[nodejs.internal.kHybridDispatch] (node:internal/event_target:843:20)\n    at AbortSignal.dispatchEvent (node:internal/event_target:776:26)\n    at runAbort (node:internal/abort_controller:488:10)\n    at abortSignal (node:internal/abort_controller:459:3)\n    at Timeout._onTimeout (node:internal/abort_controller:152:7)\n    at listOnTimeout (node:internal/timers:605:17)\n    at processTimers (node:internal/timers:541:7)","timestamp":"2026-09-26T12:24:51.896Z"}
{"level":"info","message":"[BOOTSTRAP] Uploads root: C:\\Users\\LOOK IMMO\\Desktop\\lOOK-IMMO.TN\\Look-Immo-API\\uploads","timestamp":"2026-09-26T12:24:54.857Z"}
{"level":"info","message":"[ExchangeRates] Cron job scheduled (every hour). Initial fetch in progress...","timestamp":"2026-09-26T12:24:54.910Z"}
{"level":"info","message":"[EMAIL QUEUE] Background email queue worker started.","timestamp":"2026-09-26T12:24:54.912Z"}
{"apiBase":"http://localhost:5000/api","env":"development","health":"http://localhost:5000/health","level":"info","message":"Server started","port":"5000","timestamp":"2026-09-26T12:24:54.914Z","websockets":true}
{"level":"warn","message":"[REDIS] Could not reach Redis server. Caching disabled. Error:","timestamp":"2026-09-26T12:24:54.927Z"}
{"level":"info","message":"[ExchangeRates] ✅ Fetched fresh rates — USD: 0.3392, EUR: 0.2970","timestamp":"2026-09-26T12:24:55.119Z"}
{"level":"info","message":"Client connected to socket:","timestamp":"2026-09-26T12:24:55.265Z"}
{"hasAuthHeader":true,"hasCookie":true,"level":"debug","message":"auth check","requestId":"e2b94dd8-ff0f-45cf-99cf-497d597fdf3d","timestamp":"2026-09-26T12:24:57.249Z"}
{"level":"http","message":"GET /api/notifications/unread-count 304 -b - 143.024 ms","requestId":"e2b94dd8-ff0f-45cf-99cf-497d597fdf3d","timestamp":"2026-09-26T12:24:57.389Z"}
{"level":"info","message":"[BOOTSTRAP] Uploads root: C:\\Users\\LOOK IMMO\\Desktop\\lOOK-IMMO.TN\\Look-Immo-API\\uploads","timestamp":"2026-09-26T12:24:59.805Z"}
{"level":"info","message":"[ExchangeRates] Cron job scheduled (every hour). Initial fetch in progress...","timestamp":"2026-09-26T12:24:59.863Z"}
{"level":"info","message":"[EMAIL QUEUE] Background email queue worker started.","timestamp":"2026-09-26T12:24:59.864Z"}
{"apiBase":"http://localhost:5000/api","env":"development","health":"http://localhost:5000/health","level":"info","message":"Server started","port":"5000","timestamp":"2026-09-26T12:24:59.867Z","websockets":true}
{"level":"warn","message":"[REDIS] Could not reach Redis server. Caching disabled. Error:","timestamp":"2026-09-26T12:24:59.879Z"}
{"level":"info","message":"[ExchangeRates] ✅ Fetched fresh rates — USD: 0.3392, EUR: 0.2970","timestamp":"2026-09-26T12:25:00.073Z"}
{"level":"info","message":"Client connected to socket:","timestamp":"2026-09-26T12:25:01.270Z"}
{"level":"info","message":"[BOOTSTRAP] Uploads root: C:\\Users\\LOOK IMMO\\Desktop\\lOOK-IMMO.TN\\Look-Immo-API\\uploads","timestamp":"2026-09-26T12:25:03.679Z"}
{"level":"info","message":"[ExchangeRates] Cron job scheduled (every hour). Initial fetch in progress...","timestamp":"2026-09-26T12:25:03.737Z"}
{"level":"info","message":"[EMAIL QUEUE] Background email queue worker started.","timestamp":"2026-09-26T12:25:03.739Z"}
{"apiBase":"http://localhost:5000/api","env":"development","health":"http://localhost:5000/health","level":"info","message":"Server started","port":"5000","timestamp":"2026-09-26T12:25:03.741Z","websockets":true}
{"level":"warn","message":"[REDIS] Could not reach Redis server. Caching disabled. Error:","timestamp":"2026-09-26T12:25:03.755Z"}
{"level":"info","message":"[ExchangeRates] ✅ Fetched fresh rates — USD: 0.3392, EUR: 0.2970","timestamp":"2026-09-26T12:25:03.943Z"}
{"level":"info","message":"Client connected to socket:","timestamp":"2026-09-26T12:25:05.268Z"}
{"level":"error","message":"[EMAIL QUEUE] Error during queue processing cycle:","stack":"Error: \n    at AbortSignal.listener (C:\\Users\\LOOK IMMO\\Desktop\\lOOK-IMMO.TN\\Look-Immo-API\\node_modules\\@redis\\client\\lib\\client\\commands-queue.ts:297:19)\n    at AbortSignal.[nodejs.internal.kHybridDispatch] (node:internal/event_target:843:20)\n    at AbortSignal.dispatchEvent (node:internal/event_target:776:26)\n    at runAbort (node:internal/abort_controller:488:10)\n    at abortSignal (node:internal/abort_controller:459:3)\n    at Timeout._onTimeout (node:internal/abort_controller:152:7)\n    at listOnTimeout (node:internal/timers:605:17)\n    at processTimers (node:internal/timers:541:7)","timestamp":"2026-09-26T12:25:10.261Z"}
{"level":"error","message":"[EMAIL QUEUE] Error during queue processing cycle:","stack":"Error: \n    at AbortSignal.listener (C:\\Users\\LOOK IMMO\\Desktop\\lOOK-IMMO.TN\\Look-Immo-API\\node_modules\\@redis\\client\\lib\\client\\commands-queue.ts:297:19)\n    at AbortSignal.[nodejs.internal.kHybridDispatch] (node:internal/event_target:843:20)\n    at AbortSignal.dispatchEvent (node:internal/event_target:776:26)\n    at runAbort (node:internal/abort_controller:488:10)\n    at abortSignal (node:internal/abort_controller:459:3)\n    at Timeout._onTimeout (node:internal/abort_controller:152:7)\n    at listOnTimeout (node:internal/timers:605:17)\n    at processTimers (node:internal/timers:541:7)","timestamp":"2026-09-26T12:25:16.781Z"}
{"level":"info","message":"[BOOTSTRAP] Uploads root: C:\\Users\\LOOK IMMO\\Desktop\\lOOK-IMMO.TN\\Look-Immo-API\\uploads","timestamp":"2026-09-26T12:25:18.830Z"}
{"level":"info","message":"[ExchangeRates] Cron job scheduled (every hour). Initial fetch in progress...","timestamp":"2026-09-26T12:25:18.882Z"}
{"level":"info","message":"[EMAIL QUEUE] Background email queue worker started.","timestamp":"2026-09-26T12:25:18.884Z"}
{"apiBase":"http://localhost:5000/api","env":"development","health":"http://localhost:5000/health","level":"info","message":"Server started","port":"5000","timestamp":"2026-09-26T12:25:18.886Z","websockets":true}
{"level":"warn","message":"[REDIS] Could not reach Redis server. Caching disabled. Error:","timestamp":"2026-09-26T12:25:18.900Z"}
{"level":"info","message":"[ExchangeRates] ✅ Fetched fresh rates — USD: 0.3392, EUR: 0.2970","timestamp":"2026-09-26T12:25:19.102Z"}
{"level":"info","message":"Client connected to socket:","timestamp":"2026-09-26T12:25:19.279Z"}
{"level":"error","message":"[EMAIL QUEUE] Error during queue processing cycle:","stack":"Error: \n    at AbortSignal.listener (C:\\Users\\LOOK IMMO\\Desktop\\lOOK-IMMO.TN\\Look-Immo-API\\node_modules\\@redis\\client\\lib\\client\\commands-queue.ts:297:19)\n    at AbortSignal.[nodejs.internal.kHybridDispatch] (node:internal/event_target:843:20)\n    at AbortSignal.dispatchEvent (node:internal/event_target:776:26)\n    at runAbort (node:internal/abort_controller:488:10)\n    at abortSignal (node:internal/abort_controller:459:3)\n    at Timeout._onTimeout (node:internal/abort_controller:152:7)\n    at listOnTimeout (node:internal/timers:605:17)\n    at processTimers (node:internal/timers:541:7)","timestamp":"2026-09-26T12:25:25.405Z"}
{"level":"info","message":"[BOOTSTRAP] Uploads root: C:\\Users\\LOOK IMMO\\Desktop\\lOOK-IMMO.TN\\Look-Immo-API\\uploads","timestamp":"2026-09-26T12:25:31.355Z"}
{"level":"info","message":"[ExchangeRates] Cron job scheduled (every hour). Initial fetch in progress...","timestamp":"2026-09-26T12:25:31.415Z"}
{"level":"info","message":"[EMAIL QUEUE] Background email queue worker started.","timestamp":"2026-09-26T12:25:31.416Z"}
{"apiBase":"http://localhost:5000/api","env":"development","health":"http://localhost:5000/health","level":"info","message":"Server started","port":"5000","timestamp":"2026-09-26T12:25:31.418Z","websockets":true}
{"level":"warn","message":"[REDIS] Could not reach Redis server. Caching disabled. Error:","timestamp":"2026-09-26T12:25:31.432Z"}
{"level":"info","message":"[ExchangeRates] ✅ Fetched fresh rates — USD: 0.3392, EUR: 0.2970","timestamp":"2026-09-26T12:25:31.614Z"}
{"level":"info","message":"Client connected to socket:","timestamp":"2026-09-26T12:25:32.275Z"}
{"level":"info","message":"[BOOTSTRAP] Uploads root: C:\\Users\\LOOK IMMO\\Desktop\\lOOK-IMMO.TN\\Look-Immo-API\\uploads","timestamp":"2026-09-26T12:25:35.574Z"}
{"level":"info","message":"[ExchangeRates] Cron job scheduled (every hour). Initial fetch in progress...","timestamp":"2026-09-26T12:25:35.650Z"}
{"level":"info","message":"[EMAIL QUEUE] Background email queue worker started.","timestamp":"2026-09-26T12:25:35.652Z"}
{"apiBase":"http://localhost:5000/api","env":"development","health":"http://localhost:5000/health","level":"info","message":"Server started","port":"5000","timestamp":"2026-09-26T12:25:35.655Z","websockets":true}
{"level":"warn","message":"[REDIS] Could not reach Redis server. Caching disabled. Error:","timestamp":"2026-09-26T12:25:35.671Z"}
{"level":"info","message":"[ExchangeRates] ✅ Fetched fresh rates — USD: 0.3392, EUR: 0.2970","timestamp":"2026-09-26T12:25:35.942Z"}
{"level":"info","message":"Client connected to socket:","timestamp":"2026-09-26T12:25:36.269Z"}
{"level":"info","message":"[BOOTSTRAP] Uploads root: C:\\Users\\LOOK IMMO\\Desktop\\lOOK-IMMO.TN\\Look-Immo-API\\uploads","timestamp":"2026-09-26T12:25:40.196Z"}
{"level":"info","message":"[ExchangeRates] Cron job scheduled (every hour). Initial fetch in progress...","timestamp":"2026-09-26T12:25:40.256Z"}
{"level":"info","message":"[EMAIL QUEUE] Background email queue worker started.","timestamp":"2026-09-26T12:25:40.258Z"}
{"apiBase":"http://localhost:5000/api","env":"development","health":"http://localhost:5000/health","level":"info","message":"Server started","port":"5000","timestamp":"2026-09-26T12:25:40.260Z","websockets":true}
{"level":"warn","message":"[REDIS] Could not reach Redis server. Caching disabled. Error:","timestamp":"2026-09-26T12:25:40.273Z"}
{"level":"info","message":"[ExchangeRates] ✅ Fetched fresh rates — USD: 0.3392, EUR: 0.2970","timestamp":"2026-09-26T12:25:40.462Z"}
{"level":"info","message":"Client connected to socket:","timestamp":"2026-09-26T12:25:44.274Z"}
{"level":"error","message":"[EMAIL QUEUE] Error during queue processing cycle:","stack":"Error: \n    at AbortSignal.listener (C:\\Users\\LOOK IMMO\\Desktop\\lOOK-IMMO.TN\\Look-Immo-API\\node_modules\\@redis\\client\\lib\\client\\commands-queue.ts:297:19)\n    at AbortSignal.[nodejs.internal.kHybridDispatch] (node:internal/event_target:843:20)\n    at AbortSignal.dispatchEvent (node:internal/event_target:776:26)\n    at runAbort (node:internal/abort_controller:488:10)\n    at abortSignal (node:internal/abort_controller:459:3)\n    at Timeout._onTimeout (node:internal/abort_controller:152:7)\n    at listOnTimeout (node:internal/timers:605:17)\n    at processTimers (node:internal/timers:541:7)","timestamp":"2026-09-26T12:25:46.777Z"}
{"level":"error","message":"[EMAIL QUEUE] Error during queue processing cycle:","stack":"Error: \n    at AbortSignal.listener (C:\\Users\\LOOK IMMO\\Desktop\\lOOK-IMMO.TN\\Look-Immo-API\\node_modules\\@redis\\client\\lib\\client\\commands-queue.ts:297:19)\n    at AbortSignal.[nodejs.internal.kHybridDispatch] (node:internal/event_target:843:20)\n    at AbortSignal.dispatchEvent (node:internal/event_target:776:26)\n    at runAbort (node:internal/abort_controller:488:10)\n    at abortSignal (node:internal/abort_controller:459:3)\n    at Timeout._onTimeout (node:internal/abort_controller:152:7)\n    at listOnTimeout (node:internal/timers:605:17)\n    at processTimers (node:internal/timers:541:7)","timestamp":"2026-09-26T12:25:53.296Z"}
{"level":"info","message":"[BOOTSTRAP] Uploads root: C:\\Users\\LOOK IMMO\\Desktop\\lOOK-IMMO.TN\\Look-Immo-API\\uploads","timestamp":"2026-09-26T12:25:57.356Z"}
{"level":"info","message":"[ExchangeRates] Cron job scheduled (every hour). Initial fetch in progress...","timestamp":"2026-09-26T12:25:57.427Z"}
{"level":"info","message":"[EMAIL QUEUE] Background email queue worker started.","timestamp":"2026-09-26T12:25:57.429Z"}
{"apiBase":"http://localhost:5000/api","env":"development","health":"http://localhost:5000/health","level":"info","message":"Server started","port":"5000","timestamp":"2026-09-26T12:25:57.431Z","websockets":true}
{"level":"warn","message":"[REDIS] Could not reach Redis server. Caching disabled. Error:","timestamp":"2026-09-26T12:25:57.445Z"}
{"level":"info","message":"[ExchangeRates] ✅ Fetched fresh rates — USD: 0.3392, EUR: 0.2970","timestamp":"2026-09-26T12:25:57.637Z"}
{"level":"info","message":"Client connected to socket:","timestamp":"2026-09-26T12:25:58.280Z"}
{"level":"error","message":"[EMAIL QUEUE] Error during queue processing cycle:","stack":"Error: \n    at AbortSignal.listener (C:\\Users\\LOOK IMMO\\Desktop\\lOOK-IMMO.TN\\Look-Immo-API\\node_modules\\@redis\\client\\lib\\client\\commands-queue.ts:297:19)\n    at AbortSignal.[nodejs.internal.kHybridDispatch] (node:internal/event_target:843:20)\n    at AbortSignal.dispatchEvent (node:internal/event_target:776:26)\n    at runAbort (node:internal/abort_controller:488:10)\n    at abortSignal (node:internal/abort_controller:459:3)\n    at Timeout._onTimeout (node:internal/abort_controller:152:7)\n    at listOnTimeout (node:internal/timers:605:17)\n    at processTimers (node:internal/timers:541:7)","timestamp":"2026-09-26T12:26:03.964Z"}
{"level":"info","message":"[BOOTSTRAP] Uploads root: C:\\Users\\LOOK IMMO\\Desktop\\lOOK-IMMO.TN\\Look-Immo-API\\uploads","timestamp":"2026-09-26T12:26:06.468Z"}
{"level":"info","message":"[ExchangeRates] Cron job scheduled (every hour). Initial fetch in progress...","timestamp":"2026-09-26T12:26:06.523Z"}
{"level":"info","message":"[EMAIL QUEUE] Background email queue worker started.","timestamp":"2026-09-26T12:26:06.524Z"}
{"apiBase":"http://localhost:5000/api","env":"development","health":"http://localhost:5000/health","level":"info","message":"Server started","port":"5000","timestamp":"2026-09-26T12:26:06.527Z","websockets":true}
{"level":"warn","message":"[REDIS] Could not reach Redis server. Caching disabled. Error:","timestamp":"2026-09-26T12:26:06.540Z"}
{"level":"info","message":"[ExchangeRates] ✅ Fetched fresh rates — USD: 0.3392, EUR: 0.2970","timestamp":"2026-09-26T12:26:06.735Z"}
{"level":"info","message":"[BOOTSTRAP] Uploads root: C:\\Users\\LOOK IMMO\\Desktop\\lOOK-IMMO.TN\\Look-Immo-API\\uploads","timestamp":"2026-09-26T12:26:12.461Z"}
{"level":"info","message":"[ExchangeRates] Cron job scheduled (every hour). Initial fetch in progress...","timestamp":"2026-09-26T12:26:12.522Z"}
{"level":"info","message":"[EMAIL QUEUE] Background email queue worker started.","timestamp":"2026-09-26T12:26:12.524Z"}
{"apiBase":"http://localhost:5000/api","env":"development","health":"http://localhost:5000/health","level":"info","message":"Server started","port":"5000","timestamp":"2026-09-26T12:26:12.526Z","websockets":true}
{"level":"warn","message":"[REDIS] Could not reach Redis server. Caching disabled. Error:","timestamp":"2026-09-26T12:26:12.540Z"}
{"level":"info","message":"[ExchangeRates] ✅ Fetched fresh rates — USD: 0.3392, EUR: 0.2970","timestamp":"2026-09-26T12:26:12.717Z"}
{"level":"error","message":"[EMAIL QUEUE] Error during queue processing cycle:","stack":"Error: \n    at AbortSignal.listener (C:\\Users\\LOOK IMMO\\Desktop\\lOOK-IMMO.TN\\Look-Immo-API\\node_modules\\@redis\\client\\lib\\client\\commands-queue.ts:297:19)\n    at AbortSignal.[nodejs.internal.kHybridDispatch] (node:internal/event_target:843:20)\n    at AbortSignal.dispatchEvent (node:internal/event_target:776:26)\n    at runAbort (node:internal/abort_controller:488:10)\n    at abortSignal (node:internal/abort_controller:459:3)\n    at Timeout._onTimeout (node:internal/abort_controller:152:7)\n    at listOnTimeout (node:internal/timers:605:17)\n    at processTimers (node:internal/timers:541:7)","timestamp":"2026-09-26T12:26:19.059Z"}
{"level":"info","message":"Client connected to socket:","timestamp":"2026-09-26T12:26:22.273Z"}
{"level":"error","message":"[EMAIL QUEUE] Error during queue processing cycle:","stack":"Error: \n    at AbortSignal.listener (C:\\Users\\LOOK IMMO\\Desktop\\lOOK-IMMO.TN\\Look-Immo-API\\node_modules\\@redis\\client\\lib\\client\\commands-queue.ts:297:19)\n    at AbortSignal.[nodejs.internal.kHybridDispatch] (node:internal/event_target:843:20)\n    at AbortSignal.dispatchEvent (node:internal/event_target:776:26)\n    at runAbort (node:internal/abort_controller:488:10)\n    at abortSignal (node:internal/abort_controller:459:3)\n    at Timeout._onTimeout (node:internal/abort_controller:152:7)\n    at listOnTimeout (node:internal/timers:605:17)\n    at processTimers (node:internal/timers:541:7)","timestamp":"2026-09-26T12:26:25.581Z"}
{"level":"info","message":"[BOOTSTRAP] Uploads root: C:\\Users\\LOOK IMMO\\Desktop\\lOOK-IMMO.TN\\Look-Immo-API\\uploads","timestamp":"2026-09-26T12:26:31.286Z"}
{"level":"info","message":"[ExchangeRates] Cron job scheduled (every hour). Initial fetch in progress...","timestamp":"2026-09-26T12:26:31.340Z"}
{"level":"info","message":"[EMAIL QUEUE] Background email queue worker started.","timestamp":"2026-09-26T12:26:31.341Z"}
{"apiBase":"http://localhost:5000/api","env":"development","health":"http://localhost:5000/health","level":"info","message":"Server started","port":"5000","timestamp":"2026-09-26T12:26:31.344Z","websockets":true}
{"level":"warn","message":"[REDIS] Could not reach Redis server. Caching disabled. Error:","timestamp":"2026-09-26T12:26:31.357Z"}
{"level":"info","message":"[ExchangeRates] ✅ Fetched fresh rates — USD: 0.3392, EUR: 0.2970","timestamp":"2026-09-26T12:26:31.545Z"}
{"level":"info","message":"Client connected to socket:","timestamp":"2026-09-26T12:26:33.272Z"}
{"level":"error","message":"[EMAIL QUEUE] Error during queue processing cycle:","stack":"Error: \n    at AbortSignal.listener (C:\\Users\\LOOK IMMO\\Desktop\\lOOK-IMMO.TN\\Look-Immo-API\\node_modules\\@redis\\client\\lib\\client\\commands-queue.ts:297:19)\n    at AbortSignal.[nodejs.internal.kHybridDispatch] (node:internal/event_target:843:20)\n    at AbortSignal.dispatchEvent (node:internal/event_target:776:26)\n    at runAbort (node:internal/abort_controller:488:10)\n    at abortSignal (node:internal/abort_controller:459:3)\n    at Timeout._onTimeout (node:internal/abort_controller:152:7)\n    at listOnTimeout (node:internal/timers:605:17)\n    at processTimers (node:internal/timers:541:7)","timestamp":"2026-09-26T12:26:37.857Z"}
{"level":"info","message":"[BOOTSTRAP] Uploads root: C:\\Users\\LOOK IMMO\\Desktop\\lOOK-IMMO.TN\\Look-Immo-API\\uploads","timestamp":"2026-09-26T12:26:43.095Z"}
{"level":"info","message":"[ExchangeRates] Cron job scheduled (every hour). Initial fetch in progress...","timestamp":"2026-09-26T12:26:43.149Z"}
{"level":"info","message":"[EMAIL QUEUE] Background email queue worker started.","timestamp":"2026-09-26T12:26:43.150Z"}
{"apiBase":"http://localhost:5000/api","env":"development","health":"http://localhost:5000/health","level":"info","message":"Server started","port":"5000","timestamp":"2026-09-26T12:26:43.153Z","websockets":true}
{"level":"warn","message":"[REDIS] Could not reach Redis server. Caching disabled. Error:","timestamp":"2026-09-26T12:26:43.167Z"}
{"level":"info","message":"[ExchangeRates] ✅ Fetched fresh rates — USD: 0.3392, EUR: 0.2970","timestamp":"2026-09-26T12:26:43.358Z"}
{"level":"info","message":"Client connected to socket:","timestamp":"2026-09-26T12:26:45.273Z"}
{"level":"info","message":"[BOOTSTRAP] Uploads root: C:\\Users\\LOOK IMMO\\Desktop\\lOOK-IMMO.TN\\Look-Immo-API\\uploads","timestamp":"2026-09-26T12:26:48.468Z"}
{"level":"info","message":"[ExchangeRates] Cron job scheduled (every hour). Initial fetch in progress...","timestamp":"2026-09-26T12:26:48.520Z"}
{"level":"info","message":"[EMAIL QUEUE] Background email queue worker started.","timestamp":"2026-09-26T12:26:48.521Z"}
{"apiBase":"http://localhost:5000/api","env":"development","health":"http://localhost:5000/health","level":"info","message":"Server started","port":"5000","timestamp":"2026-09-26T12:26:48.524Z","websockets":true}
{"level":"warn","message":"[REDIS] Could not reach Redis server. Caching disabled. Error:","timestamp":"2026-09-26T12:26:48.538Z"}
{"level":"info","message":"[ExchangeRates] ✅ Fetched fresh rates — USD: 0.3392, EUR: 0.2970","timestamp":"2026-09-26T12:26:48.726Z"}
{"level":"info","message":"Client connected to socket:","timestamp":"2026-09-26T12:26:49.269Z"}
{"level":"error","message":"[EMAIL QUEUE] Error during queue processing cycle:","stack":"Error: \n    at AbortSignal.listener (C:\\Users\\LOOK IMMO\\Desktop\\lOOK-IMMO.TN\\Look-Immo-API\\node_modules\\@redis\\client\\lib\\client\\commands-queue.ts:297:19)\n    at AbortSignal.[nodejs.internal.kHybridDispatch] (node:internal/event_target:843:20)\n    at AbortSignal.dispatchEvent (node:internal/event_target:776:26)\n    at runAbort (node:internal/abort_controller:488:10)\n    at abortSignal (node:internal/abort_controller:459:3)\n    at Timeout._onTimeout (node:internal/abort_controller:152:7)\n    at listOnTimeout (node:internal/timers:605:17)\n    at processTimers (node:internal/timers:541:7)","timestamp":"2026-09-26T12:26:55.045Z"}
{"hasAuthHeader":true,"hasCookie":true,"level":"debug","message":"auth check","requestId":"a0bbec97-cf9b-44b9-8f84-100d1ed8b006","timestamp":"2026-09-26T12:26:57.260Z"}
{"level":"http","message":"GET /api/notifications/unread-count 200 11b - 42.903 ms","requestId":"a0bbec97-cf9b-44b9-8f84-100d1ed8b006","timestamp":"2026-09-26T12:26:57.300Z"}
{"level":"error","message":"[EMAIL QUEUE] Error during queue processing cycle:","stack":"Error: \n    at AbortSignal.listener (C:\\Users\\LOOK IMMO\\Desktop\\lOOK-IMMO.TN\\Look-Immo-API\\node_modules\\@redis\\client\\lib\\client\\commands-queue.ts:297:19)\n    at AbortSignal.[nodejs.internal.kHybridDispatch] (node:internal/event_target:843:20)\n    at AbortSignal.dispatchEvent (node:internal/event_target:776:26)\n    at runAbort (node:internal/abort_controller:488:10)\n    at abortSignal (node:internal/abort_controller:459:3)\n    at Timeout._onTimeout (node:internal/abort_controller:152:7)\n    at listOnTimeout (node:internal/timers:605:17)\n    at processTimers (node:internal/timers:541:7)","timestamp":"2026-09-26T12:27:01.558Z"}
{"level":"error","message":"[ANALYTICS] Error flushing website visits buffer:","stack":"Error: \n    at AbortSignal.listener (C:\\Users\\LOOK IMMO\\Desktop\\lOOK-IMMO.TN\\Look-Immo-API\\node_modules\\@redis\\client\\lib\\client\\commands-queue.ts:297:19)\n    at AbortSignal.[nodejs.internal.kHybridDispatch] (node:internal/event_target:843:20)\n    at AbortSignal.dispatchEvent (node:internal/event_target:776:26)\n    at runAbort (node:internal/abort_controller:488:10)\n    at abortSignal (node:internal/abort_controller:459:3)\n    at Timeout._onTimeout (node:internal/abort_controller:152:7)\n    at listOnTimeout (node:internal/timers:605:17)\n    at processTimers (node:internal/timers:541:7)","timestamp":"2026-09-26T12:27:05.018Z"}
{"level":"info","message":"[BOOTSTRAP] Uploads root: C:\\Users\\LOOK IMMO\\Desktop\\lOOK-IMMO.TN\\Look-Immo-API\\uploads","timestamp":"2026-09-26T12:27:08.612Z"}
{"level":"info","message":"[ExchangeRates] Cron job scheduled (every hour). Initial fetch in progress...","timestamp":"2026-09-26T12:27:08.674Z"}
{"level":"info","message":"[EMAIL QUEUE] Background email queue worker started.","timestamp":"2026-09-26T12:27:08.676Z"}
{"apiBase":"http://localhost:5000/api","env":"development","health":"http://localhost:5000/health","level":"info","message":"Server started","port":"5000","timestamp":"2026-09-26T12:27:08.678Z","websockets":true}
{"level":"warn","message":"[REDIS] Could not reach Redis server. Caching disabled. Error:","timestamp":"2026-09-26T12:27:08.694Z"}
{"level":"info","message":"[ExchangeRates] ✅ Fetched fresh rates — USD: 0.3392, EUR: 0.2970","timestamp":"2026-09-26T12:27:08.872Z"}
{"level":"info","message":"Client connected to socket:","timestamp":"2026-09-26T12:27:13.263Z"}
{"level":"error","message":"[EMAIL QUEUE] Error during queue processing cycle:","stack":"Error: \n    at AbortSignal.listener (C:\\Users\\LOOK IMMO\\Desktop\\lOOK-IMMO.TN\\Look-Immo-API\\node_modules\\@redis\\client\\lib\\client\\commands-queue.ts:297:19)\n    at AbortSignal.[nodejs.internal.kHybridDispatch] (node:internal/event_target:843:20)\n    at AbortSignal.dispatchEvent (node:internal/event_target:776:26)\n    at runAbort (node:internal/abort_controller:488:10)\n    at abortSignal (node:internal/abort_controller:459:3)\n    at Timeout._onTimeout (node:internal/abort_controller:152:7)\n    at listOnTimeout (node:internal/timers:605:17)\n    at processTimers (node:internal/timers:541:7)","timestamp":"2026-09-26T12:27:15.202Z"}
{"level":"error","message":"[EMAIL QUEUE] Error during queue processing cycle:","stack":"Error: \n    at AbortSignal.listener (C:\\Users\\LOOK IMMO\\Desktop\\lOOK-IMMO.TN\\Look-Immo-API\\node_modules\\@redis\\client\\lib\\client\\commands-queue.ts:297:19)\n    at AbortSignal.[nodejs.internal.kHybridDispatch] (node:internal/event_target:843:20)\n    at AbortSignal.dispatchEvent (node:internal/event_target:776:26)\n    at runAbort (node:internal/abort_controller:488:10)\n    at abortSignal (node:internal/abort_controller:459:3)\n    at Timeout._onTimeout (node:internal/abort_controller:152:7)\n    at listOnTimeout (node:internal/timers:605:17)\n    at processTimers (node:internal/timers:541:7)","timestamp":"2026-09-26T12:27:21.717Z"}
{"level":"error","message":"[EMAIL QUEUE] Error during queue processing cycle:","stack":"Error: \n    at AbortSignal.listener (C:\\Users\\LOOK IMMO\\Desktop\\lOOK-IMMO.TN\\Look-Immo-API\\node_modules\\@redis\\client\\lib\\client\\commands-queue.ts:297:19)\n    at AbortSignal.[nodejs.internal.kHybridDispatch] (node:internal/event_target:843:20)\n    at AbortSignal.dispatchEvent (node:internal/event_target:776:26)\n    at runAbort (node:internal/abort_controller:488:10)\n    at abortSignal (node:internal/abort_controller:459:3)\n    at Timeout._onTimeout (node:internal/abort_controller:152:7)\n    at listOnTimeout (node:internal/timers:605:17)\n    at processTimers (node:internal/timers:541:7)","timestamp":"2026-09-26T12:27:28.245Z"}
{"level":"info","message":"[BOOTSTRAP] Uploads root: C:\\Users\\LOOK IMMO\\Desktop\\lOOK-IMMO.TN\\Look-Immo-API\\uploads","timestamp":"2026-09-26T12:27:30.611Z"}
{"level":"info","message":"[ExchangeRates] Cron job scheduled (every hour). Initial fetch in progress...","timestamp":"2026-09-26T12:27:30.666Z"}
{"level":"info","message":"[EMAIL QUEUE] Background email queue worker started.","timestamp":"2026-09-26T12:27:30.667Z"}
{"apiBase":"http://localhost:5000/api","env":"development","health":"http://localhost:5000/health","level":"info","message":"Server started","port":"5000","timestamp":"2026-09-26T12:27:30.670Z","websockets":true}
{"level":"warn","message":"[REDIS] Could not reach Redis server. Caching disabled. Error:","timestamp":"2026-09-26T12:27:30.686Z"}
{"level":"info","message":"[ExchangeRates] ✅ Fetched fresh rates — USD: 0.3392, EUR: 0.2970","timestamp":"2026-09-26T12:27:30.849Z"}
{"level":"info","message":"Client connected to socket:","timestamp":"2026-09-26T12:27:31.265Z"}
{"level":"error","message":"[EMAIL QUEUE] Error during queue processing cycle:","stack":"Error: \n    at AbortSignal.listener (C:\\Users\\LOOK IMMO\\Desktop\\lOOK-IMMO.TN\\Look-Immo-API\\node_modules\\@redis\\client\\lib\\client\\commands-queue.ts:297:19)\n    at AbortSignal.[nodejs.internal.kHybridDispatch] (node:internal/event_target:843:20)\n    at AbortSignal.dispatchEvent (node:internal/event_target:776:26)\n    at runAbort (node:internal/abort_controller:488:10)\n    at abortSignal (node:internal/abort_controller:459:3)\n    at Timeout._onTimeout (node:internal/abort_controller:152:7)\n    at listOnTimeout (node:internal/timers:605:17)\n    at processTimers (node:internal/timers:541:7)","timestamp":"2026-09-26T12:27:37.187Z"}
{"level":"info","message":"[BOOTSTRAP] Uploads root: C:\\Users\\LOOK IMMO\\Desktop\\lOOK-IMMO.TN\\Look-Immo-API\\uploads","timestamp":"2026-09-26T12:27:44.991Z"}
{"level":"info","message":"[ExchangeRates] Cron job scheduled (every hour). Initial fetch in progress...","timestamp":"2026-09-26T12:27:45.048Z"}
{"level":"info","message":"[EMAIL QUEUE] Background email queue worker started.","timestamp":"2026-09-26T12:27:45.049Z"}
{"apiBase":"http://localhost:5000/api","env":"development","health":"http://localhost:5000/health","level":"info","message":"Server started","port":"5000","timestamp":"2026-09-26T12:27:45.052Z","websockets":true}
{"level":"warn","message":"[REDIS] Could not reach Redis server. Caching disabled. Error:","timestamp":"2026-09-26T12:27:45.067Z"}
{"level":"info","message":"[ExchangeRates] ✅ Fetched fresh rates — USD: 0.3392, EUR: 0.2970","timestamp":"2026-09-26T12:27:45.225Z"}
{"level":"info","message":"Client connected to socket:","timestamp":"2026-09-26T12:27:45.270Z"}
{"level":"error","message":"[EMAIL QUEUE] Error during queue processing cycle:","stack":"Error: \n    at AbortSignal.listener (C:\\Users\\LOOK IMMO\\Desktop\\lOOK-IMMO.TN\\Look-Immo-API\\node_modules\\@redis\\client\\lib\\client\\commands-queue.ts:297:19)\n    at AbortSignal.[nodejs.internal.kHybridDispatch] (node:internal/event_target:843:20)\n    at AbortSignal.dispatchEvent (node:internal/event_target:776:26)\n    at runAbort (node:internal/abort_controller:488:10)\n    at abortSignal (node:internal/abort_controller:459:3)\n    at Timeout._onTimeout (node:internal/abort_controller:152:7)\n    at listOnTimeout (node:internal/timers:605:17)\n    at processTimers (node:internal/timers:541:7)","timestamp":"2026-09-26T12:27:51.569Z"}
{"level":"info","message":"[BOOTSTRAP] Uploads root: C:\\Users\\LOOK IMMO\\Desktop\\lOOK-IMMO.TN\\Look-Immo-API\\uploads","timestamp":"2026-09-26T12:27:53.618Z"}
{"level":"info","message":"[ExchangeRates] Cron job scheduled (every hour). Initial fetch in progress...","timestamp":"2026-09-26T12:27:53.680Z"}
{"level":"info","message":"[EMAIL QUEUE] Background email queue worker started.","timestamp":"2026-09-26T12:27:53.681Z"}
{"apiBase":"http://localhost:5000/api","env":"development","health":"http://localhost:5000/health","level":"info","message":"Server started","port":"5000","timestamp":"2026-09-26T12:27:53.684Z","websockets":true}
{"level":"warn","message":"[REDIS] Could not reach Redis server. Caching disabled. Error:","timestamp":"2026-09-26T12:27:53.700Z"}
{"level":"info","message":"[ExchangeRates] ✅ Fetched fresh rates — USD: 0.3392, EUR: 0.2970","timestamp":"2026-09-26T12:27:53.862Z"}
{"level":"info","message":"Client connected to socket:","timestamp":"2026-09-26T12:27:54.271Z"}
{"hasAuthHeader":true,"hasCookie":true,"level":"debug","message":"auth check","requestId":"72283436-8f8c-4c22-bb2c-baeaeb9d0f66","timestamp":"2026-09-26T12:27:57.260Z"}
{"level":"http","message":"GET /api/notifications/unread-count 304 -b - 33.675 ms","requestId":"72283436-8f8c-4c22-bb2c-baeaeb9d0f66","timestamp":"2026-09-26T12:27:57.291Z"}
{"level":"error","message":"[EMAIL QUEUE] Error during queue processing cycle:","stack":"Error: \n    at AbortSignal.listener (C:\\Users\\LOOK IMMO\\Desktop\\lOOK-IMMO.TN\\Look-Immo-API\\node_modules\\@redis\\client\\lib\\client\\commands-queue.ts:297:19)\n    at AbortSignal.[nodejs.internal.kHybridDispatch] (node:internal/event_target:843:20)\n    at AbortSignal.dispatchEvent (node:internal/event_target:776:26)\n    at runAbort (node:internal/abort_controller:488:10)\n    at abortSignal (node:internal/abort_controller:459:3)\n    at Timeout._onTimeout (node:internal/abort_controller:152:7)\n    at listOnTimeout (node:internal/timers:605:17)\n    at processTimers (node:internal/timers:541:7)","timestamp":"2026-09-26T12:28:00.199Z"}
{"level":"error","message":"[ANALYTICS] Error flushing website visits buffer:","stack":"Error: \n    at AbortSignal.listener (C:\\Users\\LOOK IMMO\\Desktop\\lOOK-IMMO.TN\\Look-Immo-API\\node_modules\\@redis\\client\\lib\\client\\commands-queue.ts:297:19)\n    at AbortSignal.[nodejs.internal.kHybridDispatch] (node:internal/event_target:843:20)\n    at AbortSignal.dispatchEvent (node:internal/event_target:776:26)\n    at runAbort (node:internal/abort_controller:488:10)\n    at abortSignal (node:internal/abort_controller:459:3)\n    at Timeout._onTimeout (node:internal/abort_controller:152:7)\n    at listOnTimeout (node:internal/timers:605:17)\n    at processTimers (node:internal/timers:541:7)","timestamp":"2026-09-26T12:28:05.029Z"}
{"level":"error","message":"[EMAIL QUEUE] Error during queue processing cycle:","stack":"Error: \n    at AbortSignal.listener (C:\\Users\\LOOK IMMO\\Desktop\\lOOK-IMMO.TN\\Look-Immo-API\\node_modules\\@redis\\client\\lib\\client\\commands-queue.ts:297:19)\n    at AbortSignal.[nodejs.internal.kHybridDispatch] (node:internal/event_target:843:20)\n    at AbortSignal.dispatchEvent (node:internal/event_target:776:26)\n    at runAbort (node:internal/abort_controller:488:10)\n    at abortSignal (node:internal/abort_controller:459:3)\n    at Timeout._onTimeout (node:internal/abort_controller:152:7)\n    at listOnTimeout (node:internal/timers:605:17)\n    at processTimers (node:internal/timers:541:7)","timestamp":"2026-09-26T12:28:06.716Z"}
{"level":"error","message":"[EMAIL QUEUE] Error during queue processing cycle:","stack":"Error: \n    at AbortSignal.listener (C:\\Users\\LOOK IMMO\\Desktop\\lOOK-IMMO.TN\\Look-Immo-API\\node_modules\\@redis\\client\\lib\\client\\commands-queue.ts:297:19)\n    at AbortSignal.[nodejs.internal.kHybridDispatch] (node:internal/event_target:843:20)\n    at AbortSignal.dispatchEvent (node:internal/event_target:776:26)\n    at runAbort (node:internal/abort_controller:488:10)\n    at abortSignal (node:internal/abort_controller:459:3)\n    at Timeout._onTimeout (node:internal/abort_controller:152:7)\n    at listOnTimeout (node:internal/timers:605:17)\n    at processTimers (node:internal/timers:541:7)","timestamp":"2026-09-26T12:28:13.222Z"}
{"level":"error","message":"[EMAIL QUEUE] Error during queue processing cycle:","stack":"Error: \n    at AbortSignal.listener (C:\\Users\\LOOK IMMO\\Desktop\\lOOK-IMMO.TN\\Look-Immo-API\\node_modules\\@redis\\client\\lib\\client\\commands-queue.ts:297:19)\n    at AbortSignal.[nodejs.internal.kHybridDispatch] (node:internal/event_target:843:20)\n    at AbortSignal.dispatchEvent (node:internal/event_target:776:26)\n    at runAbort (node:internal/abort_controller:488:10)\n    at abortSignal (node:internal/abort_controller:459:3)\n    at Timeout._onTimeout (node:internal/abort_controller:152:7)\n    at listOnTimeout (node:internal/timers:605:17)\n    at processTimers (node:internal/timers:541:7)","timestamp":"2026-09-26T12:28:19.736Z"}
{"level":"info","message":"[BOOTSTRAP] Uploads root: C:\\Users\\LOOK IMMO\\Desktop\\lOOK-IMMO.TN\\Look-Immo-API\\uploads","timestamp":"2026-09-26T12:28:26.202Z"}
{"level":"info","message":"[ExchangeRates] Cron job scheduled (every hour). Initial fetch in progress...","timestamp":"2026-09-26T12:28:26.258Z"}
{"level":"info","message":"[EMAIL QUEUE] Background email queue worker started.","timestamp":"2026-09-26T12:28:26.260Z"}
{"apiBase":"http://localhost:5000/api","env":"development","health":"http://localhost:5000/health","level":"info","message":"Server started","port":"5000","timestamp":"2026-09-26T12:28:26.262Z","websockets":true}
{"level":"warn","message":"[REDIS] Could not reach Redis server. Caching disabled. Error:","timestamp":"2026-09-26T12:28:26.275Z"}
{"level":"info","message":"[ExchangeRates] ✅ Fetched fresh rates — USD: 0.3392, EUR: 0.2970","timestamp":"2026-09-26T12:28:26.462Z"}
{"level":"info","message":"[BOOTSTRAP] Uploads root: C:\\Users\\LOOK IMMO\\Desktop\\lOOK-IMMO.TN\\Look-Immo-API\\uploads","timestamp":"2026-09-26T12:28:30.901Z"}
{"level":"info","message":"[ExchangeRates] Cron job scheduled (every hour). Initial fetch in progress...","timestamp":"2026-09-26T12:28:30.961Z"}
{"level":"info","message":"[EMAIL QUEUE] Background email queue worker started.","timestamp":"2026-09-26T12:28:30.963Z"}
{"apiBase":"http://localhost:5000/api","env":"development","health":"http://localhost:5000/health","level":"info","message":"Server started","port":"5000","timestamp":"2026-09-26T12:28:30.965Z","websockets":true}
{"level":"warn","message":"[REDIS] Could not reach Redis server. Caching disabled. Error:","timestamp":"2026-09-26T12:28:30.982Z"}
{"level":"info","message":"[ExchangeRates] ✅ Fetched fresh rates — USD: 0.3392, EUR: 0.2970","timestamp":"2026-09-26T12:28:31.169Z"}
{"level":"info","message":"Client connected to socket:","timestamp":"2026-09-26T12:28:31.296Z"}
{"level":"error","message":"[EMAIL QUEUE] Error during queue processing cycle:","stack":"Error: \n    at AbortSignal.listener (C:\\Users\\LOOK IMMO\\Desktop\\lOOK-IMMO.TN\\Look-Immo-API\\node_modules\\@redis\\client\\lib\\client\\commands-queue.ts:297:19)\n    at AbortSignal.[nodejs.internal.kHybridDispatch] (node:internal/event_target:843:20)\n    at AbortSignal.dispatchEvent (node:internal/event_target:776:26)\n    at runAbort (node:internal/abort_controller:488:10)\n    at abortSignal (node:internal/abort_controller:459:3)\n    at Timeout._onTimeout (node:internal/abort_controller:152:7)\n    at listOnTimeout (node:internal/timers:605:17)\n    at processTimers (node:internal/timers:541:7)","timestamp":"2026-09-26T12:28:37.477Z"}
{"level":"error","message":"[EMAIL QUEUE] Error during queue processing cycle:","stack":"Error: \n    at AbortSignal.listener (C:\\Users\\LOOK IMMO\\Desktop\\lOOK-IMMO.TN\\Look-Immo-API\\node_modules\\@redis\\client\\lib\\client\\commands-queue.ts:297:19)\n    at AbortSignal.[nodejs.internal.kHybridDispatch] (node:internal/event_target:843:20)\n    at AbortSignal.dispatchEvent (node:internal/event_target:776:26)\n    at runAbort (node:internal/abort_controller:488:10)\n    at abortSignal (node:internal/abort_controller:459:3)\n    at Timeout._onTimeout (node:internal/abort_controller:152:7)\n    at listOnTimeout (node:internal/timers:605:17)\n    at processTimers (node:internal/timers:541:7)","timestamp":"2026-09-26T12:28:43.989Z"}
{"hasAuthHeader":true,"hasCookie":true,"level":"debug","message":"auth check","requestId":"c5aef9e9-7a87-4a7b-a020-7bdfcd407c47","timestamp":"2026-09-26T12:28:47.772Z"}
{"hasAuthHeader":true,"hasCookie":true,"level":"debug","message":"auth check","requestId":"0668218a-edf4-4dd1-90f9-a25abd07bc83","timestamp":"2026-09-26T12:28:47.775Z"}
{"hasAuthHeader":true,"hasCookie":true,"level":"debug","message":"auth check","requestId":"db1a3eb7-db9d-4b3b-bcd0-222c91f9cd90","timestamp":"2026-09-26T12:28:47.777Z"}
{"level":"http","message":"GET /api/appointments 304 -b - 47.810 ms","requestId":"c5aef9e9-7a87-4a7b-a020-7bdfcd407c47","timestamp":"2026-09-26T12:28:47.819Z"}
{"level":"http","message":"GET /api/users 304 -b - 49.237 ms","requestId":"0668218a-edf4-4dd1-90f9-a25abd07bc83","timestamp":"2026-09-26T12:28:47.824Z"}
{"level":"http","message":"GET /api/properties?noLimit=true 304 -b - 46.532 ms","requestId":"fea79d0a-aa16-4d1c-a263-807d56aa2440","timestamp":"2026-09-26T12:28:47.825Z"}
{"level":"http","message":"GET /api/blog?limit=1000 304 -b - 80.761 ms","requestId":"a2b67a16-738f-47a1-8c03-1326d3662c54","timestamp":"2026-09-26T12:28:47.843Z"}
{"level":"http","message":"GET /api/ratings 304 -b - 70.486 ms","requestId":"c959f104-43d3-4375-a921-59f248703133","timestamp":"2026-09-26T12:28:47.844Z"}
{"level":"http","message":"GET /api/messages 304 -b - 68.588 ms","requestId":"db1a3eb7-db9d-4b3b-bcd0-222c91f9cd90","timestamp":"2026-09-26T12:28:47.845Z"}
{"level":"error","message":"[EMAIL QUEUE] Error during queue processing cycle:","stack":"Error: \n    at AbortSignal.listener (C:\\Users\\LOOK IMMO\\Desktop\\lOOK-IMMO.TN\\Look-Immo-API\\node_modules\\@redis\\client\\lib\\client\\commands-queue.ts:297:19)\n    at AbortSignal.[nodejs.internal.kHybridDispatch] (node:internal/event_target:843:20)\n    at AbortSignal.dispatchEvent (node:internal/event_target:776:26)\n    at runAbort (node:internal/abort_controller:488:10)\n    at abortSignal (node:internal/abort_controller:459:3)\n    at Timeout._onTimeout (node:internal/abort_controller:152:7)\n    at listOnTimeout (node:internal/timers:605:17)\n    at processTimers (node:internal/timers:541:7)","timestamp":"2026-09-26T12:28:50.504Z"}
{"level":"error","message":"[EMAIL QUEUE] Error during queue processing cycle:","stack":"Error: \n    at AbortSignal.listener (C:\\Users\\LOOK IMMO\\Desktop\\lOOK-IMMO.TN\\Look-Immo-API\\node_modules\\@redis\\client\\lib\\client\\commands-queue.ts:297:19)\n    at AbortSignal.[nodejs.internal.kHybridDispatch] (node:internal/event_target:843:20)\n    at AbortSignal.dispatchEvent (node:internal/event_target:776:26)\n    at runAbort (node:internal/abort_controller:488:10)\n    at abortSignal (node:internal/abort_controller:459:3)\n    at Timeout._onTimeout (node:internal/abort_controller:152:7)\n    at listOnTimeout (node:internal/timers:605:17)\n    at processTimers (node:internal/timers:541:7)","timestamp":"2026-09-26T12:28:57.022Z"}
{"hasAuthHeader":true,"hasCookie":true,"level":"debug","message":"auth check","requestId":"95a95cd2-16c2-4669-b931-00979d08b571","timestamp":"2026-09-26T12:28:57.247Z"}
{"level":"http","message":"GET /api/notifications/unread-count 304 -b - 4.393 ms","requestId":"95a95cd2-16c2-4669-b931-00979d08b571","timestamp":"2026-09-26T12:28:57.251Z"}
{"level":"error","message":"[EMAIL QUEUE] Error during queue processing cycle:","stack":"Error: \n    at AbortSignal.listener (C:\\Users\\LOOK IMMO\\Desktop\\lOOK-IMMO.TN\\Look-Immo-API\\node_modules\\@redis\\client\\lib\\client\\commands-queue.ts:297:19)\n    at AbortSignal.[nodejs.internal.kHybridDispatch] (node:internal/event_target:843:20)\n    at AbortSignal.dispatchEvent (node:internal/event_target:776:26)\n    at runAbort (node:internal/abort_controller:488:10)\n    at abortSignal (node:internal/abort_controller:459:3)\n    at Timeout._onTimeout (node:internal/abort_controller:152:7)\n    at listOnTimeout (node:internal/timers:605:17)\n    at processTimers (node:internal/timers:541:7)","timestamp":"2026-09-26T12:29:03.544Z"}
{"level":"error","message":"[ANALYTICS] Error flushing website visits buffer:","stack":"Error: \n    at AbortSignal.listener (C:\\Users\\LOOK IMMO\\Desktop\\lOOK-IMMO.TN\\Look-Immo-API\\node_modules\\@redis\\client\\lib\\client\\commands-queue.ts:297:19)\n    at AbortSignal.[nodejs.internal.kHybridDispatch] (node:internal/event_target:843:20)\n    at AbortSignal.dispatchEvent (node:internal/event_target:776:26)\n    at runAbort (node:internal/abort_controller:488:10)\n    at abortSignal (node:internal/abort_controller:459:3)\n    at Timeout._onTimeout (node:internal/abort_controller:152:7)\n    at listOnTimeout (node:internal/timers:605:17)\n    at processTimers (node:internal/timers:541:7)","timestamp":"2026-09-26T12:29:05.026Z"}
{"level":"error","message":"[EMAIL QUEUE] Error during queue processing cycle:","stack":"Error: \n    at AbortSignal.listener (C:\\Users\\LOOK IMMO\\Desktop\\lOOK-IMMO.TN\\Look-Immo-API\\node_modules\\@redis\\client\\lib\\client\\commands-queue.ts:297:19)\n    at AbortSignal.[nodejs.internal.kHybridDispatch] (node:internal/event_target:843:20)\n    at AbortSignal.dispatchEvent (node:internal/event_target:776:26)\n    at runAbort (node:internal/abort_controller:488:10)\n    at abortSignal (node:internal/abort_controller:459:3)\n    at Timeout._onTimeout (node:internal/abort_controller:152:7)\n    at listOnTimeout (node:internal/timers:605:17)\n    at processTimers (node:internal/timers:541:7)","timestamp":"2026-09-26T12:29:10.069Z"}
{"level":"error","message":"[EMAIL QUEUE] Error during queue processing cycle:","stack":"Error: \n    at AbortSignal.listener (C:\\Users\\LOOK IMMO\\Desktop\\lOOK-IMMO.TN\\Look-Immo-API\\node_modules\\@redis\\client\\lib\\client\\commands-queue.ts:297:19)\n    at AbortSignal.[nodejs.internal.kHybridDispatch] (node:internal/event_target:843:20)\n    at AbortSignal.dispatchEvent (node:internal/event_target:776:26)\n    at runAbort (node:internal/abort_controller:488:10)\n    at abortSignal (node:internal/abort_controller:459:3)\n    at Timeout._onTimeout (node:internal/abort_controller:152:7)\n    at listOnTimeout (node:internal/timers:605:17)\n    at processTimers (node:internal/timers:541:7)","timestamp":"2026-09-26T12:29:16.587Z"}
{"level":"error","message":"[EMAIL QUEUE] Error during queue processing cycle:","stack":"Error: \n    at AbortSignal.listener (C:\\Users\\LOOK IMMO\\Desktop\\lOOK-IMMO.TN\\Look-Immo-API\\node_modules\\@redis\\client\\lib\\client\\commands-queue.ts:297:19)\n    at AbortSignal.[nodejs.internal.kHybridDispatch] (node:internal/event_target:843:20)\n    at AbortSignal.dispatchEvent (node:internal/event_target:776:26)\n    at runAbort (node:internal/abort_controller:488:10)\n    at abortSignal (node:internal/abort_controller:459:3)\n    at Timeout._onTimeout (node:internal/abort_controller:152:7)\n    at listOnTimeout (node:internal/timers:605:17)\n    at processTimers (node:internal/timers:541:7)","timestamp":"2026-09-26T12:29:23.107Z"}
{"hasAuthHeader":true,"hasCookie":true,"level":"debug","message":"auth check","requestId":"14c9b658-a7a6-4299-92b7-faf6100bd746","timestamp":"2026-09-26T12:29:24.190Z"}
{"hasAuthHeader":true,"hasCookie":true,"level":"debug","message":"auth check","requestId":"fe8ac935-d731-4216-988d-7bcc6bb09751","timestamp":"2026-09-26T12:29:24.191Z"}
{"level":"http","message":"GET /api/messages 304 -b - 4.333 ms","requestId":"fe8ac935-d731-4216-988d-7bcc6bb09751","timestamp":"2026-09-26T12:29:24.195Z"}
{"level":"http","message":"GET /api/appointments 304 -b - 7.713 ms","requestId":"14c9b658-a7a6-4299-92b7-faf6100bd746","timestamp":"2026-09-26T12:29:24.198Z"}
{"level":"http","message":"GET /api/blog?limit=1000 304 -b - 23.041 ms","requestId":"7716e603-798d-4c60-93c5-47f73a96a232","timestamp":"2026-09-26T12:29:24.211Z"}
{"level":"error","message":"[EMAIL QUEUE] Error during queue processing cycle:","stack":"Error: \n    at AbortSignal.listener (C:\\Users\\LOOK IMMO\\Desktop\\lOOK-IMMO.TN\\Look-Immo-API\\node_modules\\@redis\\client\\lib\\client\\commands-queue.ts:297:19)\n    at AbortSignal.[nodejs.internal.kHybridDispatch] (node:internal/event_target:843:20)\n    at AbortSignal.dispatchEvent (node:internal/event_target:776:26)\n    at runAbort (node:internal/abort_controller:488:10)\n    at abortSignal (node:internal/abort_controller:459:3)\n    at Timeout._onTimeout (node:internal/abort_controller:152:7)\n    at listOnTimeout (node:internal/timers:605:17)\n    at processTimers (node:internal/timers:541:7)","timestamp":"2026-09-26T12:29:29.622Z"}
{"level":"error","message":"[EMAIL QUEUE] Error during queue processing cycle:","stack":"Error: \n    at AbortSignal.listener (C:\\Users\\LOOK IMMO\\Desktop\\lOOK-IMMO.TN\\Look-Immo-API\\node_modules\\@redis\\client\\lib\\client\\commands-queue.ts:297:19)\n    at AbortSignal.[nodejs.internal.kHybridDispatch] (node:internal/event_target:843:20)\n    at AbortSignal.dispatchEvent (node:internal/event_target:776:26)\n    at runAbort (node:internal/abort_controller:488:10)\n    at abortSignal (node:internal/abort_controller:459:3)\n    at Timeout._onTimeout (node:internal/abort_controller:152:7)\n    at listOnTimeout (node:internal/timers:605:17)\n    at processTimers (node:internal/timers:541:7)","timestamp":"2026-09-26T12:29:36.146Z"}
{"level":"error","message":"[EMAIL QUEUE] Error during queue processing cycle:","stack":"Error: \n    at AbortSignal.listener (C:\\Users\\LOOK IMMO\\Desktop\\lOOK-IMMO.TN\\Look-Immo-API\\node_modules\\@redis\\client\\lib\\client\\commands-queue.ts:297:19)\n    at AbortSignal.[nodejs.internal.kHybridDispatch] (node:internal/event_target:843:20)\n    at AbortSignal.dispatchEvent (node:internal/event_target:776:26)\n    at runAbort (node:internal/abort_controller:488:10)\n    at abortSignal (node:internal/abort_controller:459:3)\n    at Timeout._onTimeout (node:internal/abort_controller:152:7)\n    at listOnTimeout (node:internal/timers:605:17)\n    at processTimers (node:internal/timers:541:7)","timestamp":"2026-09-26T12:29:42.652Z"}
{"level":"error","message":"[EMAIL QUEUE] Error during queue processing cycle:","stack":"Error: \n    at AbortSignal.listener (C:\\Users\\LOOK IMMO\\Desktop\\lOOK-IMMO.TN\\Look-Immo-API\\node_modules\\@redis\\client\\lib\\client\\commands-queue.ts:297:19)\n    at AbortSignal.[nodejs.internal.kHybridDispatch] (node:internal/event_target:843:20)\n    at AbortSignal.dispatchEvent (node:internal/event_target:776:26)\n    at runAbort (node:internal/abort_controller:488:10)\n    at abortSignal (node:internal/abort_controller:459:3)\n    at Timeout._onTimeout (node:internal/abort_controller:152:7)\n    at listOnTimeout (node:internal/timers:605:17)\n    at processTimers (node:internal/timers:541:7)","timestamp":"2026-09-26T12:29:49.170Z"}
{"level":"error","message":"[EMAIL QUEUE] Error during queue processing cycle:","stack":"Error: \n    at AbortSignal.listener (C:\\Users\\LOOK IMMO\\Desktop\\lOOK-IMMO.TN\\Look-Immo-API\\node_modules\\@redis\\client\\lib\\client\\commands-queue.ts:297:19)\n    at AbortSignal.[nodejs.internal.kHybridDispatch] (node:internal/event_target:843:20)\n    at AbortSignal.dispatchEvent (node:internal/event_target:776:26)\n    at runAbort (node:internal/abort_controller:488:10)\n    at abortSignal (node:internal/abort_controller:459:3)\n    at Timeout._onTimeout (node:internal/abort_controller:152:7)\n    at listOnTimeout (node:internal/timers:605:17)\n    at processTimers (node:internal/timers:541:7)","timestamp":"2026-09-26T12:29:55.683Z"}
{"hasAuthHeader":true,"hasCookie":true,"level":"debug","message":"auth check","requestId":"868a72bb-c1ff-4a8c-b6fb-05faf7859c4f","timestamp":"2026-09-26T12:29:57.260Z"}
{"level":"http","message":"GET /api/notifications/unread-count 304 -b - 3.022 ms","requestId":"868a72bb-c1ff-4a8c-b6fb-05faf7859c4f","timestamp":"2026-09-26T12:29:57.263Z"}
{"level":"info","message":"[BOOTSTRAP] Uploads root: C:\\Users\\LOOK IMMO\\Desktop\\lOOK-IMMO.TN\\Look-Immo-API\\uploads","timestamp":"2026-09-26T12:30:00.316Z"}
{"level":"info","message":"[ExchangeRates] Cron job scheduled (every hour). Initial fetch in progress...","timestamp":"2026-09-26T12:30:00.378Z"}
{"level":"info","message":"[EMAIL QUEUE] Background email queue worker started.","timestamp":"2026-09-26T12:30:00.379Z"}
{"apiBase":"http://localhost:5000/api","env":"development","health":"http://localhost:5000/health","level":"info","message":"Server started","port":"5000","timestamp":"2026-09-26T12:30:00.382Z","websockets":true}
{"level":"warn","message":"[REDIS] Could not reach Redis server. Caching disabled. Error:","timestamp":"2026-09-26T12:30:00.395Z"}
{"level":"info","message":"[ExchangeRates] ✅ Fetched fresh rates — USD: 0.3392, EUR: 0.2970","timestamp":"2026-09-26T12:30:00.577Z"}
{"level":"info","message":"Client connected to socket:","timestamp":"2026-09-26T12:30:01.271Z"}
{"level":"error","message":"[EMAIL QUEUE] Error during queue processing cycle:","stack":"Error: \n    at AbortSignal.listener (C:\\Users\\LOOK IMMO\\Desktop\\lOOK-IMMO.TN\\Look-Immo-API\\node_modules\\@redis\\client\\lib\\client\\commands-queue.ts:297:19)\n    at AbortSignal.[nodejs.internal.kHybridDispatch] (node:internal/event_target:843:20)\n    at AbortSignal.dispatchEvent (node:internal/event_target:776:26)\n    at runAbort (node:internal/abort_controller:488:10)\n    at abortSignal (node:internal/abort_controller:459:3)\n    at Timeout._onTimeout (node:internal/abort_controller:152:7)\n    at listOnTimeout (node:internal/timers:605:17)\n    at processTimers (node:internal/timers:541:7)","timestamp":"2026-09-26T12:30:06.893Z"}
{"level":"error","message":"[EMAIL QUEUE] Error during queue processing cycle:","stack":"Error: \n    at AbortSignal.listener (C:\\Users\\LOOK IMMO\\Desktop\\lOOK-IMMO.TN\\Look-Immo-API\\node_modules\\@redis\\client\\lib\\client\\commands-queue.ts:297:19)\n    at AbortSignal.[nodejs.internal.kHybridDispatch] (node:internal/event_target:843:20)\n    at AbortSignal.dispatchEvent (node:internal/event_target:776:26)\n    at runAbort (node:internal/abort_controller:488:10)\n    at abortSignal (node:internal/abort_controller:459:3)\n    at Timeout._onTimeout (node:internal/abort_controller:152:7)\n    at listOnTimeout (node:internal/timers:605:17)\n    at processTimers (node:internal/timers:541:7)","timestamp":"2026-09-26T12:30:13.407Z"}
{"level":"error","message":"[EMAIL QUEUE] Error during queue processing cycle:","stack":"Error: \n    at AbortSignal.listener (C:\\Users\\LOOK IMMO\\Desktop\\lOOK-IMMO.TN\\Look-Immo-API\\node_modules\\@redis\\client\\lib\\client\\commands-queue.ts:297:19)\n    at AbortSignal.[nodejs.internal.kHybridDispatch] (node:internal/event_target:843:20)\n    at AbortSignal.dispatchEvent (node:internal/event_target:776:26)\n    at runAbort (node:internal/abort_controller:488:10)\n    at abortSignal (node:internal/abort_controller:459:3)\n    at Timeout._onTimeout (node:internal/abort_controller:152:7)\n    at listOnTimeout (node:internal/timers:605:17)\n    at processTimers (node:internal/timers:541:7)","timestamp":"2026-09-26T12:30:19.919Z"}
{"level":"info","message":"[BOOTSTRAP] Uploads root: C:\\Users\\LOOK IMMO\\Desktop\\lOOK-IMMO.TN\\Look-Immo-API\\uploads","timestamp":"2026-09-26T12:30:27.774Z"}
{"level":"info","message":"[ExchangeRates] Cron job scheduled (every hour). Initial fetch in progress...","timestamp":"2026-09-26T12:30:27.825Z"}
{"level":"info","message":"[EMAIL QUEUE] Background email queue worker started.","timestamp":"2026-09-26T12:30:27.827Z"}
{"apiBase":"http://localhost:5000/api","env":"development","health":"http://localhost:5000/health","level":"info","message":"Server started","port":"5000","timestamp":"2026-09-26T12:30:27.829Z","websockets":true}
{"level":"warn","message":"[REDIS] Could not reach Redis server. Caching disabled. Error:","timestamp":"2026-09-26T12:30:27.843Z"}
{"level":"info","message":"[ExchangeRates] ✅ Fetched fresh rates — USD: 0.3392, EUR: 0.2970","timestamp":"2026-09-26T12:30:28.027Z"}
{"level":"info","message":"Client connected to socket:","timestamp":"2026-09-26T12:30:28.271Z"}
{"level":"error","message":"[EMAIL QUEUE] Error during queue processing cycle:","stack":"Error: \n    at AbortSignal.listener (C:\\Users\\LOOK IMMO\\Desktop\\lOOK-IMMO.TN\\Look-Immo-API\\node_modules\\@redis\\client\\lib\\client\\commands-queue.ts:297:19)\n    at AbortSignal.[nodejs.internal.kHybridDispatch] (node:internal/event_target:843:20)\n    at AbortSignal.dispatchEvent (node:internal/event_target:776:26)\n    at runAbort (node:internal/abort_controller:488:10)\n    at abortSignal (node:internal/abort_controller:459:3)\n    at Timeout._onTimeout (node:internal/abort_controller:152:7)\n    at listOnTimeout (node:internal/timers:605:17)\n    at processTimers (node:internal/timers:541:7)","timestamp":"2026-09-26T12:30:34.360Z"}
{"level":"error","message":"[EMAIL QUEUE] Error during queue processing cycle:","stack":"Error: \n    at AbortSignal.listener (C:\\Users\\LOOK IMMO\\Desktop\\lOOK-IMMO.TN\\Look-Immo-API\\node_modules\\@redis\\client\\lib\\client\\commands-queue.ts:297:19)\n    at AbortSignal.[nodejs.internal.kHybridDispatch] (node:internal/event_target:843:20)\n    at AbortSignal.dispatchEvent (node:internal/event_target:776:26)\n    at runAbort (node:internal/abort_controller:488:10)\n    at abortSignal (node:internal/abort_controller:459:3)\n    at Timeout._onTimeout (node:internal/abort_controller:152:7)\n    at listOnTimeout (node:internal/timers:605:17)\n    at processTimers (node:internal/timers:541:7)","timestamp":"2026-09-26T12:30:40.882Z"}
{"level":"error","message":"[EMAIL QUEUE] Error during queue processing cycle:","stack":"Error: \n    at AbortSignal.listener (C:\\Users\\LOOK IMMO\\Desktop\\lOOK-IMMO.TN\\Look-Immo-API\\node_modules\\@redis\\client\\lib\\client\\commands-queue.ts:297:19)\n    at AbortSignal.[nodejs.internal.kHybridDispatch] (node:internal/event_target:843:20)\n    at AbortSignal.dispatchEvent (node:internal/event_target:776:26)\n    at runAbort (node:internal/abort_controller:488:10)\n    at abortSignal (node:internal/abort_controller:459:3)\n    at Timeout._onTimeout (node:internal/abort_controller:152:7)\n    at listOnTimeout (node:internal/timers:605:17)\n    at processTimers (node:internal/timers:541:7)","timestamp":"2026-09-26T12:30:47.402Z"}
{"level":"info","message":"[BOOTSTRAP] Uploads root: C:\\Users\\LOOK IMMO\\Desktop\\lOOK-IMMO.TN\\Look-Immo-API\\uploads","timestamp":"2026-09-26T12:30:50.323Z"}
{"level":"info","message":"[ExchangeRates] Cron job scheduled (every hour). Initial fetch in progress...","timestamp":"2026-09-26T12:30:50.381Z"}
{"level":"info","message":"[EMAIL QUEUE] Background email queue worker started.","timestamp":"2026-09-26T12:30:50.382Z"}
{"apiBase":"http://localhost:5000/api","env":"development","health":"http://localhost:5000/health","level":"info","message":"Server started","port":"5000","timestamp":"2026-09-26T12:30:50.386Z","websockets":true}
{"level":"warn","message":"[REDIS] Could not reach Redis server. Caching disabled. Error:","timestamp":"2026-09-26T12:30:50.404Z"}
{"level":"info","message":"[ExchangeRates] ✅ Fetched fresh rates — USD: 0.3392, EUR: 0.2970","timestamp":"2026-09-26T12:30:50.581Z"}
{"level":"info","message":"Client connected to socket:","timestamp":"2026-09-26T12:30:54.269Z"}
{"level":"error","message":"[EMAIL QUEUE] Error during queue processing cycle:","stack":"Error: \n    at AbortSignal.listener (C:\\Users\\LOOK IMMO\\Desktop\\lOOK-IMMO.TN\\Look-Immo-API\\node_modules\\@redis\\client\\lib\\client\\commands-queue.ts:297:19)\n    at AbortSignal.[nodejs.internal.kHybridDispatch] (node:internal/event_target:843:20)\n    at AbortSignal.dispatchEvent (node:internal/event_target:776:26)\n    at runAbort (node:internal/abort_controller:488:10)\n    at abortSignal (node:internal/abort_controller:459:3)\n    at Timeout._onTimeout (node:internal/abort_controller:152:7)\n    at listOnTimeout (node:internal/timers:605:17)\n    at processTimers (node:internal/timers:541:7)","timestamp":"2026-09-26T12:30:56.918Z"}
{"level":"info","message":"[BOOTSTRAP] Uploads root: C:\\Users\\LOOK IMMO\\Desktop\\lOOK-IMMO.TN\\Look-Immo-API\\uploads","timestamp":"2026-09-26T12:31:03.930Z"}
{"level":"info","message":"[ExchangeRates] Cron job scheduled (every hour). Initial fetch in progress...","timestamp":"2026-09-26T12:31:03.984Z"}
{"level":"info","message":"[EMAIL QUEUE] Background email queue worker started.","timestamp":"2026-09-26T12:31:03.985Z"}
{"apiBase":"http://localhost:5000/api","env":"development","health":"http://localhost:5000/health","level":"info","message":"Server started","port":"5000","timestamp":"2026-09-26T12:31:03.988Z","websockets":true}
{"level":"warn","message":"[REDIS] Could not reach Redis server. Caching disabled. Error:","timestamp":"2026-09-26T12:31:04.001Z"}
{"level":"info","message":"[ExchangeRates] ✅ Fetched fresh rates — USD: 0.3392, EUR: 0.2970","timestamp":"2026-09-26T12:31:04.187Z"}
{"level":"info","message":"Client connected to socket:","timestamp":"2026-09-26T12:31:04.267Z"}
{"hasAuthHeader":true,"hasCookie":true,"level":"debug","message":"auth check","requestId":"c410f0e8-80dc-44f6-994d-2664bfb24111","timestamp":"2026-09-26T12:31:10.277Z"}
{"level":"http","message":"GET /api/notifications/unread-count 304 -b - 40.355 ms","requestId":"c410f0e8-80dc-44f6-994d-2664bfb24111","timestamp":"2026-09-26T12:31:10.313Z"}
{"level":"error","message":"[EMAIL QUEUE] Error during queue processing cycle:","stack":"Error: \n    at AbortSignal.listener (C:\\Users\\LOOK IMMO\\Desktop\\lOOK-IMMO.TN\\Look-Immo-API\\node_modules\\@redis\\client\\lib\\client\\commands-queue.ts:297:19)\n    at AbortSignal.[nodejs.internal.kHybridDispatch] (node:internal/event_target:843:20)\n    at AbortSignal.dispatchEvent (node:internal/event_target:776:26)\n    at runAbort (node:internal/abort_controller:488:10)\n    at abortSignal (node:internal/abort_controller:459:3)\n    at Timeout._onTimeout (node:internal/abort_controller:152:7)\n    at listOnTimeout (node:internal/timers:605:17)\n    at processTimers (node:internal/timers:541:7)","timestamp":"2026-09-26T12:31:10.509Z"}
{"level":"info","message":"[BOOTSTRAP] Uploads root: C:\\Users\\LOOK IMMO\\Desktop\\lOOK-IMMO.TN\\Look-Immo-API\\uploads","timestamp":"2026-09-26T12:31:13.220Z"}
{"level":"info","message":"[ExchangeRates] Cron job scheduled (every hour). Initial fetch in progress...","timestamp":"2026-09-26T12:31:13.276Z"}
{"level":"info","message":"[EMAIL QUEUE] Background email queue worker started.","timestamp":"2026-09-26T12:31:13.277Z"}
{"apiBase":"http://localhost:5000/api","env":"development","health":"http://localhost:5000/health","level":"info","message":"Server started","port":"5000","timestamp":"2026-09-26T12:31:13.279Z","websockets":true}
{"level":"warn","message":"[REDIS] Could not reach Redis server. Caching disabled. Error:","timestamp":"2026-09-26T12:31:13.295Z"}
{"level":"info","message":"[ExchangeRates] ✅ Fetched fresh rates — USD: 0.3392, EUR: 0.2970","timestamp":"2026-09-26T12:31:13.454Z"}
{"level":"info","message":"Client connected to socket:","timestamp":"2026-09-26T12:31:17.274Z"}
{"level":"error","message":"[EMAIL QUEUE] Error during queue processing cycle:","stack":"Error: \n    at AbortSignal.listener (C:\\Users\\LOOK IMMO\\Desktop\\lOOK-IMMO.TN\\Look-Immo-API\\node_modules\\@redis\\client\\lib\\client\\commands-queue.ts:297:19)\n    at AbortSignal.[nodejs.internal.kHybridDispatch] (node:internal/event_target:843:20)\n    at AbortSignal.dispatchEvent (node:internal/event_target:776:26)\n    at runAbort (node:internal/abort_controller:488:10)\n    at abortSignal (node:internal/abort_controller:459:3)\n    at Timeout._onTimeout (node:internal/abort_controller:152:7)\n    at listOnTimeout (node:internal/timers:605:17)\n    at processTimers (node:internal/timers:541:7)","timestamp":"2026-09-26T12:31:19.804Z"}
{"level":"info","message":"[BOOTSTRAP] Uploads root: C:\\Users\\LOOK IMMO\\Desktop\\lOOK-IMMO.TN\\Look-Immo-API\\uploads","timestamp":"2026-09-26T12:31:23.240Z"}
{"level":"info","message":"[ExchangeRates] Cron job scheduled (every hour). Initial fetch in progress...","timestamp":"2026-09-26T12:31:23.299Z"}
{"level":"info","message":"[EMAIL QUEUE] Background email queue worker started.","timestamp":"2026-09-26T12:31:23.301Z"}
{"apiBase":"http://localhost:5000/api","env":"development","health":"http://localhost:5000/health","level":"info","message":"Server started","port":"5000","timestamp":"2026-09-26T12:31:23.303Z","websockets":true}
{"level":"warn","message":"[REDIS] Could not reach Redis server. Caching disabled. Error:","timestamp":"2026-09-26T12:31:23.325Z"}
{"level":"info","message":"[ExchangeRates] ✅ Fetched fresh rates — USD: 0.3392, EUR: 0.2970","timestamp":"2026-09-26T12:31:23.501Z"}
{"level":"info","message":"Client connected to socket:","timestamp":"2026-09-26T12:31:24.276Z"}
{"level":"error","message":"[EMAIL QUEUE] Error during queue processing cycle:","stack":"Error: \n    at AbortSignal.listener (C:\\Users\\LOOK IMMO\\Desktop\\lOOK-IMMO.TN\\Look-Immo-API\\node_modules\\@redis\\client\\lib\\client\\commands-queue.ts:297:19)\n    at AbortSignal.[nodejs.internal.kHybridDispatch] (node:internal/event_target:843:20)\n    at AbortSignal.dispatchEvent (node:internal/event_target:776:26)\n    at runAbort (node:internal/abort_controller:488:10)\n    at abortSignal (node:internal/abort_controller:459:3)\n    at Timeout._onTimeout (node:internal/abort_controller:152:7)\n    at listOnTimeout (node:internal/timers:605:17)\n    at processTimers (node:internal/timers:541:7)","timestamp":"2026-09-26T12:31:29.831Z"}
{"level":"error","message":"[EMAIL QUEUE] Error during queue processing cycle:","stack":"Error: \n    at AbortSignal.listener (C:\\Users\\LOOK IMMO\\Desktop\\lOOK-IMMO.TN\\Look-Immo-API\\node_modules\\@redis\\client\\lib\\client\\commands-queue.ts:297:19)\n    at AbortSignal.[nodejs.internal.kHybridDispatch] (node:internal/event_target:843:20)\n    at AbortSignal.dispatchEvent (node:internal/event_target:776:26)\n    at runAbort (node:internal/abort_controller:488:10)\n    at abortSignal (node:internal/abort_controller:459:3)\n    at Timeout._onTimeout (node:internal/abort_controller:152:7)\n    at listOnTimeout (node:internal/timers:605:17)\n    at processTimers (node:internal/timers:541:7)","timestamp":"2026-09-26T12:31:36.344Z"}
{"level":"info","message":"[BOOTSTRAP] Uploads root: C:\\Users\\LOOK IMMO\\Desktop\\lOOK-IMMO.TN\\Look-Immo-API\\uploads","timestamp":"2026-09-26T12:31:38.833Z"}
{"level":"info","message":"[ExchangeRates] Cron job scheduled (every hour). Initial fetch in progress...","timestamp":"2026-09-26T12:31:38.889Z"}
{"level":"info","message":"[EMAIL QUEUE] Background email queue worker started.","timestamp":"2026-09-26T12:31:38.891Z"}
{"apiBase":"http://localhost:5000/api","env":"development","health":"http://localhost:5000/health","level":"info","message":"Server started","port":"5000","timestamp":"2026-09-26T12:31:38.893Z","websockets":true}
{"level":"warn","message":"[REDIS] Could not reach Redis server. Caching disabled. Error:","timestamp":"2026-09-26T12:31:38.907Z"}
{"level":"info","message":"[ExchangeRates] ✅ Fetched fresh rates — USD: 0.3392, EUR: 0.2970","timestamp":"2026-09-26T12:31:39.098Z"}
{"level":"info","message":"Client connected to socket:","timestamp":"2026-09-26T12:31:40.263Z"}
{"level":"error","message":"[EMAIL QUEUE] Error during queue processing cycle:","stack":"Error: \n    at AbortSignal.listener (C:\\Users\\LOOK IMMO\\Desktop\\lOOK-IMMO.TN\\Look-Immo-API\\node_modules\\@redis\\client\\lib\\client\\commands-queue.ts:297:19)\n    at AbortSignal.[nodejs.internal.kHybridDispatch] (node:internal/event_target:843:20)\n    at AbortSignal.dispatchEvent (node:internal/event_target:776:26)\n    at runAbort (node:internal/abort_controller:488:10)\n    at abortSignal (node:internal/abort_controller:459:3)\n    at Timeout._onTimeout (node:internal/abort_controller:152:7)\n    at listOnTimeout (node:internal/timers:605:17)\n    at processTimers (node:internal/timers:541:7)","timestamp":"2026-09-26T12:31:45.412Z"}
{"level":"info","message":"[BOOTSTRAP] Uploads root: C:\\Users\\LOOK IMMO\\Desktop\\lOOK-IMMO.TN\\Look-Immo-API\\uploads","timestamp":"2026-09-26T12:31:47.745Z"}
{"level":"info","message":"[ExchangeRates] Cron job scheduled (every hour). Initial fetch in progress...","timestamp":"2026-09-26T12:31:47.810Z"}
{"level":"info","message":"[EMAIL QUEUE] Background email queue worker started.","timestamp":"2026-09-26T12:31:47.811Z"}
{"apiBase":"http://localhost:5000/api","env":"development","health":"http://localhost:5000/health","level":"info","message":"Server started","port":"5000","timestamp":"2026-09-26T12:31:47.814Z","websockets":true}
{"level":"warn","message":"[REDIS] Could not reach Redis server. Caching disabled. Error:","timestamp":"2026-09-26T12:31:47.828Z"}
{"level":"info","message":"[ExchangeRates] ✅ Fetched fresh rates — USD: 0.3392, EUR: 0.2970","timestamp":"2026-09-26T12:31:48.016Z"}
{"level":"info","message":"Client connected to socket:","timestamp":"2026-09-26T12:31:48.279Z"}
{"level":"error","message":"[EMAIL QUEUE] Error during queue processing cycle:","stack":"Error: \n    at AbortSignal.listener (C:\\Users\\LOOK IMMO\\Desktop\\lOOK-IMMO.TN\\Look-Immo-API\\node_modules\\@redis\\client\\lib\\client\\commands-queue.ts:297:19)\n    at AbortSignal.[nodejs.internal.kHybridDispatch] (node:internal/event_target:843:20)\n    at AbortSignal.dispatchEvent (node:internal/event_target:776:26)\n    at runAbort (node:internal/abort_controller:488:10)\n    at abortSignal (node:internal/abort_controller:459:3)\n    at Timeout._onTimeout (node:internal/abort_controller:152:7)\n    at listOnTimeout (node:internal/timers:605:17)\n    at processTimers (node:internal/timers:541:7)","timestamp":"2026-09-26T12:31:54.333Z"}
{"level":"error","message":"[EMAIL QUEUE] Error during queue processing cycle:","stack":"Error: \n    at AbortSignal.listener (C:\\Users\\LOOK IMMO\\Desktop\\lOOK-IMMO.TN\\Look-Immo-API\\node_modules\\@redis\\client\\lib\\client\\commands-queue.ts:297:19)\n    at AbortSignal.[nodejs.internal.kHybridDispatch] (node:internal/event_target:843:20)\n    at AbortSignal.dispatchEvent (node:internal/event_target:776:26)\n    at runAbort (node:internal/abort_controller:488:10)\n    at abortSignal (node:internal/abort_controller:459:3)\n    at Timeout._onTimeout (node:internal/abort_controller:152:7)\n    at listOnTimeout (node:internal/timers:605:17)\n    at processTimers (node:internal/timers:541:7)","timestamp":"2026-09-26T12:32:00.846Z"}
{"level":"error","message":"[ANALYTICS] Error flushing website visits buffer:","stack":"Error: \n    at AbortSignal.listener (C:\\Users\\LOOK IMMO\\Desktop\\lOOK-IMMO.TN\\Look-Immo-API\\node_modules\\@redis\\client\\lib\\client\\commands-queue.ts:297:19)\n    at AbortSignal.[nodejs.internal.kHybridDispatch] (node:internal/event_target:843:20)\n    at AbortSignal.dispatchEvent (node:internal/event_target:776:26)\n    at runAbort (node:internal/abort_controller:488:10)\n    at abortSignal (node:internal/abort_controller:459:3)\n    at Timeout._onTimeout (node:internal/abort_controller:152:7)\n    at listOnTimeout (node:internal/timers:605:17)\n    at processTimers (node:internal/timers:541:7)","timestamp":"2026-09-26T12:32:05.031Z"}
{"level":"error","message":"[EMAIL QUEUE] Error during queue processing cycle:","stack":"Error: \n    at AbortSignal.listener (C:\\Users\\LOOK IMMO\\Desktop\\lOOK-IMMO.TN\\Look-Immo-API\\node_modules\\@redis\\client\\lib\\client\\commands-queue.ts:297:19)\n    at AbortSignal.[nodejs.internal.kHybridDispatch] (node:internal/event_target:843:20)\n    at AbortSignal.dispatchEvent (node:internal/event_target:776:26)\n    at runAbort (node:internal/abort_controller:488:10)\n    at abortSignal (node:internal/abort_controller:459:3)\n    at Timeout._onTimeout (node:internal/abort_controller:152:7)\n    at listOnTimeout (node:internal/timers:605:17)\n    at processTimers (node:internal/timers:541:7)","timestamp":"2026-09-26T12:32:07.357Z"}
{"hasAuthHeader":true,"hasCookie":true,"level":"debug","message":"auth check","requestId":"36220463-88fe-4add-853c-02086b39d98f","timestamp":"2026-09-26T12:32:10.348Z"}
{"level":"http","message":"GET /api/notifications/unread-count 304 -b - 86.659 ms","requestId":"36220463-88fe-4add-853c-02086b39d98f","timestamp":"2026-09-26T12:32:10.433Z"}
{"level":"debug","message":"[EMAIL QUEUE] Enqueued job email-1790425933350-ylmv0sx for client@example.com","timestamp":"2026-09-26T12:32:13.354Z"}
{"level":"info","message":"[EMAIL QUEUE] Job email-123 delivered to user@example.com (attempt 1/3)","timestamp":"2026-09-26T12:32:13.360Z"}
{"level":"warn","message":"[EMAIL QUEUE] Job email-456 delivery failed (attempt 1/3): SMTP Connection timeout","stack":"Error: SMTP Connection timeout\n    at Object.<anonymous> (C:\\Users\\LOOK IMMO\\Desktop\\lOOK-IMMO.TN\\Look-Immo-API\\src\\core\\email\\emailQueue.test.ts:116:78)\n    at Promise.finally.completed (C:\\Users\\LOOK IMMO\\Desktop\\lOOK-IMMO.TN\\Look-Immo-API\\node_modules\\jest-circus\\build\\jestAdapterInit.js:1561:28)\n    at new Promise (<anonymous>)\n    at callAsyncCircusFn (C:\\Users\\LOOK IMMO\\Desktop\\lOOK-IMMO.TN\\Look-Immo-API\\node_modules\\jest-circus\\build\\jestAdapterInit.js:1501:10)\n    at _callCircusTest (C:\\Users\\LOOK IMMO\\Desktop\\lOOK-IMMO.TN\\Look-Immo-API\\node_modules\\jest-circus\\build\\jestAdapterInit.js:1011:40)\n    at _runTest (C:\\Users\\LOOK IMMO\\Desktop\\lOOK-IMMO.TN\\Look-Immo-API\\node_modules\\jest-circus\\build\\jestAdapterInit.js:951:3)\n    at C:\\Users\\LOOK IMMO\\Desktop\\lOOK-IMMO.TN\\Look-Immo-API\\node_modules\\jest-circus\\build\\jestAdapterInit.js:853:7\n    at _runTestsForDescribeBlock (C:\\Users\\LOOK IMMO\\Desktop\\lOOK-IMMO.TN\\Look-Immo-API\\node_modules\\jest-circus\\build\\jestAdapterInit.js:866:11)\n    at _runTestsForDescribeBlock (C:\\Users\\LOOK IMMO\\Desktop\\lOOK-IMMO.TN\\Look-Immo-API\\node_modules\\jest-circus\\build\\jestAdapterInit.js:861:11)\n    at _runTestsForDescribeBlock (C:\\Users\\LOOK IMMO\\Desktop\\lOOK-IMMO.TN\\Look-Immo-API\\node_modules\\jest-circus\\build\\jestAdapterInit.js:861:11)\n    at run (C:\\Users\\LOOK IMMO\\Desktop\\lOOK-IMMO.TN\\Look-Immo-API\\node_modules\\jest-circus\\build\\jestAdapterInit.js:765:3)\n    at runAndTransformResultsToJestFormat (C:\\Users\\LOOK IMMO\\Desktop\\lOOK-IMMO.TN\\Look-Immo-API\\node_modules\\jest-circus\\build\\jestAdapterInit.js:1993:21)\n    at jestAdapter (C:\\Users\\LOOK IMMO\\Desktop\\lOOK-IMMO.TN\\Look-Immo-API\\node_modules\\jest-circus\\build\\runner.js:111:19)\n    at runTestInternal (C:\\Users\\LOOK IMMO\\Desktop\\lOOK-IMMO.TN\\Look-Immo-API\\node_modules\\jest-runner\\build\\testWorker.js:276:16)\n    at runTest (C:\\Users\\LOOK IMMO\\Desktop\\lOOK-IMMO.TN\\Look-Immo-API\\node_modules\\jest-runner\\build\\testWorker.js:344:7)\n    at Object.worker (C:\\Users\\LOOK IMMO\\Desktop\\lOOK-IMMO.TN\\Look-Immo-API\\node_modules\\jest-runner\\build\\testWorker.js:498:12)","timestamp":"2026-09-26T12:32:13.372Z"}
{"level":"warn","message":"[EMAIL QUEUE] Job email-789 delivery failed (attempt 3/3): 550 User not found","stack":"Error: 550 User not found\n    at Object.<anonymous> (C:\\Users\\LOOK IMMO\\Desktop\\lOOK-IMMO.TN\\Look-Immo-API\\src\\core\\email\\emailQueue.test.ts:142:78)\n    at Promise.finally.completed (C:\\Users\\LOOK IMMO\\Desktop\\lOOK-IMMO.TN\\Look-Immo-API\\node_modules\\jest-circus\\build\\jestAdapterInit.js:1561:28)\n    at new Promise (<anonymous>)\n    at callAsyncCircusFn (C:\\Users\\LOOK IMMO\\Desktop\\lOOK-IMMO.TN\\Look-Immo-API\\node_modules\\jest-circus\\build\\jestAdapterInit.js:1501:10)\n    at _callCircusTest (C:\\Users\\LOOK IMMO\\Desktop\\lOOK-IMMO.TN\\Look-Immo-API\\node_modules\\jest-circus\\build\\jestAdapterInit.js:1011:40)\n    at _runTest (C:\\Users\\LOOK IMMO\\Desktop\\lOOK-IMMO.TN\\Look-Immo-API\\node_modules\\jest-circus\\build\\jestAdapterInit.js:951:3)\n    at C:\\Users\\LOOK IMMO\\Desktop\\lOOK-IMMO.TN\\Look-Immo-API\\node_modules\\jest-circus\\build\\jestAdapterInit.js:853:7\n    at _runTestsForDescribeBlock (C:\\Users\\LOOK IMMO\\Desktop\\lOOK-IMMO.TN\\Look-Immo-API\\node_modules\\jest-circus\\build\\jestAdapterInit.js:866:11)\n    at _runTestsForDescribeBlock (C:\\Users\\LOOK IMMO\\Desktop\\lOOK-IMMO.TN\\Look-Immo-API\\node_modules\\jest-circus\\build\\jestAdapterInit.js:861:11)\n    at _runTestsForDescribeBlock (C:\\Users\\LOOK IMMO\\Desktop\\lOOK-IMMO.TN\\Look-Immo-API\\node_modules\\jest-circus\\build\\jestAdapterInit.js:861:11)\n    at run (C:\\Users\\LOOK IMMO\\Desktop\\lOOK-IMMO.TN\\Look-Immo-API\\node_modules\\jest-circus\\build\\jestAdapterInit.js:765:3)\n    at runAndTransformResultsToJestFormat (C:\\Users\\LOOK IMMO\\Desktop\\lOOK-IMMO.TN\\Look-Immo-API\\node_modules\\jest-circus\\build\\jestAdapterInit.js:1993:21)\n    at jestAdapter (C:\\Users\\LOOK IMMO\\Desktop\\lOOK-IMMO.TN\\Look-Immo-API\\node_modules\\jest-circus\\build\\runner.js:111:19)\n    at runTestInternal (C:\\Users\\LOOK IMMO\\Desktop\\lOOK-IMMO.TN\\Look-Immo-API\\node_modules\\jest-runner\\build\\testWorker.js:276:16)\n    at runTest (C:\\Users\\LOOK IMMO\\Desktop\\lOOK-IMMO.TN\\Look-Immo-API\\node_modules\\jest-runner\\build\\testWorker.js:344:7)\n    at Object.worker (C:\\Users\\LOOK IMMO\\Desktop\\lOOK-IMMO.TN\\Look-Immo-API\\node_modules\\jest-runner\\build\\testWorker.js:498:12)","timestamp":"2026-09-26T12:32:13.374Z"}
{"level":"error","message":"[EMAIL QUEUE] Job email-789 exhausted max retries (3). Moved to dead-letter queue.","timestamp":"2026-09-26T12:32:13.375Z"}
{"level":"info","message":"[BOOTSTRAP] Uploads root: C:\\Users\\LOOK IMMO\\Desktop\\lOOK-IMMO.TN\\Look-Immo-API\\uploads","timestamp":"2026-09-26T12:32:13.526Z"}
{"level":"debug","message":"[ANALYTICS] Flushed 2 visits to database.","timestamp":"2026-09-26T12:32:13.681Z"}
{"level":"error","message":"[EMAIL QUEUE] Error during queue processing cycle:","stack":"Error: \n    at AbortSignal.listener (C:\\Users\\LOOK IMMO\\Desktop\\lOOK-IMMO.TN\\Look-Immo-API\\node_modules\\@redis\\client\\lib\\client\\commands-queue.ts:297:19)\n    at AbortSignal.[nodejs.internal.kHybridDispatch] (node:internal/event_target:843:20)\n    at AbortSignal.dispatchEvent (node:internal/event_target:776:26)\n    at runAbort (node:internal/abort_controller:488:10)\n    at abortSignal (node:internal/abort_controller:459:3)\n    at Timeout._onTimeout (node:internal/abort_controller:152:7)\n    at listOnTimeout (node:internal/timers:605:17)\n    at processTimers (node:internal/timers:541:7)","timestamp":"2026-09-26T12:32:13.867Z"}
{"level":"info","message":"[AUDIT] Password reset successfully for user: test@example.com","timestamp":"2026-09-26T12:32:15.688Z"}
